Órgão Sup UResp Compra ID,Órgão Vinc UResp Compra DESC,Órgão UResp Compra ID,Órgão UResp Compra DESC,Cod UResp Compra DESC,Cod UResp Compra NOME,UF UResp Compra DESC,Municipio UResp Compra DESC,Número Processo Compra DESC,Modalidade Compra DESC,Identif Compra DESC,Tipo Licitação DESC,Inciso Disp Legal DESC,Forma Compra DESC,Objeto Compra DESC,Ano Resultado Compra DESC,Dia Abert Sessão Publ ID,Sit Atual Compra DESC,Existência Result Compra DESC,Dia Homologação Compra ID,Sub-rogação Compra DESC,Valor Total Homologado
26000,MINISTERIO DA EDUCACAO,26421,"INST.FED.DE EDUC.,CIENC.E TEC. DE RONDONIA",158148,"INST.FED.DE EDUC.,CIENC.E TEC.DE RONDONIA",RO,PORTO VELHO,23243003319201958,Pregão,15814805000012019,Não se Aplica,NAO SE APLICA,SISRP,Objeto: Pregão Eletrônico -  Contratação de empresa especializada em Certificação Digital A3.,2019,14/3/2019,Evento de Resultado de Julgamento Publicado,Existe Resultado de Compra,14/3/2019,Não Subrogou Compra,"61.920,00"
26000,MINISTERIO DA EDUCACAO,26421,"INST.FED.DE EDUC.,CIENC.E TEC. DE RONDONIA",158148,"INST.FED.DE EDUC.,CIENC.E TEC.DE RONDONIA",RO,PORTO VELHO,23243023507201811,Pregão,15814805000022019,Não se Aplica,NAO SE APLICA,SISRP,"Objeto: Pregão Eletrônico -  Aquisição de materiais esportivos para subsidiar o projeto autodenominado ""DELAS"" do IFRO.",2019,5/4/2019,Evento de Resultado de Julgamento Publicado,Existe Resultado de Compra,5/4/2019,Não Subrogou Compra,"134.445,38"
26000,MINISTERIO DA EDUCACAO,26421,"INST.FED.DE EDUC.,CIENC.E TEC. DE RONDONIA",158148,"INST.FED.DE EDUC.,CIENC.E TEC.DE RONDONIA",RO,PORTO VELHO,23243003830201950,Pregão,15814805000042019,Não se Aplica,NAO SE APLICA,SISRP,"Objeto: Pregão Eletrônico -  Aquisição de material de divulgação institucional, conforme condições, quantidades e exigências estabelecidas nas especificações detalhadas ao documento Anexo A - Especificações detalhadas e no Termo de Referência para atender o IFRO.",2019,21/5/2019,Evento de Resultado de Julgamento Publicado,Existe Resultado de Compra,13/6/2019,Não Subrogou Compra,"1.187.263,97"
26000,MINISTERIO DA EDUCACAO,26421,"INST.FED.DE EDUC.,CIENC.E TEC. DE RONDONIA",158148,"INST.FED.DE EDUC.,CIENC.E TEC.DE RONDONIA",RO,PORTO VELHO,23243005199201842,Pregão,15814805000052019,Não se Aplica,NAO SE APLICA,SISRP,"Objeto: Pregão Eletrônico -  Contratação de empresa especializada para prestação continuada de serviços de licença de acesso à plataforma online de biblioteca virtual, para atender aos cursos ofertados pelos campi e polos EaD do IFRO, pelo período de 12 (doze) meses, admitida a prorrogação nos termos da lei, conforme condições e exigências estabelecidas no Termo de Referência.",2019,10/6/2019,Evento de Resultado de Julgamento Publicado,Existe Resultado de Compra,10/6/2019,Não Subrogou Compra,"50.220,00"
26000,MINISTERIO DA EDUCACAO,26421,"INST.FED.DE EDUC.,CIENC.E TEC. DE RONDONIA",158148,"INST.FED.DE EDUC.,CIENC.E TEC.DE RONDONIA",RO,PORTO VELHO,23243004048201958,Pregão,15814805000062019,Não se Aplica,NAO SE APLICA,SISRP,"Objeto: Pregão Eletrônico -  Contratação de empresa especializada na prestação continuada de serviço de atendimento a pessoas com necessidades especiais, para atender os alunos do Instituto Federal de Educação, Ciência e Tecnologia de Rondônia - IFRO, pelo período de 12 (doze) meses, admitida a prorrogação nos termos da lei.",2019,2/8/2019,Evento de Resultado de Julgamento Publicado,Existe Resultado de Compra,21/8/2019,Não Subrogou Compra,"5.018.931,00"
26000,MINISTERIO DA EDUCACAO,26421,"INST.FED.DE EDUC.,CIENC.E TEC. DE RONDONIA",158148,"INST.FED.DE EDUC.,CIENC.E TEC.DE RONDONIA",RO,PORTO VELHO,23243010977201815,Pregão,15814805000072019,Não se Aplica,NAO SE APLICA,SISRP,Objeto: Pregão Eletrônico -  Aquisição de equipamentos e softwares de Datacenter (Hiperconvergência) para suprir as demandas do Instituto Federal de Rondônia - IFRO e do Instituto Federal do Mato Grosso - IFMT.,2019,14/8/2019,Evento de Resultado de Julgamento Publicado,Existe Resultado de Compra,4/9/2019,Não Subrogou Compra,"4.421.412,26"
26000,MINISTERIO DA EDUCACAO,26421,"INST.FED.DE EDUC.,CIENC.E TEC. DE RONDONIA",158148,"INST.FED.DE EDUC.,CIENC.E TEC.DE RONDONIA",RO,PORTO VELHO,23243017721201839,Pregão,15814805000092019,Não se Aplica,NAO SE APLICA,SISRP,"Objeto: Pregão Eletrônico -  Contratação de empresa especializada na prestação de serviços de outddor e busdoor para atender o Instituto Federal de Educação, Ciência e Tecnologia de Rondônia-IFRO, conforme condições, quantidades e exigências estabelecidas neste Edital e seus anexos.",2019,21/10/2019,Publicado,Existe Resultado de Compra,22/10/2019,Não Subrogou Compra,"182.349,68"
26000,MINISTERIO DA EDUCACAO,26421,"INST.FED.DE EDUC.,CIENC.E TEC. DE RONDONIA",158148,"INST.FED.DE EDUC.,CIENC.E TEC.DE RONDONIA",RO,PORTO VELHO,23243003326201950,Inexigibilidade de Licitação,15814807000012019,Não se Aplica,CAPUT,SISPP,"Objeto: O objeto da contratação é a prestação de serviços, de publicação no Diário Oficial da União de atos oficiais e demais matérias de interesse do(a) CONTRATANTE, conforme estabelecido no Decreto nº 9.215, de 29/11/2017, combinado com a Portaria nº 283, de 2/10/2018,  alterações posteriores e demais cominações legais",2019,1/1/1900,Publicado,Existe Resultado de Compra,1/1/1900,Subrogou Compra,"59.472,00"
26000,MINISTERIO DA EDUCACAO,26421,"INST.FED.DE EDUC.,CIENC.E TEC. DE RONDONIA",158148,"INST.FED.DE EDUC.,CIENC.E TEC.DE RONDONIA",RO,PORTO VELHO,23243004716201947,Dispensa de Licitação,15814806000012019,Não se Aplica,INCISO II,SISPP,"Objeto: Contratação de empresa especializada para o fornecimento de carga de Gás Liquefeito de Petróleo - GLP (13Kg) - de acordo com as normas atuais da Agência Nacional do Petróleo   ANP - para atender a Reitoria do Instituto Federal de Rondônia (IFRO), no ano de 2019.",2019,1/1/1900,Encerrado,Existe Resultado de Compra,1/1/1900,Não Subrogou Compra,960
26000,MINISTERIO DA EDUCACAO,26421,"INST.FED.DE EDUC.,CIENC.E TEC. DE RONDONIA",158148,"INST.FED.DE EDUC.,CIENC.E TEC.DE RONDONIA",RO,PORTO VELHO,23243005701201904,Inexigibilidade de Licitação,15814807000022019,Não se Aplica,INCISO II,SISPP,Objeto: Participação de servidores no 3º Congresso Brasileiro de Boas Práticas em Contratos e Compras Públicas.,2019,1/1/1900,Encerrado,Existe Resultado de Compra,1/1/1900,Não Subrogou Compra,"6.000,00"
26000,MINISTERIO DA EDUCACAO,26421,"INST.FED.DE EDUC.,CIENC.E TEC. DE RONDONIA",158148,"INST.FED.DE EDUC.,CIENC.E TEC.DE RONDONIA",RO,PORTO VELHO,23243007621201985,Inexigibilidade de Licitação,15814807000032019,Não se Aplica,INCISO II,SISPP,"Objeto: Participação de servidora na conferência da Faubai 2019 ""Global Community Engagement"".",2019,1/1/1900,Encerrado,Existe Resultado de Compra,1/1/1900,Não Subrogou Compra,"1.840,00"
26000,MINISTERIO DA EDUCACAO,26421,"INST.FED.DE EDUC.,CIENC.E TEC. DE RONDONIA",158148,"INST.FED.DE EDUC.,CIENC.E TEC.DE RONDONIA",RO,PORTO VELHO,23243004903201921,Dispensa de Licitação,15814806000022019,Não se Aplica,INCISO II,SISPP,Objeto: Aquisição de suprimentos para impressoras (toner) para atender a Reitoria do Instituto Federal de Rondônia (IFRO).,2019,1/1/1900,Encerrado,Existe Resultado de Compra,1/1/1900,Não Subrogou Compra,"10.828,82"
26000,MINISTERIO DA EDUCACAO,26421,"INST.FED.DE EDUC.,CIENC.E TEC. DE RONDONIA",158148,"INST.FED.DE EDUC.,CIENC.E TEC.DE RONDONIA",RO,PORTO VELHO,23243007258201906,Dispensa de Licitação,15814806000032019,Não se Aplica,INCISO II,SISPP,Objeto: Aquisição de materiais eletroeletrônicos para atender o IFRO.,2019,1/1/1900,Encerrado,Existe Resultado de Compra,1/1/1900,Não Subrogou Compra,"4.173,36"
26000,MINISTERIO DA EDUCACAO,26421,"INST.FED.DE EDUC.,CIENC.E TEC. DE RONDONIA",158148,"INST.FED.DE EDUC.,CIENC.E TEC.DE RONDONIA",RO,PORTO VELHO,23243007256201917,Dispensa de Licitação,15814806000042019,Não se Aplica,INCISO I,SISPP,"Objeto: Contratação de empresa especializada em serviços de elaboração de projetos de engenharia, especialidade projetos elétricos, para atender a demanda do IFRO.",2019,1/1/1900,Encerrado,Existe Resultado de Compra,1/1/1900,Não Subrogou Compra,"15.000,00"
26000,MINISTERIO DA EDUCACAO,26421,"INST.FED.DE EDUC.,CIENC.E TEC. DE RONDONIA",158148,"INST.FED.DE EDUC.,CIENC.E TEC.DE RONDONIA",RO,PORTO VELHO,23243006780201962,Dispensa de Licitação,15814806000052019,Não se Aplica,INCISO II,SISPP,Objeto: Contratação de empresa especializada em limpeza de terreno da Reitoria do IFRO.,2019,1/1/1900,Encerrado,Existe Resultado de Compra,1/1/1900,Não Subrogou Compra,"4.010,14"
26000,MINISTERIO DA EDUCACAO,26421,"INST.FED.DE EDUC.,CIENC.E TEC. DE RONDONIA",158148,"INST.FED.DE EDUC.,CIENC.E TEC.DE RONDONIA",RO,PORTO VELHO,23243003326201950,Inexigibilidade de Licitação,15814807000042019,Não se Aplica,CAPUT,SISPP,"Objeto: Contratação de empresa especializada na prestação de serviços de publicidade legal/institucional para atender a Reitoria do Instituto Federal de Educação, Ciência e Tecnologia de Rondônia-IFRO.",2019,1/1/1900,Publicado,Existe Resultado de Compra,1/1/1900,Não Subrogou Compra,"132.160,00"
26000,MINISTERIO DA EDUCACAO,26421,"INST.FED.DE EDUC.,CIENC.E TEC. DE RONDONIA",158148,"INST.FED.DE EDUC.,CIENC.E TEC.DE RONDONIA",RO,PORTO VELHO,23243014031201917,Dispensa de Licitação,15814806000062019,Não se Aplica,INCISO II,SISPP,Objeto: Contratação de empresa especializada em locação de container banheiro com chuveiro para o JIFRO 2019.,2019,1/1/1900,Encerrado,Existe Resultado de Compra,1/1/1900,Não Subrogou Compra,"2.300,00"
26000,MINISTERIO DA EDUCACAO,26421,"INST.FED.DE EDUC.,CIENC.E TEC. DE RONDONIA",158148,"INST.FED.DE EDUC.,CIENC.E TEC.DE RONDONIA",RO,PORTO VELHO,23243015058201919,Dispensa de Licitação,15814806000072019,Não se Aplica,INCISO I,SISPP,"Objeto: Contratação de empresa especializada em serviços de levantamento topográfico com elaboração de Projeto Planialtimétrico e Sondagem a Percussão, para atender a demanda do IFRO, nas quantidades e especificações detalhadas no Projeto Básico.",2019,1/1/1900,Encerrado,Existe Resultado de Compra,1/1/1900,Não Subrogou Compra,"16.700,00"
26000,MINISTERIO DA EDUCACAO,26421,"INST.FED.DE EDUC.,CIENC.E TEC. DE RONDONIA",158148,"INST.FED.DE EDUC.,CIENC.E TEC.DE RONDONIA",RO,PORTO VELHO,23243014735201981,Dispensa de Licitação,15814806000082019,Não se Aplica,INCISO II,SISPP,"Objeto: Contratação de empresa especializada na prestação do serviço de publicidade legal/institucional impressa e/ou eletrônica, que envolve publicação em jornais de grande circulação, TV, rádio e internet, para atender as necessidades do Instituto Federal de Rondônia-IFRO.",2019,1/1/1900,Publicado,Existe Resultado de Compra,1/1/1900,Não Subrogou Compra,"654.048,00"
26000,MINISTERIO DA EDUCACAO,26421,"INST.FED.DE EDUC.,CIENC.E TEC. DE RONDONIA",158148,"INST.FED.DE EDUC.,CIENC.E TEC.DE RONDONIA",RO,PORTO VELHO,23243.010675/2019,Inexigibilidade de Licitação,15814807000052019,Não se Aplica,INCISO II,SISPP,"Objeto: Curso de capacitação In Company em Acessibilidade com carga horária de 32 horas, que será realizado no município de Porto Velho/RO, para uma turma de até 30 servidores, tendo como público-alvo os servidores membros da Comissão de Elaboração do Manual Padronizado de Acessibilidade nos Ambientes do IFRO e demais envolvidos.",2019,1/1/1900,Encerrado,Existe Resultado de Compra,1/1/1900,Não Subrogou Compra,"9.600,00"
26000,MINISTERIO DA EDUCACAO,26421,"INST.FED.DE EDUC.,CIENC.E TEC. DE RONDONIA",158148,"INST.FED.DE EDUC.,CIENC.E TEC.DE RONDONIA",RO,PORTO VELHO,23243017671201971,Dispensa de Licitação,15814806000092019,Não se Aplica,INCISO II,SISPP,"Objeto: Contratação de empresa especializada para a prestação de serviços de confecção de troféus, medalhas e marcação de pista de atletismo para atender a demanda dos Jogos do Instituto Federal de Rondônia - JIFRO, que ocorrerão entre os dia 23 e 26 de  agosto do corrente ano.",2019,1/1/1900,Encerrado,Existe Resultado de Compra,1/1/1900,Não Subrogou Compra,"6.860,00"
26000,MINISTERIO DA EDUCACAO,26421,"INST.FED.DE EDUC.,CIENC.E TEC. DE RONDONIA",158148,"INST.FED.DE EDUC.,CIENC.E TEC.DE RONDONIA",RO,PORTO VELHO,23243015874201922,Inexigibilidade de Licitação,15814807000062019,Não se Aplica,INCISO II,SISPP,Objeto: Participação de servidora no curso de Controle e Registro Acadêmico de Instituições de Ensino Superior.,2019,1/1/1900,Encerrado,Existe Resultado de Compra,1/1/1900,Não Subrogou Compra,"3.750,00"
26000,MINISTERIO DA EDUCACAO,26421,"INST.FED.DE EDUC.,CIENC.E TEC. DE RONDONIA",158148,"INST.FED.DE EDUC.,CIENC.E TEC.DE RONDONIA",RO,PORTO VELHO,23243015972201957,Inexigibilidade de Licitação,15814807000072019,Não se Aplica,INCISO II,SISPP,"Objeto: Capacitação de servidor no curso de Infraestrutura ágil com práticas DEVOPS usando Docker, Git, Jenkins, Puppet e Ansible  - PAC 2019.",2019,1/1/1900,Encerrado,Existe Resultado de Compra,1/1/1900,Não Subrogou Compra,"1.404,00"
26000,MINISTERIO DA EDUCACAO,26421,"INST.FED.DE EDUC.,CIENC.E TEC. DE RONDONIA",158148,"INST.FED.DE EDUC.,CIENC.E TEC.DE RONDONIA",RO,PORTO VELHO,23243015972201960,Inexigibilidade de Licitação,15814807000082019,Não se Aplica,INCISO II,SISPP,Objeto: Capacitação de servidor no curso de Gestão de Documentos Públicos - PAC 2019.,2019,1/1/1900,Encerrado,Existe Resultado de Compra,1/1/1900,Não Subrogou Compra,"2.790,00"
26000,MINISTERIO DA EDUCACAO,26421,"INST.FED.DE EDUC.,CIENC.E TEC. DE RONDONIA",158148,"INST.FED.DE EDUC.,CIENC.E TEC.DE RONDONIA",RO,PORTO VELHO,23243011418201911,Inexigibilidade de Licitação,15814807000092019,Não se Aplica,INCISO II,SISPP,"Objeto: Contratação de empresa especializada na prestação do WORKSHOP VOCÊ POSITIVO: Seja o melhor você que puder, para atender a demanda do IFRO - Reitoria.",2019,1/1/1900,Encerrado,Existe Resultado de Compra,1/1/1900,Não Subrogou Compra,"14.000,00"
26000,MINISTERIO DA EDUCACAO,26421,"INST.FED.DE EDUC.,CIENC.E TEC. DE RONDONIA",158148,"INST.FED.DE EDUC.,CIENC.E TEC.DE RONDONIA",RO,PORTO VELHO,2.324.301.805.720.190,Inexigibilidade de Licitação,15814807000102019,Não se Aplica,INCISO II,SISPP,Objeto: Participação da servidora do IFRO - Elizangélica Fernandes da Silva no VI Congresso Nacional de Educação - CONEDU.,2019,1/1/1900,Encerrado,Existe Resultado de Compra,1/1/1900,Não Subrogou Compra,235
26000,MINISTERIO DA EDUCACAO,26421,"INST.FED.DE EDUC.,CIENC.E TEC. DE RONDONIA",158148,"INST.FED.DE EDUC.,CIENC.E TEC.DE RONDONIA",RO,PORTO VELHO,23243017775201985,Inexigibilidade de Licitação,15814807000112019,Não se Aplica,INCISO II,SISPP,Objeto: Capacitação da servidora do IFRO - Gricia Aparecida Rodrigues de Souza - no curso de Inteligência Emocional - PAC 2019,2019,1/1/1900,Encerrado,Existe Resultado de Compra,1/1/1900,Não Subrogou Compra,"2.290,00"
26000,MINISTERIO DA EDUCACAO,26421,"INST.FED.DE EDUC.,CIENC.E TEC. DE RONDONIA",158148,"INST.FED.DE EDUC.,CIENC.E TEC.DE RONDONIA",RO,PORTO VELHO,23243024586201969,Dispensa de Licitação,15814806000102019,Não se Aplica,INCISO II,SISPP,"Objeto: Recarga de toner (preto ou colorido) para impressora HP Color M551, série 250 ou 400, com rendimento de impressões em quantidade e qualidade equivalentes ao toner original.",2019,1/1/1900,Encerrado,Existe Resultado de Compra,1/1/1900,Não Subrogou Compra,"5.760,00"
26000,MINISTERIO DA EDUCACAO,26421,"INST.FED.DE EDUC.,CIENC.E TEC. DE RONDONIA",158148,"INST.FED.DE EDUC.,CIENC.E TEC.DE RONDONIA",RO,PORTO VELHO,23243024586201969,Dispensa de Licitação,15814806000112019,Não se Aplica,INCISO II,SISPP,"Objeto: Recarga de toner (preto ou colorido) para impressora HP Color M551, série 250 ou 400, com rendimento de impressões em quantidade e qualidade equivalentes ao toner original.",2019,1/1/1900,Encerrado,Existe Resultado de Compra,1/1/1900,Não Subrogou Compra,"5.760,00"
26000,MINISTERIO DA EDUCACAO,26421,"INST.FED.DE EDUC.,CIENC.E TEC. DE RONDONIA",158148,"INST.FED.DE EDUC.,CIENC.E TEC.DE RONDONIA",RO,PORTO VELHO,23243023507201901,Inexigibilidade de Licitação,15814807000122019,Não se Aplica,INCISO II,SISPP,Objeto: Capacitação da servidora Gricia Aparecida Rodrigues de Sousa,2019,1/1/1900,Encerrado,Existe Resultado de Compra,1/1/1900,Não Subrogou Compra,"2.590,00"
26000,MINISTERIO DA EDUCACAO,26421,"INST.FED.DE EDUC.,CIENC.E TEC. DE RONDONIA",158148,"INST.FED.DE EDUC.,CIENC.E TEC.DE RONDONIA",RO,PORTO VELHO,23243023363201984,Inexigibilidade de Licitação,15814807000132019,Não se Aplica,INCISO II,SISPP,"Objeto: Capacitação de 01 (um) servidor no ""Seminário Nacional de Governança, Riscos e Integridade no Setor Público""",2019,1/1/1900,Encerrado,Existe Resultado de Compra,1/1/1900,Não Subrogou Compra,"3.590,00"
26000,MINISTERIO DA EDUCACAO,26421,"INST.FED.DE EDUC.,CIENC.E TEC. DE RONDONIA",158148,"INST.FED.DE EDUC.,CIENC.E TEC.DE RONDONIA",RO,PORTO VELHO,23243023904201974,Inexigibilidade de Licitação,15814807000142019,Não se Aplica,INCISO II,SISPP,"Objeto: Curso de capacitação In Company em Gerencia de containers com Docker e Kubernetes, 16 horas, que será realizado no município de Porto Velho/RO, para uma turma de 12 servidores, tendo como público-alvo os servidores da Coordenação de Suporte e Rede e Coordenação de Desenvolvimento de Sistemas",2019,1/1/1900,Evento de Revogação Publicado,Existe Resultado de Compra,1/1/1900,Não Subrogou Compra,"20.736,00"
26000,MINISTERIO DA EDUCACAO,26421,"INST.FED.DE EDUC.,CIENC.E TEC. DE RONDONIA",158148,"INST.FED.DE EDUC.,CIENC.E TEC.DE RONDONIA",RO,PORTO VELHO,23243023904201974,Inexigibilidade de Licitação,15814807000152019,Não se Aplica,INCISO II,SISPP,"Objeto: Curso de capacitação In Company em Gerencia de containers com Docker e Kubernetes, 16 horas, que será realizado no  município de Porto Velho/RO, para uma turma de 12 servidores, tendo como público-alvo os servidores da Coordenação de  Suporte e Rede e Coordenação de Desenvolvimento de Sistemas",2019,1/1/1900,Publicado,Existe Resultado de Compra,1/1/1900,Não Subrogou Compra,"20.736,00"
26000,MINISTERIO DA EDUCACAO,26421,"INST.FED.DE EDUC.,CIENC.E TEC. DE RONDONIA",158148,"INST.FED.DE EDUC.,CIENC.E TEC.DE RONDONIA",RO,PORTO VELHO,"2,3243E+16",Inexigibilidade de Licitação,15814807000162019,Não se Aplica,INCISO II,SISPP,Objeto: Contratação da empresa ASSOCIACAO BRASILEIRA DE STARTUPS na 6ª edição da Conferência Anual de Startups e Empreendedorismo,2019,1/1/1900,Encerrado,Existe Resultado de Compra,1/1/1900,Não Subrogou Compra,479
26000,MINISTERIO DA EDUCACAO,26421,"INST.FED.DE EDUC.,CIENC.E TEC. DE RONDONIA",158148,"INST.FED.DE EDUC.,CIENC.E TEC.DE RONDONIA",RO,PORTO VELHO,23243013877201921,Inexigibilidade de Licitação,15814807000172019,Não se Aplica,INCISO II,SISPP,"Objeto: Curso Eventos, Cerimonial e Protocolo Nacional e Internacional, a ser realizado na Reitoria do IFRO para turma de 20 servidores, tendo como público alvo servidores da Ascom/Comunicadores dos Campi/Gabinete do IFRO.",2019,1/1/1900,Publicado,Existe Resultado de Compra,1/1/1900,Não Subrogou Compra,"24.975,00"
26000,MINISTERIO DA EDUCACAO,26421,"INST.FED.DE EDUC.,CIENC.E TEC. DE RONDONIA",158148,"INST.FED.DE EDUC.,CIENC.E TEC.DE RONDONIA",RO,PORTO VELHO,23243024382201928,Inexigibilidade de Licitação,15814807000182019,Não se Aplica,INCISO II,SISPP,Objeto: Curso de capacitação In Company sobre o Novo Decreto do Pregão Eletrônico (nº 10.024/2019) para o aperfeiçoamento de trinta servidores com no mínimo 24h.,2019,1/1/1900,Publicado,Existe Resultado de Compra,1/1/1900,Não Subrogou Compra,"47.200,00"
26000,MINISTERIO DA EDUCACAO,26421,"INST.FED.DE EDUC.,CIENC.E TEC. DE RONDONIA",158148,"INST.FED.DE EDUC.,CIENC.E TEC.DE RONDONIA",RO,PORTO VELHO,23243017162201948,Dispensa de Licitação,15814806000122019,Não se Aplica,INCISO II,SISPP,"Objeto: Contratação de empresas especializadas em confecção de placas, para atender a demanda da Reitoria e do Campus Avançado São Miguel do Guaporé-IFRO.",2019,1/1/1900,Encerrado,Existe Resultado de Compra,1/1/1900,Não Subrogou Compra,"3.086,00"
26000,MINISTERIO DA EDUCACAO,26421,"INST.FED.DE EDUC.,CIENC.E TEC. DE RONDONIA",158341,INST.FED.DE RONDONIA/CAMPUS COLORADO DO OESTE,RO,COLORADO DO OESTE,23243024905201855,Pregão,15834105000302019,Não se Aplica,NAO SE APLICA,SISPP,"Objeto: Pregão Eletrônico -  Contratação de Empresa Especializada na Prestação de Serviço de Gestão Patrimonial,",2019,13/3/2019,Evento de Resultado de Julgamento Publicado,Existe Resultado de Compra,14/3/2019,Não Subrogou Compra,"45.840,00"
26000,MINISTERIO DA EDUCACAO,26421,"INST.FED.DE EDUC.,CIENC.E TEC. DE RONDONIA",158341,INST.FED.DE RONDONIA/CAMPUS COLORADO DO OESTE,RO,COLORADO DO OESTE,23243008652201953,Pregão,15834105000092019,Não se Aplica,NAO SE APLICA,SISPP,Objeto: Pregão Eletrônico -  Contratação de Serviço de Manutenção no Sistema de Ordenha,2019,23/8/2019,Evento de Resultado de Julgamento Publicado,Existe Resultado de Compra,26/8/2019,Não Subrogou Compra,"18.050,00"
26000,MINISTERIO DA EDUCACAO,26421,"INST.FED.DE EDUC.,CIENC.E TEC. DE RONDONIA",158341,INST.FED.DE RONDONIA/CAMPUS COLORADO DO OESTE,RO,COLORADO DO OESTE,23243021367201928,Pregão,15834105000182019,Não se Aplica,NAO SE APLICA,SISPP,"Objeto: Pregão Eletrônico -  Contratação de  MANUTENÇÃO PREVENTIVA E CORRETIVA EM EQUIPAMENTOS DE LABORATÓRIOS, TOPOGRÁFICOS E METEOROLÓGICOS.",2019,5/11/2019,Evento de Resultado de Julgamento Publicado,Existe Resultado de Compra,18/11/2019,Não Subrogou Compra,"191.830,02"
26000,MINISTERIO DA EDUCACAO,26421,"INST.FED.DE EDUC.,CIENC.E TEC. DE RONDONIA",158341,INST.FED.DE RONDONIA/CAMPUS COLORADO DO OESTE,RO,COLORADO DO OESTE,23243018073201919,Pregão,15834105000212019,Não se Aplica,NAO SE APLICA,SISPP,Objeto: Pregão Eletrônico -  Contratação de Serviço de Manutenção em Poços Semi-Artesianos,2019,5/12/2019,Evento de Resultado de Julgamento Publicado,Existe Resultado de Compra,6/12/2019,Não Subrogou Compra,"79.889,27"
26000,MINISTERIO DA EDUCACAO,26421,"INST.FED.DE EDUC.,CIENC.E TEC. DE RONDONIA",158341,INST.FED.DE RONDONIA/CAMPUS COLORADO DO OESTE,RO,COLORADO DO OESTE,23243022015201817,Pregão,15834105000262018,Não se Aplica,NAO SE APLICA,SISRP,Objeto: Pregão Eletrônico -  Aquisição de Combustível e óleo lubrificante,2019,19/11/2018,Evento de Resultado de Julgamento Publicado,Existe Resultado de Compra,19/11/2018,Não Subrogou Compra,"143.070,00"
26000,MINISTERIO DA EDUCACAO,26421,"INST.FED.DE EDUC.,CIENC.E TEC. DE RONDONIA",158341,INST.FED.DE RONDONIA/CAMPUS COLORADO DO OESTE,RO,COLORADO DO OESTE,23243023722201812,Pregão,15834105000272018,Não se Aplica,NAO SE APLICA,SISRP,Objeto: Pregão Eletrônico -  Produtos Agropecuários,2019,3/1/2019,Evento de Resultado de Julgamento Publicado,Existe Resultado de Compra,15/1/2019,Não Subrogou Compra,"490.384,86"
26000,MINISTERIO DA EDUCACAO,26421,"INST.FED.DE EDUC.,CIENC.E TEC. DE RONDONIA",158341,INST.FED.DE RONDONIA/CAMPUS COLORADO DO OESTE,RO,COLORADO DO OESTE,23243023775201833,Pregão,15834105000282018,Não se Aplica,NAO SE APLICA,SISRP,Objeto: Pregão Eletrônico -  Aquisição de Equipamento para laboratórios e Alojamentos,2019,21/12/2018,Evento de Resultado de Julgamento Publicado,Existe Resultado de Compra,30/1/2019,Não Subrogou Compra,"407.123,31"
26000,MINISTERIO DA EDUCACAO,26421,"INST.FED.DE EDUC.,CIENC.E TEC. DE RONDONIA",158341,INST.FED.DE RONDONIA/CAMPUS COLORADO DO OESTE,RO,COLORADO DO OESTE,23243023783201880,Pregão,15834105000292018,Não se Aplica,NAO SE APLICA,SISRP,Objeto: Pregão Eletrônico -  Aquisição de Gêneros Alimentícios.,2019,3/1/2019,Evento de Resultado de Julgamento Publicado,Existe Resultado de Compra,8/1/2019,Não Subrogou Compra,"446.030,33"
26000,MINISTERIO DA EDUCACAO,26421,"INST.FED.DE EDUC.,CIENC.E TEC. DE RONDONIA",158341,INST.FED.DE RONDONIA/CAMPUS COLORADO DO OESTE,RO,COLORADO DO OESTE,23243024208201802,Pregão,15834105000012019,Não se Aplica,NAO SE APLICA,SISRP,"Objeto: Pregão Eletrônico -  Aquisição equipamentos de tecnologia da informação, com garantia on-site",2019,25/3/2019,Evento de Resultado de Julgamento Publicado,Existe Resultado de Compra,4/6/2019,Não Subrogou Compra,"2.716.568,16"
26000,MINISTERIO DA EDUCACAO,26421,"INST.FED.DE EDUC.,CIENC.E TEC. DE RONDONIA",158341,INST.FED.DE RONDONIA/CAMPUS COLORADO DO OESTE,RO,COLORADO DO OESTE,23243001690201985,Pregão,15834105000022019,Não se Aplica,NAO SE APLICA,SISRP,"Objeto: Pregão Eletrônico -  Produtos de Limpeza, Higienização, Equipamento de Proteção Individual e Coletiva.",2019,18/3/2019,Evento de Resultado de Julgamento Publicado,Existe Resultado de Compra,3/4/2019,Não Subrogou Compra,"515.298,99"
26000,MINISTERIO DA EDUCACAO,26421,"INST.FED.DE EDUC.,CIENC.E TEC. DE RONDONIA",158341,INST.FED.DE RONDONIA/CAMPUS COLORADO DO OESTE,RO,COLORADO DO OESTE,23243003263201931,Pregão,15834105000032019,Não se Aplica,NAO SE APLICA,SISRP,"Objeto: Pregão Eletrônico -  Recarga e peças para extintores, gases, nitrogênio líquido, carvão vegetal e agua mineral",2019,7/3/2019,Evento de Resultado de Julgamento Publicado,Existe Resultado de Compra,7/3/2019,Não Subrogou Compra,"139.684,05"
26000,MINISTERIO DA EDUCACAO,26421,"INST.FED.DE EDUC.,CIENC.E TEC. DE RONDONIA",158341,INST.FED.DE RONDONIA/CAMPUS COLORADO DO OESTE,RO,COLORADO DO OESTE,23243.003798/2019,Pregão,15834105000042019,Não se Aplica,NAO SE APLICA,SISRP,"Objeto: Pregão Eletrônico -  Aquisição de Produtos de Acondicionamento, Embalagem, Copa e Cozinha.",2019,2/4/2019,Evento de Resultado de Julgamento Publicado,Existe Resultado de Compra,25/4/2019,Não Subrogou Compra,"172.802,45"
26000,MINISTERIO DA EDUCACAO,26421,"INST.FED.DE EDUC.,CIENC.E TEC. DE RONDONIA",158341,INST.FED.DE RONDONIA/CAMPUS COLORADO DO OESTE,RO,COLORADO DO OESTE,23243004016201952,Pregão,15834105000052019,Não se Aplica,NAO SE APLICA,SISRP,Objeto: Pregão Eletrônico -  Material de Manutenção prédial,2019,29/3/2019,Evento de Resultado de Julgamento Publicado,Existe Resultado de Compra,3/4/2019,Não Subrogou Compra,"184.507,45"
26000,MINISTERIO DA EDUCACAO,26421,"INST.FED.DE EDUC.,CIENC.E TEC. DE RONDONIA",158341,INST.FED.DE RONDONIA/CAMPUS COLORADO DO OESTE,RO,COLORADO DO OESTE,23243004613201987,Pregão,15834105000062019,Não se Aplica,NAO SE APLICA,SISRP,Objeto: Pregão Eletrônico -  Aquisição de placas e adesivos,2019,11/4/2019,Evento de Resultado de Julgamento Publicado,Existe Resultado de Compra,24/4/2019,Não Subrogou Compra,"151.124,41"
26000,MINISTERIO DA EDUCACAO,26421,"INST.FED.DE EDUC.,CIENC.E TEC. DE RONDONIA",158341,INST.FED.DE RONDONIA/CAMPUS COLORADO DO OESTE,RO,COLORADO DO OESTE,23243006065201920,Pregão,15834105000072019,Não se Aplica,NAO SE APLICA,SISRP,"Objeto: Pregão Eletrônico -  Aquisição de Toner e Tinta para Impressores, Acessórios de Tecnologia da Informação e Materiais de Expediente",2019,9/5/2019,Evento de Resultado de Julgamento Publicado,Existe Resultado de Compra,8/7/2019,Não Subrogou Compra,"198.385,36"
26000,MINISTERIO DA EDUCACAO,26421,"INST.FED.DE EDUC.,CIENC.E TEC. DE RONDONIA",158341,INST.FED.DE RONDONIA/CAMPUS COLORADO DO OESTE,RO,COLORADO DO OESTE,23243007070201950,Pregão,15834105000082019,Não se Aplica,NAO SE APLICA,SISRP,Objeto: Pregão Eletrônico -  Aquisição de Maquinas Aquicolas,2019,13/5/2019,Evento de Resultado de Julgamento Publicado,Existe Resultado de Compra,24/5/2019,Não Subrogou Compra,"377.383,93"
26000,MINISTERIO DA EDUCACAO,26421,"INST.FED.DE EDUC.,CIENC.E TEC. DE RONDONIA",158341,INST.FED.DE RONDONIA/CAMPUS COLORADO DO OESTE,RO,COLORADO DO OESTE,23243010746201992,Pregão,15834105000102019,Não se Aplica,NAO SE APLICA,SISRP,Objeto: Pregão Eletrônico -  Aquisição de Materiais de Construção.,2019,12/8/2019,Evento de Resultado de Julgamento Publicado,Existe Resultado de Compra,23/9/2019,Não Subrogou Compra,"1.258.120,70"
26000,MINISTERIO DA EDUCACAO,26421,"INST.FED.DE EDUC.,CIENC.E TEC. DE RONDONIA",158341,INST.FED.DE RONDONIA/CAMPUS COLORADO DO OESTE,RO,COLORADO DO OESTE,23243012815201901,Pregão,15834105000112019,Não se Aplica,NAO SE APLICA,SISRP,Objeto: Pregão Eletrônico -  Reagente e acessórios para laboratório,2019,22/8/2019,Evento de Resultado de Julgamento Publicado,Existe Resultado de Compra,6/9/2019,Não Subrogou Compra,"459.545,39"
26000,MINISTERIO DA EDUCACAO,26421,"INST.FED.DE EDUC.,CIENC.E TEC. DE RONDONIA",158341,INST.FED.DE RONDONIA/CAMPUS COLORADO DO OESTE,RO,COLORADO DO OESTE,23243013316201922,Pregão,15834105000122019,Não se Aplica,NAO SE APLICA,SISRP,Objeto: Pregão Eletrônico -  Aquisição de Equipamentos e Mobiliario,2019,9/9/2019,Evento de Resultado de Julgamento Publicado,Existe Resultado de Compra,5/11/2019,Não Subrogou Compra,"1.580.364,92"
26000,MINISTERIO DA EDUCACAO,26421,"INST.FED.DE EDUC.,CIENC.E TEC. DE RONDONIA",158341,INST.FED.DE RONDONIA/CAMPUS COLORADO DO OESTE,RO,COLORADO DO OESTE,23243014972201942,Pregão,15834105000142019,Não se Aplica,NAO SE APLICA,SISRP,Objeto: Pregão Eletrônico -  Aquisição material esportivo e outros,2019,8/8/2019,Evento de Resultado de Julgamento Publicado,Existe Resultado de Compra,17/9/2019,Não Subrogou Compra,"111.554,18"
26000,MINISTERIO DA EDUCACAO,26421,"INST.FED.DE EDUC.,CIENC.E TEC. DE RONDONIA",158341,INST.FED.DE RONDONIA/CAMPUS COLORADO DO OESTE,RO,COLORADO DO OESTE,23243015562201919,Pregão,15834105000152019,Não se Aplica,NAO SE APLICA,SISRP,Objeto: Pregão Eletrônico -  Aquisição de produtos agropecuários,2019,23/9/2019,Evento de Resultado de Julgamento Publicado,Existe Resultado de Compra,29/10/2019,Não Subrogou Compra,"856.231,42"
26000,MINISTERIO DA EDUCACAO,26421,"INST.FED.DE EDUC.,CIENC.E TEC. DE RONDONIA",158341,INST.FED.DE RONDONIA/CAMPUS COLORADO DO OESTE,RO,COLORADO DO OESTE,23243020300201976,Pregão,15834105000172019,Não se Aplica,NAO SE APLICA,SISRP,Objeto: Pregão Eletrônico -  Aquisição de combustíveis e lubrificantes,2019,17/10/2019,Evento de Resultado de Julgamento Publicado,Existe Resultado de Compra,14/11/2019,Não Subrogou Compra,"135.314,00"
26000,MINISTERIO DA EDUCACAO,26421,"INST.FED.DE EDUC.,CIENC.E TEC. DE RONDONIA",158341,INST.FED.DE RONDONIA/CAMPUS COLORADO DO OESTE,RO,COLORADO DO OESTE,23243020227201932,Pregão,15834105000162019,Não se Aplica,NAO SE APLICA,SISRP,Objeto: Pregão Eletrônico -  Aquisição de Gêneros Alimentícios.,2019,31/10/2019,Evento de Resultado de Julgamento Publicado,Existe Resultado de Compra,29/11/2019,Não Subrogou Compra,"2.836.510,23"
26000,MINISTERIO DA EDUCACAO,26421,"INST.FED.DE EDUC.,CIENC.E TEC. DE RONDONIA",158341,INST.FED.DE RONDONIA/CAMPUS COLORADO DO OESTE,RO,COLORADO DO OESTE,23243021436201901,Pregão,15834105000192019,Não se Aplica,NAO SE APLICA,SISRP,Objeto: Pregão Eletrônico -  Aquisição de livros,2019,25/10/2019,Evento de Resultado de Julgamento Publicado,Existe Resultado de Compra,31/10/2019,Não Subrogou Compra,"94.898,19"
26000,MINISTERIO DA EDUCACAO,26421,"INST.FED.DE EDUC.,CIENC.E TEC. DE RONDONIA",158341,INST.FED.DE RONDONIA/CAMPUS COLORADO DO OESTE,RO,COLORADO DO OESTE,23243022036201913,Pregão,15834105000202019,Não se Aplica,NAO SE APLICA,SISRP,Objeto: Pregão Eletrônico -  Aquisição de  PRODUTOS E EQUIPAMENTOS DIVERSOS.,2019,4/11/2019,Evento de Resultado de Julgamento Publicado,Existe Resultado de Compra,11/11/2019,Não Subrogou Compra,"157.824,95"
26000,MINISTERIO DA EDUCACAO,26421,"INST.FED.DE EDUC.,CIENC.E TEC. DE RONDONIA",158341,INST.FED.DE RONDONIA/CAMPUS COLORADO DO OESTE,RO,COLORADO DO OESTE,23243024891201870,Dispensa de Licitação,15834106000012019,Não se Aplica,INCISO II,SISPP,Objeto: Contratação de Capacitação de Servidores,2019,1/1/1900,Encerrado,Existe Resultado de Compra,1/1/1900,Não Subrogou Compra,"13.980,00"
26000,MINISTERIO DA EDUCACAO,26421,"INST.FED.DE EDUC.,CIENC.E TEC. DE RONDONIA",158341,INST.FED.DE RONDONIA/CAMPUS COLORADO DO OESTE,RO,COLORADO DO OESTE,23243001436201987,Dispensa de Licitação,15834106000022019,Não se Aplica,INCISO II,SISPP,Objeto: Aquisição de copias de chaves residencial,2019,1/1/1900,Encerrado,Existe Resultado de Compra,1/1/1900,Não Subrogou Compra,"2.800,00"
26000,MINISTERIO DA EDUCACAO,26421,"INST.FED.DE EDUC.,CIENC.E TEC. DE RONDONIA",158341,INST.FED.DE RONDONIA/CAMPUS COLORADO DO OESTE,RO,COLORADO DO OESTE,23243003351201933,Dispensa de Licitação,15834106000032019,Não se Aplica,INCISO II,SISPP,Objeto: Aquisição de JANELA DE VIDRO TEMPERADO,2019,1/1/1900,Encerrado,Existe Resultado de Compra,1/1/1900,Não Subrogou Compra,"2.503,00"
26000,MINISTERIO DA EDUCACAO,26421,"INST.FED.DE EDUC.,CIENC.E TEC. DE RONDONIA",158341,INST.FED.DE RONDONIA/CAMPUS COLORADO DO OESTE,RO,COLORADO DO OESTE,23243003586201925,Dispensa de Licitação,15834106000042019,Não se Aplica,INCISO II,SISPP,Objeto: Aquisição de placas e adesivos,2019,1/1/1900,Encerrado,Existe Resultado de Compra,1/1/1900,Não Subrogou Compra,"1.893,79"
26000,MINISTERIO DA EDUCACAO,26421,"INST.FED.DE EDUC.,CIENC.E TEC. DE RONDONIA",158341,INST.FED.DE RONDONIA/CAMPUS COLORADO DO OESTE,RO,COLORADO DO OESTE,23243005177201963,Dispensa de Licitação,15834106000052019,Não se Aplica,INCISO II,SISPP,Objeto: Aquisição de Peças e Contratação de Manutenção de Ordenhadeira,2019,1/1/1900,Encerrado,Existe Resultado de Compra,1/1/1900,Não Subrogou Compra,"15.850,00"
26000,MINISTERIO DA EDUCACAO,26421,"INST.FED.DE EDUC.,CIENC.E TEC. DE RONDONIA",158341,INST.FED.DE RONDONIA/CAMPUS COLORADO DO OESTE,RO,COLORADO DO OESTE,23243007507201955,Dispensa de Licitação,15834106000062019,Não se Aplica,INCISO II,SISPP,Objeto: Aquisição de Nitrogênio Liquido,2019,1/1/1900,Encerrado,Existe Resultado de Compra,1/1/1900,Não Subrogou Compra,"2.400,00"
26000,MINISTERIO DA EDUCACAO,26421,"INST.FED.DE EDUC.,CIENC.E TEC. DE RONDONIA",158341,INST.FED.DE RONDONIA/CAMPUS COLORADO DO OESTE,RO,COLORADO DO OESTE,23243005920201985,Dispensa de Licitação,15834106000072019,Não se Aplica,INCISO II,SISPP,Objeto: Aquisição de Placa de Veículo.,2019,1/1/1900,Encerrado,Existe Resultado de Compra,1/1/1900,Não Subrogou Compra,250
26000,MINISTERIO DA EDUCACAO,26421,"INST.FED.DE EDUC.,CIENC.E TEC. DE RONDONIA",158341,INST.FED.DE RONDONIA/CAMPUS COLORADO DO OESTE,RO,COLORADO DO OESTE,23243000599201942,Dispensa de Licitação,15834106000082019,Não se Aplica,INCISO I,SISPP,"Objeto: Contratação do serviço de elaboração de projeto de engenharia, visando a Reforma e Adequação do Bloco ""A"" e da Reforma da Sala de Aula e Coordenação de Animais de Pequeno Porte",2019,1/1/1900,Encerrado,Existe Resultado de Compra,1/1/1900,Não Subrogou Compra,"32.315,94"
26000,MINISTERIO DA EDUCACAO,26421,"INST.FED.DE EDUC.,CIENC.E TEC. DE RONDONIA",158341,INST.FED.DE RONDONIA/CAMPUS COLORADO DO OESTE,RO,COLORADO DO OESTE,23243010251201963,Dispensa de Licitação,15834106000092019,Não se Aplica,INCISO II,SISPP,Objeto: Aquisição DE CARGA DE GÁS ACETILENO,2019,1/1/1900,Encerrado,Existe Resultado de Compra,1/1/1900,Não Subrogou Compra,"2.250,00"
26000,MINISTERIO DA EDUCACAO,26421,"INST.FED.DE EDUC.,CIENC.E TEC. DE RONDONIA",158341,INST.FED.DE RONDONIA/CAMPUS COLORADO DO OESTE,RO,COLORADO DO OESTE,23243012346201911,Dispensa de Licitação,15834106000102019,Não se Aplica,INCISO II,SISPP,Objeto: Contratação de Vistoria de Gado para registro dos animais Girolando.,2019,1/1/1900,Encerrado,Existe Resultado de Compra,1/1/1900,Não Subrogou Compra,870
26000,MINISTERIO DA EDUCACAO,26421,"INST.FED.DE EDUC.,CIENC.E TEC. DE RONDONIA",158341,INST.FED.DE RONDONIA/CAMPUS COLORADO DO OESTE,RO,COLORADO DO OESTE,12243011334201970,Dispensa de Licitação,15834106000112019,Não se Aplica,INCISO II,SISPP,Objeto: Contratação de  Serviço de Manutenção em Central  e  ramais Telefonicos,2019,1/1/1900,Encerrado,Existe Resultado de Compra,1/1/1900,Não Subrogou Compra,"4.000,00"
26000,MINISTERIO DA EDUCACAO,26421,"INST.FED.DE EDUC.,CIENC.E TEC. DE RONDONIA",158341,INST.FED.DE RONDONIA/CAMPUS COLORADO DO OESTE,RO,COLORADO DO OESTE,23243006277201915,Dispensa de Licitação,15834106000122019,Não se Aplica,INCISO XII,SISPP,Objeto: Aquisição de Produtos Alimentícios Agricultura Familiar.,2019,1/1/1900,Publicado,Existe Resultado de Compra,1/1/1900,Não Subrogou Compra,"101.760,30"
26000,MINISTERIO DA EDUCACAO,26421,"INST.FED.DE EDUC.,CIENC.E TEC. DE RONDONIA",158341,INST.FED.DE RONDONIA/CAMPUS COLORADO DO OESTE,RO,COLORADO DO OESTE,23243006277201915,Dispensa de Licitação,15834106000132019,Não se Aplica,INCISO XII,SISPP,Objeto: Aquisição de produtos Alimentícios da Agricultura Familiar,2019,1/1/1900,Publicado,Existe Resultado de Compra,1/1/1900,Não Subrogou Compra,"10.624,00"
26000,MINISTERIO DA EDUCACAO,26421,"INST.FED.DE EDUC.,CIENC.E TEC. DE RONDONIA",158341,INST.FED.DE RONDONIA/CAMPUS COLORADO DO OESTE,RO,COLORADO DO OESTE,23243014263201967,Dispensa de Licitação,15834106000142019,Não se Aplica,INCISO II,SISPP,Objeto: Cadastro na Agência Brasileira do ISBN,2019,1/1/1900,Encerrado,Existe Resultado de Compra,1/1/1900,Não Subrogou Compra,312
26000,MINISTERIO DA EDUCACAO,26421,"INST.FED.DE EDUC.,CIENC.E TEC. DE RONDONIA",158341,INST.FED.DE RONDONIA/CAMPUS COLORADO DO OESTE,RO,COLORADO DO OESTE,23243013244201913,Dispensa de Licitação,15834106000152019,Não se Aplica,INCISO II,SISPP,Objeto: Renovação de Licença ANTI VÍRUS.,2019,1/1/1900,Encerrado,Existe Resultado de Compra,1/1/1900,Não Subrogou Compra,"13.243,50"
26000,MINISTERIO DA EDUCACAO,26421,"INST.FED.DE EDUC.,CIENC.E TEC. DE RONDONIA",158341,INST.FED.DE RONDONIA/CAMPUS COLORADO DO OESTE,RO,COLORADO DO OESTE,23243014502201989,Dispensa de Licitação,15834106000162019,Não se Aplica,INCISO II,SISPP,Objeto: Aquisição de detergente líquido.,2019,1/1/1900,Encerrado,Existe Resultado de Compra,1/1/1900,Não Subrogou Compra,"1.386,00"
26000,MINISTERIO DA EDUCACAO,26421,"INST.FED.DE EDUC.,CIENC.E TEC. DE RONDONIA",158341,INST.FED.DE RONDONIA/CAMPUS COLORADO DO OESTE,RO,COLORADO DO OESTE,23243013441201932,Dispensa de Licitação,15834106000172019,Não se Aplica,INCISO II,SISPP,Objeto: Contratação de manutenção corretiva em impressoras.,2019,1/1/1900,Encerrado,Existe Resultado de Compra,1/1/1900,Não Subrogou Compra,"4.740,00"
26000,MINISTERIO DA EDUCACAO,26421,"INST.FED.DE EDUC.,CIENC.E TEC. DE RONDONIA",158341,INST.FED.DE RONDONIA/CAMPUS COLORADO DO OESTE,RO,COLORADO DO OESTE,23243021842201966,Dispensa de Licitação,15834106000182019,Não se Aplica,INCISO II,SISPP,Objeto: Aquisição de Nitrogênio Líquido.,2019,1/1/1900,Encerrado,Existe Resultado de Compra,1/1/1900,Não Subrogou Compra,"1.600,00"
26000,MINISTERIO DA EDUCACAO,26421,"INST.FED.DE EDUC.,CIENC.E TEC. DE RONDONIA",158341,INST.FED.DE RONDONIA/CAMPUS COLORADO DO OESTE,RO,COLORADO DO OESTE,23243022977201949,Dispensa de Licitação,15834106000192019,Não se Aplica,INCISO II,SISPP,Objeto: Aquisição de Serviços de Marcenaria.,2019,1/1/1900,Encerrado,Existe Resultado de Compra,1/1/1900,Não Subrogou Compra,"3.356,00"
26000,MINISTERIO DA EDUCACAO,26421,"INST.FED.DE EDUC.,CIENC.E TEC. DE RONDONIA",158341,INST.FED.DE RONDONIA/CAMPUS COLORADO DO OESTE,RO,COLORADO DO OESTE,2324302393820169,Dispensa de Licitação,15834106000202019,Não se Aplica,INCISO II,SISPP,Objeto: Capacitação,2019,1/1/1900,Encerrado,Existe Resultado de Compra,1/1/1900,Não Subrogou Compra,500
26000,MINISTERIO DA EDUCACAO,26421,"INST.FED.DE EDUC.,CIENC.E TEC. DE RONDONIA",158341,INST.FED.DE RONDONIA/CAMPUS COLORADO DO OESTE,RO,COLORADO DO OESTE,23243023951000118,Dispensa de Licitação,15834106000212019,Não se Aplica,INCISO II,SISPP,Objeto: Curso de Produção de Soja,2019,1/1/1900,Encerrado,Existe Resultado de Compra,1/1/1900,Não Subrogou Compra,"1.500,00"
26000,MINISTERIO DA EDUCACAO,26421,"INST.FED.DE EDUC.,CIENC.E TEC. DE RONDONIA",158341,INST.FED.DE RONDONIA/CAMPUS COLORADO DO OESTE,RO,COLORADO DO OESTE,23243024011201946,Dispensa de Licitação,15834106000222019,Não se Aplica,INCISO II,SISPP,"Objeto: Curso capacitação Intensivo de Biotecnologias Reprodutivas para Bovinos, a ser realizada pela empresa G.M.G dos Santos - Cursos e Editora,",2019,1/1/1900,Encerrado,Existe Resultado de Compra,1/1/1900,Não Subrogou Compra,"3.560,00"
26000,MINISTERIO DA EDUCACAO,26421,"INST.FED.DE EDUC.,CIENC.E TEC. DE RONDONIA",158341,INST.FED.DE RONDONIA/CAMPUS COLORADO DO OESTE,RO,COLORADO DO OESTE,23243024348201953,Dispensa de Licitação,15834106000232019,Não se Aplica,INCISO II,SISPP,Objeto: Capacitação Referente ao  novo DECRETO Nº 10.024 DO PREGÃO ELETRÔNICO,2019,1/1/1900,Encerrado,Existe Resultado de Compra,1/1/1900,Não Subrogou Compra,"2.790,00"
26000,MINISTERIO DA EDUCACAO,26421,"INST.FED.DE EDUC.,CIENC.E TEC. DE RONDONIA",158341,INST.FED.DE RONDONIA/CAMPUS COLORADO DO OESTE,RO,COLORADO DO OESTE,23243023991201960,Dispensa de Licitação,15834106000242019,Não se Aplica,INCISO II,SISPP,"Objeto: Curso ""Desenvolvimento de Lideres e Equipes",2019,1/1/1900,Encerrado,Existe Resultado de Compra,1/1/1900,Não Subrogou Compra,"6.000,00"
26000,MINISTERIO DA EDUCACAO,26421,"INST.FED.DE EDUC.,CIENC.E TEC. DE RONDONIA",158341,INST.FED.DE RONDONIA/CAMPUS COLORADO DO OESTE,RO,COLORADO DO OESTE,23243025403201922,Dispensa de Licitação,15834106000252019,Não se Aplica,INCISO II,SISPP,Objeto: Capacitação de Servidor,2019,1/1/1900,Encerrado,Existe Resultado de Compra,1/1/1900,Não Subrogou Compra,269
26000,MINISTERIO DA EDUCACAO,26421,"INST.FED.DE EDUC.,CIENC.E TEC. DE RONDONIA",158341,INST.FED.DE RONDONIA/CAMPUS COLORADO DO OESTE,RO,COLORADO DO OESTE,23243025264201937,Dispensa de Licitação,15834106000262019,Não se Aplica,INCISO II,SISPP,Objeto: Contratação de Serviço de Manutenção de implemento no Período de Garantia,2019,1/1/1900,Encerrado,Existe Resultado de Compra,1/1/1900,Não Subrogou Compra,"546,54"
26000,MINISTERIO DA EDUCACAO,26421,"INST.FED.DE EDUC.,CIENC.E TEC. DE RONDONIA",158341,INST.FED.DE RONDONIA/CAMPUS COLORADO DO OESTE,RO,COLORADO DO OESTE,23243025264201937,Dispensa de Licitação,15834106000272019,Não se Aplica,INCISO II,SISPP,Objeto: Manutenção trator CASE II dentro do prazo de,2019,1/1/1900,Encerrado,Existe Resultado de Compra,1/1/1900,Não Subrogou Compra,"546,54"
26000,MINISTERIO DA EDUCACAO,26421,"INST.FED.DE EDUC.,CIENC.E TEC. DE RONDONIA",158341,INST.FED.DE RONDONIA/CAMPUS COLORADO DO OESTE,RO,COLORADO DO OESTE,23243026218201955,Dispensa de Licitação,15834106000282019,Não se Aplica,INCISO II,SISPP,Objeto: Contratação  DE MANUTENÇÃO DE RAMAIS TELEFÔNICOS,2019,1/1/1900,Encerrado,Existe Resultado de Compra,1/1/1900,Não Subrogou Compra,"1.100,00"
26000,MINISTERIO DA EDUCACAO,26421,"INST.FED.DE EDUC.,CIENC.E TEC. DE RONDONIA",158341,INST.FED.DE RONDONIA/CAMPUS COLORADO DO OESTE,RO,COLORADO DO OESTE,23243026489201919,Dispensa de Licitação,15834106000292019,Não se Aplica,INCISO II,SISPP,Objeto: Aquisição DE TONNER,2019,1/1/1900,Encerrado,Existe Resultado de Compra,1/1/1900,Não Subrogou Compra,"14.400,00"
26000,MINISTERIO DA EDUCACAO,26421,"INST.FED.DE EDUC.,CIENC.E TEC. DE RONDONIA",158341,INST.FED.DE RONDONIA/CAMPUS COLORADO DO OESTE,RO,COLORADO DO OESTE,23243024463201928,Dispensa de Licitação,15834106000302019,Não se Aplica,INCISO II,SISPP,Objeto: Renovação DE LICENÇA URANIA,2019,1/1/1900,Encerrado,Existe Resultado de Compra,1/1/1900,Não Subrogou Compra,"1.595,00"
26000,MINISTERIO DA EDUCACAO,26421,"INST.FED.DE EDUC.,CIENC.E TEC. DE RONDONIA",158341,INST.FED.DE RONDONIA/CAMPUS COLORADO DO OESTE,RO,COLORADO DO OESTE,23243026218201955,Dispensa de Licitação,15834106000312019,Não se Aplica,INCISO II,SISPP,Objeto: Contratação DE Manutenção de  Ramais Telefonicos,2019,1/1/1900,Encerrado,Existe Resultado de Compra,1/1/1900,Não Subrogou Compra,"1.100,00"
26000,MINISTERIO DA EDUCACAO,26421,"INST.FED.DE EDUC.,CIENC.E TEC. DE RONDONIA",158341,INST.FED.DE RONDONIA/CAMPUS COLORADO DO OESTE,RO,COLORADO DO OESTE,23243026825201915,Dispensa de Licitação,15834106000322019,Não se Aplica,INCISO II,SISPP,Objeto: Contratação de Serviço de Manutenção de implemento no Período de Garantia,2019,1/1/1900,Encerrado,Existe Resultado de Compra,1/1/1900,Não Subrogou Compra,"739,7"
26000,MINISTERIO DA EDUCACAO,26421,"INST.FED.DE EDUC.,CIENC.E TEC. DE RONDONIA",158341,INST.FED.DE RONDONIA/CAMPUS COLORADO DO OESTE,RO,COLORADO DO OESTE,23243027052201994,Dispensa de Licitação,15834106000332019,Não se Aplica,INCISO II,SISPP,Objeto: Aquisição de Cabo e Conectores com instalação,2019,1/1/1900,Encerrado,Existe Resultado de Compra,1/1/1900,Não Subrogou Compra,"12.887,00"
26000,MINISTERIO DA EDUCACAO,26421,"INST.FED.DE EDUC.,CIENC.E TEC. DE RONDONIA",158342,INST.FED.DE RONDONIA/CAMPUS VILHENA/RO,RO,VILHENA,23243011865201881,Pregão,15834205000082018,Não se Aplica,NAO SE APLICA,SISPP,Objeto: Pregão Eletrônico -  Contratação de empresas especializadas para prestação continuada de serviços de vigilância armada/desarmada e recepção,2019,4/12/2018,Evento de Resultado de Julgamento Publicado,Existe Resultado de Compra,29/1/2019,Não Subrogou Compra,"381.072,00"
26000,MINISTERIO DA EDUCACAO,26421,"INST.FED.DE EDUC.,CIENC.E TEC. DE RONDONIA",158342,INST.FED.DE RONDONIA/CAMPUS VILHENA/RO,RO,VILHENA,23243023521201815,Pregão,15834205000012019,Não se Aplica,NAO SE APLICA,SISRP,Objeto: Pregão Eletrônico -  Aquisição de materiais diversos de consumo e permanente,2019,28/2/2019,Evento de Resultado de Julgamento Publicado,Existe Resultado de Compra,23/4/2019,Não Subrogou Compra,"92.828,63"
26000,MINISTERIO DA EDUCACAO,26421,"INST.FED.DE EDUC.,CIENC.E TEC. DE RONDONIA",158342,INST.FED.DE RONDONIA/CAMPUS VILHENA/RO,RO,VILHENA,23243024539201834,Pregão,15834205000022019,Não se Aplica,NAO SE APLICA,SISRP,Objeto: Pregão Eletrônico -  Aquisição de materiais de consumo e permanente de T.I,2019,7/3/2019,Evento de Resultado de Julgamento Publicado,Existe Resultado de Compra,2/7/2019,Não Subrogou Compra,"1.313.710,26"
26000,MINISTERIO DA EDUCACAO,26421,"INST.FED.DE EDUC.,CIENC.E TEC. DE RONDONIA",158342,INST.FED.DE RONDONIA/CAMPUS VILHENA/RO,RO,VILHENA,23243006930201938,Pregão,15834205000032019,Não se Aplica,NAO SE APLICA,SISRP,Objeto: Pregão Eletrônico -  Aquisição de materiais de expediente.,2019,23/8/2019,Evento de Resultado de Julgamento Publicado,Existe Resultado de Compra,18/10/2019,Não Subrogou Compra,"1.168.532,66"
26000,MINISTERIO DA EDUCACAO,26421,"INST.FED.DE EDUC.,CIENC.E TEC. DE RONDONIA",158342,INST.FED.DE RONDONIA/CAMPUS VILHENA/RO,RO,VILHENA,23243007144201958,Pregão,15834205000042019,Não se Aplica,NAO SE APLICA,SISRP,Objeto: Pregão Eletrônico -  Aquisição de Materiais de Copa e Cozinha,2019,27/8/2019,Evento de Resultado de Julgamento Publicado,Existe Resultado de Compra,24/10/2019,Não Subrogou Compra,"543.321,57"
26000,MINISTERIO DA EDUCACAO,26421,"INST.FED.DE EDUC.,CIENC.E TEC. DE RONDONIA",158342,INST.FED.DE RONDONIA/CAMPUS VILHENA/RO,RO,VILHENA,23243024515201885,Dispensa de Licitação,15834206000012019,Não se Aplica,INCISO II,SISPP,Objeto: Toner Samsung SCX 6555A. Compatível com 6555NX e 6545,2019,1/1/1900,Encerrado,Existe Resultado de Compra,1/1/1900,Não Subrogou Compra,868
26000,MINISTERIO DA EDUCACAO,26421,"INST.FED.DE EDUC.,CIENC.E TEC. DE RONDONIA",158342,INST.FED.DE RONDONIA/CAMPUS VILHENA/RO,RO,VILHENA,23243014722201821,Dispensa de Licitação,15834206000022019,Não se Aplica,INCISO II,SISPP,Objeto: Calibração de prensa elétrica com indicador digital gráfico e capacidade para 200 toneladas força e bomba,2019,1/1/1900,Encerrado,Existe Resultado de Compra,1/1/1900,Não Subrogou Compra,"3.281,00"
26000,MINISTERIO DA EDUCACAO,26421,"INST.FED.DE EDUC.,CIENC.E TEC. DE RONDONIA",158342,INST.FED.DE RONDONIA/CAMPUS VILHENA/RO,RO,VILHENA,23243004323201933,Dispensa de Licitação,15834206000032019,Não se Aplica,INCISO II,SISPP,Objeto: Aquisição de gêneros alimentícios,2019,1/1/1900,Encerrado,Existe Resultado de Compra,1/1/1900,Não Subrogou Compra,"3.191,00"
26000,MINISTERIO DA EDUCACAO,26421,"INST.FED.DE EDUC.,CIENC.E TEC. DE RONDONIA",158342,INST.FED.DE RONDONIA/CAMPUS VILHENA/RO,RO,VILHENA,23243001637201984,Inexigibilidade de Licitação,15834207000012019,Não se Aplica,INCISO II,SISPP,Objeto: Serviço de publicação no Diário Oficial da União   DOU. Centímetro de coluna para publicação no DOU,2019,1/1/1900,Publicado,Existe Resultado de Compra,1/1/1900,Não Subrogou Compra,"19.989,20"
26000,MINISTERIO DA EDUCACAO,26421,"INST.FED.DE EDUC.,CIENC.E TEC. DE RONDONIA",158342,INST.FED.DE RONDONIA/CAMPUS VILHENA/RO,RO,VILHENA,23243002242201907,Dispensa de Licitação,15834206000042019,Não se Aplica,INCISO II,SISPP,Objeto: Aquisição de Quadro Branco móvel para atender a demanda do IFRO-Campus Vilhena.,2019,1/1/1900,Encerrado,Existe Resultado de Compra,1/1/1900,Não Subrogou Compra,"1.199,45"
26000,MINISTERIO DA EDUCACAO,26421,"INST.FED.DE EDUC.,CIENC.E TEC. DE RONDONIA",158342,INST.FED.DE RONDONIA/CAMPUS VILHENA/RO,RO,VILHENA,23243024091201859,Dispensa de Licitação,15834206000052019,Não se Aplica,INCISO IV,SISPP,Objeto: Contratação de Profissional (Ledor) para Atendimento a Pessoas com Deficiências (CBO 239225).,2019,1/1/1900,Publicado,Existe Resultado de Compra,1/1/1900,Não Subrogou Compra,"29.652,03"
26000,MINISTERIO DA EDUCACAO,26421,"INST.FED.DE EDUC.,CIENC.E TEC. DE RONDONIA",158342,INST.FED.DE RONDONIA/CAMPUS VILHENA/RO,RO,VILHENA,23243006673201934,Inexigibilidade de Licitação,15834207000022019,Não se Aplica,CAPUT,SISPP,"Objeto: Utilização de 1 (um) estande nas dimensões de 3x3m, totalizando 9m² no Espaço Empresarial do evento 1ª Rondônia Rural Sul que acontecerá no período de 3 a 07 de julho de 2019.",2019,1/1/1900,Encerrado,Existe Resultado de Compra,1/1/1900,Não Subrogou Compra,"1.500,00"
26000,MINISTERIO DA EDUCACAO,26421,"INST.FED.DE EDUC.,CIENC.E TEC. DE RONDONIA",158342,INST.FED.DE RONDONIA/CAMPUS VILHENA/RO,RO,VILHENA,23243009585201994,Dispensa de Licitação,15834206000062019,Não se Aplica,INCISO II,SISPP,Objeto: Inscrição da servidora ANELIZE IRENE APPELT no Curso Concentrado de Reputação e Gerenciamento de Crises,2019,1/1/1900,Encerrado,Existe Resultado de Compra,1/1/1900,Não Subrogou Compra,"1.290,07"
26000,MINISTERIO DA EDUCACAO,26421,"INST.FED.DE EDUC.,CIENC.E TEC. DE RONDONIA",158342,INST.FED.DE RONDONIA/CAMPUS VILHENA/RO,RO,VILHENA,23243.011552/2019,Dispensa de Licitação,15834206000072019,Não se Aplica,INCISO II,SISPP,"Objeto: Inscrição dos servidores André Luiz Becker e Marcos Adriel Sampaio Rost nos cursos Docker, Kubernetes e Openshift: Orquestrando Ambiente DevOps Escaláveis em MultiCloud, oferecido na modalidade EAD e Práticas de Continuos Monitoring para uma Infraestrutura Ágil (4528), oferecido na modalidade EAD pela 4LINUX SOFTWARE E COMÉRCIO DE PROGRAMAS LTDA, respectivamente.",2019,1/1/1900,Encerrado,Existe Resultado de Compra,1/1/1900,Não Subrogou Compra,"3.510,00"
26000,MINISTERIO DA EDUCACAO,26421,"INST.FED.DE EDUC.,CIENC.E TEC. DE RONDONIA",158342,INST.FED.DE RONDONIA/CAMPUS VILHENA/RO,RO,VILHENA,23243011861201984,Dispensa de Licitação,15834206000082019,Não se Aplica,INCISO II,SISPP,Objeto: Serviço de cópia de chaves de laboratórios e salas de aula,2019,1/1/1900,Encerrado,Existe Resultado de Compra,1/1/1900,Não Subrogou Compra,260
26000,MINISTERIO DA EDUCACAO,26421,"INST.FED.DE EDUC.,CIENC.E TEC. DE RONDONIA",158342,INST.FED.DE RONDONIA/CAMPUS VILHENA/RO,RO,VILHENA,23243010710201917,Dispensa de Licitação,15834206000092019,Não se Aplica,INCISO II,SISPP,Objeto: Aquisição de Toners para atender a demanda do IFRO - Campus Vilhena,2019,1/1/1900,Encerrado,Existe Resultado de Compra,1/1/1900,Não Subrogou Compra,"8.430,00"
26000,MINISTERIO DA EDUCACAO,26421,"INST.FED.DE EDUC.,CIENC.E TEC. DE RONDONIA",158342,INST.FED.DE RONDONIA/CAMPUS VILHENA/RO,RO,VILHENA,23243014990201924,Dispensa de Licitação,15834206000112019,Não se Aplica,INCISO II,SISPP,Objeto: Recarga de Gás Liquefeito de Petróleo  - GLP 45 kg,2019,1/1/1900,Encerrado,Existe Resultado de Compra,1/1/1900,Não Subrogou Compra,"1.005,00"
26000,MINISTERIO DA EDUCACAO,26421,"INST.FED.DE EDUC.,CIENC.E TEC. DE RONDONIA",158342,INST.FED.DE RONDONIA/CAMPUS VILHENA/RO,RO,VILHENA,23243016116201921,Dispensa de Licitação,15834206000122019,Não se Aplica,INCISO II,SISPP,Objeto: Aquisição de recarga de extintores e reparos para válvulas,2019,1/1/1900,Encerrado,Existe Resultado de Compra,1/1/1900,Não Subrogou Compra,"1.894,00"
26000,MINISTERIO DA EDUCACAO,26421,"INST.FED.DE EDUC.,CIENC.E TEC. DE RONDONIA",158342,INST.FED.DE RONDONIA/CAMPUS VILHENA/RO,RO,VILHENA,23243.014964/2019,Inexigibilidade de Licitação,15834207000032019,Não se Aplica,INCISO II,SISPP,Objeto: Renovação da assinatura do Banco de Preços,2019,1/1/1900,Encerrado,Existe Resultado de Compra,1/1/1900,Não Subrogou Compra,"7.990,00"
26000,MINISTERIO DA EDUCACAO,26421,"INST.FED.DE EDUC.,CIENC.E TEC. DE RONDONIA",158342,INST.FED.DE RONDONIA/CAMPUS VILHENA/RO,RO,VILHENA,23243017497201966,Dispensa de Licitação,15834206000132019,Não se Aplica,INCISO II,SISPP,"Objeto: Aquisição de gêneros alimentícios, para atender a demanda do Instituto Federal de Rondônia - Campus Vilhena",2019,1/1/1900,Revogação,Existe Resultado de Compra,1/1/1900,Não Subrogou Compra,"2.883,50"
26000,MINISTERIO DA EDUCACAO,26421,"INST.FED.DE EDUC.,CIENC.E TEC. DE RONDONIA",158342,INST.FED.DE RONDONIA/CAMPUS VILHENA/RO,RO,VILHENA,23243007139201945,Dispensa de Licitação,15834206000142019,Não se Aplica,INCISO XII,SISPP,"Objeto: Compra de gêneros alimentícios provenientes da agricultura familiar com recurso oriundo do Fundo Nacional do Desenvolvimento da Educação - FNDE, destinado ao Programa Nacional de Alimentação Escolar - PNAE no exercício de 2019",2019,1/1/1900,Publicado,Existe Resultado de Compra,1/1/1900,Não Subrogou Compra,"36.681,83"
26000,MINISTERIO DA EDUCACAO,26421,"INST.FED.DE EDUC.,CIENC.E TEC. DE RONDONIA",158342,INST.FED.DE RONDONIA/CAMPUS VILHENA/RO,RO,VILHENA,23243021921201977,Dispensa de Licitação,15834206000152019,Não se Aplica,INCISO II,SISPP,"Objeto: Contratação de empresa especializada em limpeza de fossas sépticas, para atender a demanda do IFRO-Campus Vilhena.",2019,1/1/1900,Encerrado,Existe Resultado de Compra,1/1/1900,Não Subrogou Compra,"3.225,00"
26000,MINISTERIO DA EDUCACAO,26421,"INST.FED.DE EDUC.,CIENC.E TEC. DE RONDONIA",158342,INST.FED.DE RONDONIA/CAMPUS VILHENA/RO,RO,VILHENA,23243017497201966,Dispensa de Licitação,15834206000162019,Não se Aplica,INCISO II,SISPP,"Objeto: Aquisição de gêneros alimentícios, para atender a demanda do Instituto Federal de Rondônia - Campus Vilhena.",2019,1/1/1900,Encerrado,Existe Resultado de Compra,1/1/1900,Não Subrogou Compra,"2.883,50"
26000,MINISTERIO DA EDUCACAO,26421,"INST.FED.DE EDUC.,CIENC.E TEC. DE RONDONIA",158342,INST.FED.DE RONDONIA/CAMPUS VILHENA/RO,RO,VILHENA,23243003857201942,Dispensa de Licitação,15834206000172019,Não se Aplica,INCISO II,SISPP,"Objeto: Contratação de serviço de acesso, via web, às coleções completas das Normas Técnicas Brasileiras (NBR s) da Associação Brasileira de Normas Técnicas (ABNT) e das Normas Técnicas da Associação Mercosul de Normalização (AMN) para o Instituto Federal de Rondônia-IFRO",2019,1/1/1900,Encerrado,Existe Resultado de Compra,1/1/1900,Não Subrogou Compra,"15.500,00"
26000,MINISTERIO DA EDUCACAO,26421,"INST.FED.DE EDUC.,CIENC.E TEC. DE RONDONIA",158342,INST.FED.DE RONDONIA/CAMPUS VILHENA/RO,RO,VILHENA,23243014300201937,Dispensa de Licitação,15834206000182019,Não se Aplica,INCISO II,SISPP,"Objeto: Aquisição de uma Motobomba Submersa para poço artesiano, para atender a demanda do Instituto Federal de Rondônia - Campus Vilhena.",2019,1/1/1900,Encerrado,Existe Resultado de Compra,1/1/1900,Não Subrogou Compra,"1.900,00"
26000,MINISTERIO DA EDUCACAO,26421,"INST.FED.DE EDUC.,CIENC.E TEC. DE RONDONIA",158342,INST.FED.DE RONDONIA/CAMPUS VILHENA/RO,RO,VILHENA,23243023778201958,Inexigibilidade de Licitação,15834207000042019,Não se Aplica,INCISO II,SISPP,"Objeto: Pagamento de Inscrição de 2 (dois) servidores no curso Licitação, Contratos Administrativos, Pregão e Sistema de Registro de Preços a Luz da IN 05/2017 MPDG e Orientação do TCU",2019,1/1/1900,Encerrado,Existe Resultado de Compra,1/1/1900,Não Subrogou Compra,"4.780,00"
26000,MINISTERIO DA EDUCACAO,26421,"INST.FED.DE EDUC.,CIENC.E TEC. DE RONDONIA",158342,INST.FED.DE RONDONIA/CAMPUS VILHENA/RO,RO,VILHENA,23243017405201948,Dispensa de Licitação,15834206000192019,Não se Aplica,INCISO II,SISPP,Objeto: Aquisição de suprimentos para impressoras,2019,1/1/1900,Encerrado,Existe Resultado de Compra,1/1/1900,Não Subrogou Compra,"8.233,00"
26000,MINISTERIO DA EDUCACAO,26421,"INST.FED.DE EDUC.,CIENC.E TEC. DE RONDONIA",158342,INST.FED.DE RONDONIA/CAMPUS VILHENA/RO,RO,VILHENA,23243024500201906,Dispensa de Licitação,15834206000202019,Não se Aplica,INCISO II,SISPP,"Objeto: Aquisição de material elétrico, para atender a demanda do Instituto Federal de Rondônia - Campus Vilhena",2019,1/1/1900,Encerrado,Existe Resultado de Compra,1/1/1900,Não Subrogou Compra,"14.233,50"
26000,MINISTERIO DA EDUCACAO,26421,"INST.FED.DE EDUC.,CIENC.E TEC. DE RONDONIA",158342,INST.FED.DE RONDONIA/CAMPUS VILHENA/RO,RO,VILHENA,23243018060201869,Dispensa de Licitação,15834206000212019,Não se Aplica,INCISO II,SISPP,Objeto: Contratação de empresa especializada no fornecimento de Serviços de Serralheria.,2019,1/1/1900,Encerrado,Existe Resultado de Compra,1/1/1900,Não Subrogou Compra,"6.887,60"
26000,MINISTERIO DA EDUCACAO,26421,"INST.FED.DE EDUC.,CIENC.E TEC. DE RONDONIA",158342,INST.FED.DE RONDONIA/CAMPUS VILHENA/RO,RO,VILHENA,23243011539201955,Dispensa de Licitação,15834206000232019,Não se Aplica,INCISO II,SISPP,"Objeto: Colchão uso hospitalar, material espuma de poliuretano, densidade D-28, comprimento 188, altura base 10, largura 83, características adicionais: forro em courvim, antialérgico, respirador lateral, aplicação com zíper.",2019,1/1/1900,Encerrado,Existe Resultado de Compra,1/1/1900,Não Subrogou Compra,"463,75"
26000,MINISTERIO DA EDUCACAO,26421,"INST.FED.DE EDUC.,CIENC.E TEC. DE RONDONIA",158342,INST.FED.DE RONDONIA/CAMPUS VILHENA/RO,RO,VILHENA,23243021199201971,Inexigibilidade de Licitação,15834207000052019,Não se Aplica,INCISO II,SISPP,"Objeto: Curso Metodologias para Aprendizagem Ativa, Metodologia de Ensino Aplicada a Grupos e Estratégias de Ensino - como fazer seus alunos aprenderem mais, oferecido na modalidade on-line.",2019,1/1/1900,Encerrado,Existe Resultado de Compra,1/1/1900,Não Subrogou Compra,"1.344,00"
26000,MINISTERIO DA EDUCACAO,26421,"INST.FED.DE EDUC.,CIENC.E TEC. DE RONDONIA",158342,INST.FED.DE RONDONIA/CAMPUS VILHENA/RO,RO,VILHENA,23243026154201992,Dispensa de Licitação,15834206000242019,Não se Aplica,INCISO II,SISPP,"Objeto: Aquisição de uma Central Telefônica, para atender a demanda do Instituto Federal de Rondônia - Campus Vilhena",2019,1/1/1900,Encerrado,Existe Resultado de Compra,1/1/1900,Não Subrogou Compra,"14.229,21"
26000,MINISTERIO DA EDUCACAO,26421,"INST.FED.DE EDUC.,CIENC.E TEC. DE RONDONIA",158343,INST.FED.DE RONDONIA/CAMPUS ARIQUEMES/RO,RO,ARIQUEMES,23243021532201861,Pregão,15834305000012019,Não se Aplica,NAO SE APLICA,SISRP,Objeto: Pregão Eletrônico -  O objeto desta licitação é o registro de preços para eventual aquisição de Gás e Água Mineral.,2019,28/1/2019,Publicado,Existe Resultado de Compra,29/1/2019,Não Subrogou Compra,"156.743,43"
26000,MINISTERIO DA EDUCACAO,26421,"INST.FED.DE EDUC.,CIENC.E TEC. DE RONDONIA",158343,INST.FED.DE RONDONIA/CAMPUS ARIQUEMES/RO,RO,ARIQUEMES,"2,3243E+16",Pregão,15834305000022019,Não se Aplica,NAO SE APLICA,SISRP,Objeto: Pregão Eletrônico -  Serviços de rede de transportes de Telecomunicações.,2019,9/5/2019,Evento de Alteração Publicado,Existe Resultado de Compra,10/5/2019,Não Subrogou Compra,"208.572,00"
26000,MINISTERIO DA EDUCACAO,26421,"INST.FED.DE EDUC.,CIENC.E TEC. DE RONDONIA",158343,INST.FED.DE RONDONIA/CAMPUS ARIQUEMES/RO,RO,ARIQUEMES,23243018548201896,Pregão,15834305000072018,Não se Aplica,NAO SE APLICA,SISRP,"Objeto: Pregão Eletrônico -  Contratação de empresa especializada para prestação continuada de serviços de limpeza, asseio e conservação.",2019,31/1/2019,Evento de Alteração Publicado,Existe Resultado de Compra,5/2/2019,Não Subrogou Compra,"693.158,52"
26000,MINISTERIO DA EDUCACAO,26421,"INST.FED.DE EDUC.,CIENC.E TEC. DE RONDONIA",158343,INST.FED.DE RONDONIA/CAMPUS ARIQUEMES/RO,RO,ARIQUEMES,23243013972201844,Pregão,15834305000032019,Não se Aplica,NAO SE APLICA,SISRP,Objeto: Pregão Eletrônico -  O objeto desta licitação é o registro de preços para eventual aquisição de medicamentos e materiais farmacológicos.,2019,15/5/2019,Publicado,Existe Resultado de Compra,24/5/2019,Não Subrogou Compra,"188.761,30"
26000,MINISTERIO DA EDUCACAO,26421,"INST.FED.DE EDUC.,CIENC.E TEC. DE RONDONIA",158343,INST.FED.DE RONDONIA/CAMPUS ARIQUEMES/RO,RO,ARIQUEMES,23243006774201913,Pregão,15834305000042019,Não se Aplica,NAO SE APLICA,SISRP,Objeto: Pregão Eletrônico -  Registro de Preços para eventual aquisição de gás e água mineral.,2019,10/6/2019,Publicado,Existe Resultado de Compra,12/6/2019,Não Subrogou Compra,"108.717,68"
26000,MINISTERIO DA EDUCACAO,26421,"INST.FED.DE EDUC.,CIENC.E TEC. DE RONDONIA",158343,INST.FED.DE RONDONIA/CAMPUS ARIQUEMES/RO,RO,ARIQUEMES,23243016940201809,Pregão,15834305000052019,Não se Aplica,NAO SE APLICA,SISRP,"Objeto: Pregão Eletrônico -  Eventual Aquisição Conjunta de Peças e Recargas de Extintores, para atender a demanda do Instituto Federal de Educação, Ciência e Tecnologia de Rondônia.",2019,15/7/2019,Publicado,Existe Resultado de Compra,18/7/2019,Não Subrogou Compra,"119.254,92"
26000,MINISTERIO DA EDUCACAO,26421,"INST.FED.DE EDUC.,CIENC.E TEC. DE RONDONIA",158343,INST.FED.DE RONDONIA/CAMPUS ARIQUEMES/RO,RO,ARIQUEMES,23243017390201918,Pregão,15834305000062019,Não se Aplica,NAO SE APLICA,SISRP,Objeto: Pregão Eletrônico -  Aquisição de Fertilizantes e defensivos Agrícolas.,2019,30/9/2019,Publicado,Existe Resultado de Compra,7/10/2019,Não Subrogou Compra,"239.829,84"
26000,MINISTERIO DA EDUCACAO,26421,"INST.FED.DE EDUC.,CIENC.E TEC. DE RONDONIA",158343,INST.FED.DE RONDONIA/CAMPUS ARIQUEMES/RO,RO,ARIQUEMES,23243011928201981,Pregão,15834305000092019,Não se Aplica,NAO SE APLICA,SISRP,"Objeto: Pregão Eletrônico -  Aquisição futura e parcelada de Sementes, Insumos e Rações.",2019,7/11/2019,Publicado,Existe Resultado de Compra,13/11/2019,Não Subrogou Compra,"228.488,65"
26000,MINISTERIO DA EDUCACAO,26421,"INST.FED.DE EDUC.,CIENC.E TEC. DE RONDONIA",158343,INST.FED.DE RONDONIA/CAMPUS ARIQUEMES/RO,RO,ARIQUEMES,23243001189201919,Dispensa de Licitação,15834306000012019,Não se Aplica,INCISO II,SISPP,Objeto: Contratação de serviço de chaveiro.,2019,1/1/1900,Encerrado,Existe Resultado de Compra,1/1/1900,Não Subrogou Compra,"7.050,00"
26000,MINISTERIO DA EDUCACAO,26421,"INST.FED.DE EDUC.,CIENC.E TEC. DE RONDONIA",158343,INST.FED.DE RONDONIA/CAMPUS ARIQUEMES/RO,RO,ARIQUEMES,23243011148201931,Dispensa de Licitação,15834306000022019,Não se Aplica,INCISO II,SISPP,"Objeto: Contratação de empresa especializada para prestação de serviços de limpeza dos resíduos de fossa séptica, para atender a demanda do IFRO-Campus Ariquemes.",2019,1/1/1900,Encerrado,Existe Resultado de Compra,1/1/1900,Não Subrogou Compra,"6.400,00"
26000,MINISTERIO DA EDUCACAO,26421,"INST.FED.DE EDUC.,CIENC.E TEC. DE RONDONIA",158343,INST.FED.DE RONDONIA/CAMPUS ARIQUEMES/RO,RO,ARIQUEMES,23243008336201981,Dispensa de Licitação,15834306000032019,Não se Aplica,INCISO XII,SISPP,"Objeto: Aquisição exclusiva de gêneros alimentícios produzidos por AGRICULTORES E EMPREENDEDORES DE BASE FAMILIAR RURAL, para atender ao IFRO Campus Ariquemes.",2019,1/1/1900,Publicado,Existe Resultado de Compra,1/1/1900,Não Subrogou Compra,"86.488,60"
26000,MINISTERIO DA EDUCACAO,26421,"INST.FED.DE EDUC.,CIENC.E TEC. DE RONDONIA",158343,INST.FED.DE RONDONIA/CAMPUS ARIQUEMES/RO,RO,ARIQUEMES,23243015233201978,Inexigibilidade de Licitação,15834307000012019,Não se Aplica,INCISO I,SISPP,"Objeto: Contratação de assinatura do Banco de Preços, criado pela empresa  NP Eventos e Serviços LTDA. Trata-se de uma ferramenta que auxilia o gestor público na fase interna da licitação, realizando pesquisas e comparação de preços praticados pela administração pública.",2019,1/1/1900,Encerrado,Existe Resultado de Compra,1/1/1900,Não Subrogou Compra,"8.700,00"
26000,MINISTERIO DA EDUCACAO,26421,"INST.FED.DE EDUC.,CIENC.E TEC. DE RONDONIA",158343,INST.FED.DE RONDONIA/CAMPUS ARIQUEMES/RO,RO,ARIQUEMES,23243017133201986,Dispensa de Licitação,15834306000042019,Não se Aplica,INCISO II,SISPP,Objeto: Dispensa de licitação para aquisição de ração necessária a manutenção das UEP¿s de ensino animal.,2019,1/1/1900,Publicado,Existe Resultado de Compra,1/1/1900,Não Subrogou Compra,"7.905,00"
26000,MINISTERIO DA EDUCACAO,26421,"INST.FED.DE EDUC.,CIENC.E TEC. DE RONDONIA",158343,INST.FED.DE RONDONIA/CAMPUS ARIQUEMES/RO,RO,ARIQUEMES,23243016042201923,Inexigibilidade de Licitação,15834307000022019,Não se Aplica,INCISO II,SISPP,Objeto: Aquisição de software para elaboração do horário das aulas - software URÂNIA.,2019,1/1/1900,Encerrado,Existe Resultado de Compra,1/1/1900,Não Subrogou Compra,"1.040,00"
26000,MINISTERIO DA EDUCACAO,26421,"INST.FED.DE EDUC.,CIENC.E TEC. DE RONDONIA",158343,INST.FED.DE RONDONIA/CAMPUS ARIQUEMES/RO,RO,ARIQUEMES,23243008105201978,Inexigibilidade de Licitação,15834307000032019,Não se Aplica,INCISO II,SISPP,"Objeto: Contratação de empresa, para prestação dos serviços de instalação da plataforma nº116436/36.",2019,1/1/1900,Publicado,Existe Resultado de Compra,1/1/1900,Não Subrogou Compra,"13.500,00"
26000,MINISTERIO DA EDUCACAO,26421,"INST.FED.DE EDUC.,CIENC.E TEC. DE RONDONIA",158343,INST.FED.DE RONDONIA/CAMPUS ARIQUEMES/RO,RO,ARIQUEMES,23243018466201922,Dispensa de Licitação,15834306000052019,Não se Aplica,INCISO II,SISPP,Objeto: Aquisição de Placas de Identificação de Veículos Oficiais.,2019,1/1/1900,Encerrado,Existe Resultado de Compra,1/1/1900,Não Subrogou Compra,"1.775,00"
26000,MINISTERIO DA EDUCACAO,26421,"INST.FED.DE EDUC.,CIENC.E TEC. DE RONDONIA",158343,INST.FED.DE RONDONIA/CAMPUS ARIQUEMES/RO,RO,ARIQUEMES,23243011401201956,Inexigibilidade de Licitação,15834307000042019,Não se Aplica,INCISO II,SISPP,"Objeto: Contratação de empresa especializada na capacitação de servidores, para atender a demanda do IFRO-Campus Ariquemes.",2019,1/1/1900,Encerrado,Existe Resultado de Compra,1/1/1900,Não Subrogou Compra,"3.582,00"
26000,MINISTERIO DA EDUCACAO,26421,"INST.FED.DE EDUC.,CIENC.E TEC. DE RONDONIA",158343,INST.FED.DE RONDONIA/CAMPUS ARIQUEMES/RO,RO,ARIQUEMES,23243023344201958,Inexigibilidade de Licitação,15834307000052019,Não se Aplica,INCISO II,SISPP,"Objeto: Contratação de empresa especializada na capacitação de servidores, para atender a demanda do IFRO-Campus Ariquemes.",2019,1/1/1900,Encerrado,Existe Resultado de Compra,1/1/1900,Não Subrogou Compra,"3.290,00"
26000,MINISTERIO DA EDUCACAO,26421,"INST.FED.DE EDUC.,CIENC.E TEC. DE RONDONIA",158343,INST.FED.DE RONDONIA/CAMPUS ARIQUEMES/RO,RO,ARIQUEMES,23243022857201941,Inexigibilidade de Licitação,15834307000062019,Não se Aplica,INCISO II,SISPP,Objeto: Contratação de empresa especializada para capacitação em Curso Completo de Sistema de Concessão de Diárias e Passagens-SCDP.,2019,1/1/1900,Encerrado,Existe Resultado de Compra,1/1/1900,Não Subrogou Compra,"2.630,00"
26000,MINISTERIO DA EDUCACAO,26421,"INST.FED.DE EDUC.,CIENC.E TEC. DE RONDONIA",158343,INST.FED.DE RONDONIA/CAMPUS ARIQUEMES/RO,RO,ARIQUEMES,23243023525201984,Inexigibilidade de Licitação,15834307000072019,Não se Aplica,INCISO II,SISPP,"Objeto: Contratação de empresa especializada na capacitação de servidor, para atender a demanda do IFRO-Campus Ariquemes.",2019,1/1/1900,Retificação,Existe Resultado de Compra,1/1/1900,Não Subrogou Compra,"2.700,00"
26000,MINISTERIO DA EDUCACAO,26421,"INST.FED.DE EDUC.,CIENC.E TEC. DE RONDONIA",158343,INST.FED.DE RONDONIA/CAMPUS ARIQUEMES/RO,RO,ARIQUEMES,23243023519201927,Inexigibilidade de Licitação,15834307000082019,Não se Aplica,INCISO II,SISPP,"Objeto: Contratação de empresa especializada na capacitação de servidores, para atender a demanda do IFRO-Campus Ariquemes. Fornecimento de chave de acesso à plataforma do curso online, pelo período de 12 meses.",2019,1/1/1900,Encerrado,Existe Resultado de Compra,1/1/1900,Não Subrogou Compra,"1.200,00"
26000,MINISTERIO DA EDUCACAO,26421,"INST.FED.DE EDUC.,CIENC.E TEC. DE RONDONIA",158343,INST.FED.DE RONDONIA/CAMPUS ARIQUEMES/RO,RO,ARIQUEMES,23243023869201993,Inexigibilidade de Licitação,15834307000092019,Não se Aplica,INCISO II,SISPP,"Objeto: Contratação de empresa especializada na capacitação do servidor IVANILDO AMORIM DE OLIVEIRA - CURSO ONLINE DE GEOPROCESSAMENTO COM QGIS, para atender a demanda do IFRO-Campus Ariquemes.",2019,1/1/1900,Encerrado,Existe Resultado de Compra,1/1/1900,Não Subrogou Compra,897
26000,MINISTERIO DA EDUCACAO,26421,"INST.FED.DE EDUC.,CIENC.E TEC. DE RONDONIA",158345,INST.FED.DE RONDONIA/CAMPUS PORTO VELHO/RO,RO,PORTO VELHO,23243019295201878,Pregão,15834505000072019,Não se Aplica,NAO SE APLICA,SISPP,"Objeto: Pregão Eletrônico -  Contratação de pessoa jurídica para elaboração de projeto de arquitetura e engenharia, nos termos da planilha constante do Termo de Referência.  O critério de julgamento será por MENOR PREÇO GLOBAL, e todos os itens constantes dessa planilha deverão observar o valor estimado.  A proposta de preços final deverá ser adequada ao valor do lance vencedor, inclusive quanto ao percentual de BDI proposto, observadas as parcelas que podem ou não sofrer alteração, nos termos da legislação, sob",2019,23/5/2019,Publicado,Existe Resultado de Compra,15/7/2019,Não Subrogou Compra,"83.500,00"
26000,MINISTERIO DA EDUCACAO,26421,"INST.FED.DE EDUC.,CIENC.E TEC. DE RONDONIA",158345,INST.FED.DE RONDONIA/CAMPUS PORTO VELHO/RO,RO,PORTO VELHO,23243009253201829,Pregão,15834505000012019,Não se Aplica,NAO SE APLICA,SISRP,"Objeto: Pregão Eletrônico -  Registro de preços para contratações futuras de limpeza, desinfecção e impermeabilização de bens, com vigência de 12 (doze) meses.",2019,14/1/2019,Publicado,Existe Resultado de Compra,18/1/2019,Não Subrogou Compra,"76.214,06"
26000,MINISTERIO DA EDUCACAO,26421,"INST.FED.DE EDUC.,CIENC.E TEC. DE RONDONIA",158345,INST.FED.DE RONDONIA/CAMPUS PORTO VELHO/RO,RO,PORTO VELHO,23243021146201879,Pregão,15834505000202018,Não se Aplica,NAO SE APLICA,SISRP,"Objeto: Pregão Eletrônico -  Registro de preços para aquisições futuras de materiais esportivos, com vigência de 12 (doze) meses.",2019,17/12/2018,Publicado,Existe Resultado de Compra,21/1/2019,Não Subrogou Compra,"218.025,16"
26000,MINISTERIO DA EDUCACAO,26421,"INST.FED.DE EDUC.,CIENC.E TEC. DE RONDONIA",158345,INST.FED.DE RONDONIA/CAMPUS PORTO VELHO/RO,RO,PORTO VELHO,23243000683201966,Pregão,15834505000022019,Não se Aplica,NAO SE APLICA,SISRP,"Objeto: Pregão Eletrônico -  Contratação de pessoa jurídica especializada na prestação de serviços de motoristas, sem fornecimento de automóvel, para condução de veículos da frota oficial do IFRO/Campus Porto Velho Calama",2019,25/3/2019,Publicado,Existe Resultado de Compra,5/4/2019,Não Subrogou Compra,"500.016,00"
26000,MINISTERIO DA EDUCACAO,26421,"INST.FED.DE EDUC.,CIENC.E TEC. DE RONDONIA",158345,INST.FED.DE RONDONIA/CAMPUS PORTO VELHO/RO,RO,PORTO VELHO,23243002968201851,Pregão,15834505000032019,Não se Aplica,NAO SE APLICA,SISRP,"Objeto: Pregão Eletrônico -  Contratações futuras de empresa especializada na manutenção de equipamentos (Argamassadeira, Projetores, TVs, etc)",2019,8/4/2019,Publicado,Existe Resultado de Compra,11/4/2019,Não Subrogou Compra,"93.228,36"
26000,MINISTERIO DA EDUCACAO,26421,"INST.FED.DE EDUC.,CIENC.E TEC. DE RONDONIA",158345,INST.FED.DE RONDONIA/CAMPUS PORTO VELHO/RO,RO,PORTO VELHO,23243021679201851,Pregão,15834505000042019,Não se Aplica,NAO SE APLICA,SISRP,"Objeto: Pregão Eletrônico -  Registro de Preços visando futuras contratações de empresa especializada na prestação de serviços de manutenção em grupo gerador e subestação para atender ao Campus Porto Velho Calama   IFRO, conforme especificações e quantidades estabelecidas, sem dedicação de mão de obra exclusiva",2019,2/5/2019,Publicado,Existe Resultado de Compra,21/5/2019,Não Subrogou Compra,"144.767,39"
26000,MINISTERIO DA EDUCACAO,26421,"INST.FED.DE EDUC.,CIENC.E TEC. DE RONDONIA",158345,INST.FED.DE RONDONIA/CAMPUS PORTO VELHO/RO,RO,PORTO VELHO,23243000722201925,Pregão,15834505000052019,Não se Aplica,NAO SE APLICA,SISRP,"Objeto: Pregão Eletrônico -  Registro de preços para eventuais contratações futuras de empresa especializada em prestação de serviços de solenidades e eventos, com vigência de 12 (doze) meses, para atender as unidades do IFRO conforme demandas, sem dedicação de mão de obra exclusiva",2019,9/5/2019,Publicado,Existe Resultado de Compra,15/5/2019,Não Subrogou Compra,"1.043.862,68"
26000,MINISTERIO DA EDUCACAO,26421,"INST.FED.DE EDUC.,CIENC.E TEC. DE RONDONIA",158345,INST.FED.DE RONDONIA/CAMPUS PORTO VELHO/RO,RO,PORTO VELHO,23243001893201971,Pregão,15834505000062019,Não se Aplica,NAO SE APLICA,SISRP,Objeto: Pregão Eletrônico -  Registro de preços de materiais diversos (consumo/permanente).,2019,13/5/2019,Publicado,Existe Resultado de Compra,5/7/2019,Não Subrogou Compra,"1.356.732,16"
26000,MINISTERIO DA EDUCACAO,26421,"INST.FED.DE EDUC.,CIENC.E TEC. DE RONDONIA",158345,INST.FED.DE RONDONIA/CAMPUS PORTO VELHO/RO,RO,PORTO VELHO,23243003976201903,Pregão,15834505000082019,Não se Aplica,NAO SE APLICA,SISRP,Objeto: Pregão Eletrônico -  Registro de Preços visando futuras contratações de empresa especializada na prestação de serviços de manutenção em elevador para atender ao Campus Porto Velho Calama   IFRO.,2019,6/6/2019,Publicado,Existe Resultado de Compra,7/6/2019,Não Subrogou Compra,"38.469,64"
26000,MINISTERIO DA EDUCACAO,26421,"INST.FED.DE EDUC.,CIENC.E TEC. DE RONDONIA",158345,INST.FED.DE RONDONIA/CAMPUS PORTO VELHO/RO,RO,PORTO VELHO,23243001382201950,Pregão,15834505000092019,Não se Aplica,NAO SE APLICA,SISRP,"Objeto: Pregão Eletrônico -  Registro de Preços visando futuras contratação de empresa especializada na prestação de serviços de controle e manutenção contínua da qualidade de água e do sistema de abastecimento alternativo, incluindo análises, para atender ao Campus Porto Velho Calama",2019,24/6/2019,Publicado,Existe Resultado de Compra,25/6/2019,Não Subrogou Compra,"275.417,22"
26000,MINISTERIO DA EDUCACAO,26421,"INST.FED.DE EDUC.,CIENC.E TEC. DE RONDONIA",158345,INST.FED.DE RONDONIA/CAMPUS PORTO VELHO/RO,RO,PORTO VELHO,23243002968201851,Pregão,15834505000102019,Não se Aplica,NAO SE APLICA,SISRP,"Objeto: Pregão Eletrônico -  Registro de preços para eventuais contratações futuras de empresa especializada na manutenção de equipamentos (Argamassadeira, Projetores, TVs, etc), com vigência de 12 (doze) meses, para atender as unidades do IFRO conforme demandas , sem dedicação de mão de obra exclusiva",2019,16/7/2019,Publicado,Existe Resultado de Compra,18/7/2019,Não Subrogou Compra,"385.867,84"
26000,MINISTERIO DA EDUCACAO,26421,"INST.FED.DE EDUC.,CIENC.E TEC. DE RONDONIA",158345,INST.FED.DE RONDONIA/CAMPUS PORTO VELHO/RO,RO,PORTO VELHO,23243004992201913,Pregão,15834505000112019,Não se Aplica,NAO SE APLICA,SISRP,Objeto: Pregão Eletrônico -  Registro de preços para aquisição de uniformes.,2019,7/8/2019,Publicado,Existe Resultado de Compra,12/8/2019,Não Subrogou Compra,"368.312,40"
26000,MINISTERIO DA EDUCACAO,26421,"INST.FED.DE EDUC.,CIENC.E TEC. DE RONDONIA",158345,INST.FED.DE RONDONIA/CAMPUS PORTO VELHO/RO,RO,PORTO VELHO,23243009227201809,Pregão,15834505000132019,Não se Aplica,NAO SE APLICA,SISRP,Objeto: Pregão Eletrônico -  Registro de preços para eventual contratação de empresa especializada em serviços de lavanderia para atender às necessidades das unidades do Campus Porto Velho Calama do Instituto Federal de Rondônia   IFRO,2019,29/8/2019,Publicado,Existe Resultado de Compra,3/9/2019,Não Subrogou Compra,"27.427,63"
26000,MINISTERIO DA EDUCACAO,26421,"INST.FED.DE EDUC.,CIENC.E TEC. DE RONDONIA",158345,INST.FED.DE RONDONIA/CAMPUS PORTO VELHO/RO,RO,PORTO VELHO,23243021954201836,Dispensa de Licitação,15834506000012019,Não se Aplica,INCISO I,SISPP,"Objeto: Contratação de Pessoa Jurídica para execução de serviço de engenharia necessário à Remodelação de Salas de Aulas no Campus Porto Velho Calama - Instituto Federal de Educação, Ciência e Tecnologia de Rondônia",2019,1/1/1900,Encerrado,Existe Resultado de Compra,1/1/1900,Não Subrogou Compra,"32.467,78"
26000,MINISTERIO DA EDUCACAO,26421,"INST.FED.DE EDUC.,CIENC.E TEC. DE RONDONIA",158345,INST.FED.DE RONDONIA/CAMPUS PORTO VELHO/RO,RO,PORTO VELHO,23243001151201946,Dispensa de Licitação,15834506000022019,Não se Aplica,INCISO II,SISPP,Objeto: Suprimentos para a impressora HID Fargo (cartão).,2019,1/1/1900,Encerrado,Existe Resultado de Compra,1/1/1900,Não Subrogou Compra,"2.130,00"
26000,MINISTERIO DA EDUCACAO,26421,"INST.FED.DE EDUC.,CIENC.E TEC. DE RONDONIA",158345,INST.FED.DE RONDONIA/CAMPUS PORTO VELHO/RO,RO,PORTO VELHO,23243002833201976,Dispensa de Licitação,15834506000032019,Não se Aplica,INCISO II,SISPP,Objeto: Aquisição de GLP,2019,1/1/1900,Encerrado,Existe Resultado de Compra,1/1/1900,Não Subrogou Compra,900
26000,MINISTERIO DA EDUCACAO,26421,"INST.FED.DE EDUC.,CIENC.E TEC. DE RONDONIA",158345,INST.FED.DE RONDONIA/CAMPUS PORTO VELHO/RO,RO,PORTO VELHO,23243000717201912,Dispensa de Licitação,15834506000042019,Não se Aplica,INCISO II,SISPP,Objeto: Contratação de empresa especializada na prestação de serviço de manutenção e restauração de estação compacta de tratamento de esgoto de fluxo horizontal.  A execução será iniciada em até 05 (cinco) dias após o recebimento da ordem de serviço. O prazo de execução dos serviços será de até 10 (dez) dias após o início dos trabalhos.  O serviço deve ter a garantia mínima de 1 (um) ano quanto à restauração de tanques e 6 (seis) meses para manutenção de equipamentos elétricos.,2019,1/1/1900,Encerrado,Existe Resultado de Compra,1/1/1900,Não Subrogou Compra,"17.500,00"
26000,MINISTERIO DA EDUCACAO,26421,"INST.FED.DE EDUC.,CIENC.E TEC. DE RONDONIA",158345,INST.FED.DE RONDONIA/CAMPUS PORTO VELHO/RO,RO,PORTO VELHO,23243002517201902,Inexigibilidade de Licitação,15834507000012019,Não se Aplica,INCISO I,SISPP,Objeto: Assinatura Anual do Banco de Preços.,2019,1/1/1900,Encerrado,Existe Resultado de Compra,1/1/1900,Não Subrogou Compra,"7.990,00"
26000,MINISTERIO DA EDUCACAO,26421,"INST.FED.DE EDUC.,CIENC.E TEC. DE RONDONIA",158345,INST.FED.DE RONDONIA/CAMPUS PORTO VELHO/RO,RO,PORTO VELHO,23243002841201912,Dispensa de Licitação,15834506000052019,Não se Aplica,INCISO II,SISPP,Objeto: Contratação direta por Dispensa de Licitação do serviço de manutenção corretiva em impressoras,2019,1/1/1900,Encerrado,Existe Resultado de Compra,1/1/1900,Não Subrogou Compra,910
26000,MINISTERIO DA EDUCACAO,26421,"INST.FED.DE EDUC.,CIENC.E TEC. DE RONDONIA",158345,INST.FED.DE RONDONIA/CAMPUS PORTO VELHO/RO,RO,PORTO VELHO,23243006714201992,Inexigibilidade de Licitação,15834507000022019,Não se Aplica,INCISO I,SISPP,Objeto: Contratação direta por Inexigibilidade de assinatura anual de acesso e uso do Sistema de Elaboração e Análise de Orçamentos de Obra,2019,1/1/1900,Encerrado,Existe Resultado de Compra,1/1/1900,Não Subrogou Compra,"699,9"
26000,MINISTERIO DA EDUCACAO,26421,"INST.FED.DE EDUC.,CIENC.E TEC. DE RONDONIA",158345,INST.FED.DE RONDONIA/CAMPUS PORTO VELHO/RO,RO,PORTO VELHO,23243017860201781,Dispensa de Licitação,15834506000082019,Não se Aplica,INCISO II,SISPP,Objeto: Aquisição de material elétrico,2019,1/1/1900,Encerrado,Existe Resultado de Compra,1/1/1900,Não Subrogou Compra,"2.305,00"
26000,MINISTERIO DA EDUCACAO,26421,"INST.FED.DE EDUC.,CIENC.E TEC. DE RONDONIA",158345,INST.FED.DE RONDONIA/CAMPUS PORTO VELHO/RO,RO,PORTO VELHO,23243008572201906,Dispensa de Licitação,15834506000092019,Não se Aplica,INCISO II,SISPP,Objeto: Materiais para manutenção do sistema de proteção contra incêndio e pânico.,2019,1/1/1900,Encerrado,Existe Resultado de Compra,1/1/1900,Não Subrogou Compra,"2.815,00"
26000,MINISTERIO DA EDUCACAO,26421,"INST.FED.DE EDUC.,CIENC.E TEC. DE RONDONIA",158345,INST.FED.DE RONDONIA/CAMPUS PORTO VELHO/RO,RO,PORTO VELHO,23243005690201954,Inexigibilidade de Licitação,15834507000032019,Não se Aplica,INCISO II,SISPP,Objeto: Inscrição em Curso de Capacitação (42° Reunião Anual da Sociedade Brasileira de Química),2019,1/1/1900,Encerrado,Existe Resultado de Compra,1/1/1900,Não Subrogou Compra,590
26000,MINISTERIO DA EDUCACAO,26421,"INST.FED.DE EDUC.,CIENC.E TEC. DE RONDONIA",158345,INST.FED.DE RONDONIA/CAMPUS PORTO VELHO/RO,RO,PORTO VELHO,23243007362201992,Inexigibilidade de Licitação,15834507000042019,Não se Aplica,INCISO II,SISPP,Objeto: Curso de Capacitação (Cobit 5) - DANIELA TISSUYA SILVA TODA,2019,1/1/1900,Encerrado,Existe Resultado de Compra,1/1/1900,Não Subrogou Compra,"1.200,00"
26000,MINISTERIO DA EDUCACAO,26421,"INST.FED.DE EDUC.,CIENC.E TEC. DE RONDONIA",158345,INST.FED.DE RONDONIA/CAMPUS PORTO VELHO/RO,RO,PORTO VELHO,23243009181201909,Inexigibilidade de Licitação,15834507000052019,Não se Aplica,INCISO II,SISPP,Objeto: Curso de Capacitação (Curso de HTML5 e CSS3 I: Suas primeiras páginas da Web) - CLEDENILSON SOUZA MARTINS,2019,1/1/1900,Encerrado,Existe Resultado de Compra,1/1/1900,Não Subrogou Compra,900
26000,MINISTERIO DA EDUCACAO,26421,"INST.FED.DE EDUC.,CIENC.E TEC. DE RONDONIA",158345,INST.FED.DE RONDONIA/CAMPUS PORTO VELHO/RO,RO,PORTO VELHO,23243007299201994,Dispensa de Licitação,15834506000072019,Não se Aplica,INCISO II,SISPP,Objeto: Aquisição direta por Dispensa de Licitação de coifa industrial.,2019,1/1/1900,Encerrado,Existe Resultado de Compra,1/1/1900,Não Subrogou Compra,"13.825,00"
26000,MINISTERIO DA EDUCACAO,26421,"INST.FED.DE EDUC.,CIENC.E TEC. DE RONDONIA",158345,INST.FED.DE RONDONIA/CAMPUS PORTO VELHO/RO,RO,PORTO VELHO,23243009186201923,Inexigibilidade de Licitação,15834507000062019,Não se Aplica,INCISO II,SISPP,Objeto: Curso de Capacitação (Evento: Jogos com Unity),2019,1/1/1900,Encerrado,Existe Resultado de Compra,1/1/1900,Não Subrogou Compra,900
26000,MINISTERIO DA EDUCACAO,26421,"INST.FED.DE EDUC.,CIENC.E TEC. DE RONDONIA",158345,INST.FED.DE RONDONIA/CAMPUS PORTO VELHO/RO,RO,PORTO VELHO,23243009025201930,Dispensa de Licitação,15834506000102019,Não se Aplica,INCISO II,SISPP,Objeto: Aquisição de materiais esportivos,2019,1/1/1900,Encerrado,Existe Resultado de Compra,1/1/1900,Não Subrogou Compra,"3.830,66"
26000,MINISTERIO DA EDUCACAO,26421,"INST.FED.DE EDUC.,CIENC.E TEC. DE RONDONIA",158345,INST.FED.DE RONDONIA/CAMPUS PORTO VELHO/RO,RO,PORTO VELHO,23243010673201939,Inexigibilidade de Licitação,15834507000072019,Não se Aplica,INCISO II,SISPP,Objeto: Capacitação do servidor Joilson Mendes Arruda,2019,1/1/1900,Encerrado,Existe Resultado de Compra,1/1/1900,Não Subrogou Compra,"1.134,00"
26000,MINISTERIO DA EDUCACAO,26421,"INST.FED.DE EDUC.,CIENC.E TEC. DE RONDONIA",158345,INST.FED.DE RONDONIA/CAMPUS PORTO VELHO/RO,RO,PORTO VELHO,23243010521201936,Dispensa de Licitação,15834506000112019,Não se Aplica,INCISO II,SISPP,"Objeto: Aquisição direta por Dispensa de Licitação de materiais acessórios para subsidiar a instalação de piso tátil no Campus, dando continuidade às ações de atendimento a critérios de acessibilidade",2019,1/1/1900,Encerrado,Existe Resultado de Compra,1/1/1900,Não Subrogou Compra,"8.513,16"
26000,MINISTERIO DA EDUCACAO,26421,"INST.FED.DE EDUC.,CIENC.E TEC. DE RONDONIA",158345,INST.FED.DE RONDONIA/CAMPUS PORTO VELHO/RO,RO,PORTO VELHO,23243011828201954,Dispensa de Licitação,15834506000122019,Não se Aplica,INCISO II,SISPP,Objeto: Aquisição direta por Dispensa de Licitação de Ponte Retificadora para manutenção em motor do Curso de Eletrotécnica,2019,1/1/1900,Encerrado,Existe Resultado de Compra,1/1/1900,Não Subrogou Compra,"636,4"
26000,MINISTERIO DA EDUCACAO,26421,"INST.FED.DE EDUC.,CIENC.E TEC. DE RONDONIA",158345,INST.FED.DE RONDONIA/CAMPUS PORTO VELHO/RO,RO,PORTO VELHO,23243008130201951,Dispensa de Licitação,15834506000132019,Não se Aplica,INCISO II,SISPP,Objeto: Aquisição direta por Dispensa de Licitação de materiais eletroeletrônicos para instalações e manutenções.,2019,1/1/1900,Encerrado,Existe Resultado de Compra,1/1/1900,Não Subrogou Compra,"1.209,00"
26000,MINISTERIO DA EDUCACAO,26421,"INST.FED.DE EDUC.,CIENC.E TEC. DE RONDONIA",158345,INST.FED.DE RONDONIA/CAMPUS PORTO VELHO/RO,RO,PORTO VELHO,23243008944201996,Inexigibilidade de Licitação,15834507000082019,Não se Aplica,INCISO I,SISPP,Objeto: Aquisição de Sensor de Barulho para uso na Biblioteca,2019,1/1/1900,Encerrado,Existe Resultado de Compra,1/1/1900,Não Subrogou Compra,"4.800,00"
26000,MINISTERIO DA EDUCACAO,26421,"INST.FED.DE EDUC.,CIENC.E TEC. DE RONDONIA",158345,INST.FED.DE RONDONIA/CAMPUS PORTO VELHO/RO,RO,PORTO VELHO,23243018151201985,Inexigibilidade de Licitação,15834507000092019,Não se Aplica,INCISO I,SISPP,"Objeto: Contratação direta por Inexigibilidade de Licitação da assinatura anual do sistema Urânia, para a Diretoria de Ensino (renovação).",2019,1/1/1900,Encerrado,Existe Resultado de Compra,1/1/1900,Não Subrogou Compra,"1.535,00"
26000,MINISTERIO DA EDUCACAO,26421,"INST.FED.DE EDUC.,CIENC.E TEC. DE RONDONIA",158345,INST.FED.DE RONDONIA/CAMPUS PORTO VELHO/RO,RO,PORTO VELHO,23243.020809/2019,Inexigibilidade de Licitação,15834507000102019,Não se Aplica,INCISO II,SISPP,Objeto: Inscrição em curso,2019,1/1/1900,Encerrado,Existe Resultado de Compra,1/1/1900,Não Subrogou Compra,"1.200,00"
26000,MINISTERIO DA EDUCACAO,26421,"INST.FED.DE EDUC.,CIENC.E TEC. DE RONDONIA",158345,INST.FED.DE RONDONIA/CAMPUS PORTO VELHO/RO,RO,PORTO VELHO,23243024049201919,Inexigibilidade de Licitação,15834507000112019,Não se Aplica,INCISO II,SISPP,Objeto: Capacitação da servidora Valéria Nazário Santos.,2019,1/1/1900,Encerrado,Existe Resultado de Compra,1/1/1900,Não Subrogou Compra,"1.310,00"
26000,MINISTERIO DA EDUCACAO,26421,"INST.FED.DE EDUC.,CIENC.E TEC. DE RONDONIA",158345,INST.FED.DE RONDONIA/CAMPUS PORTO VELHO/RO,RO,PORTO VELHO,23243022952201945,Inexigibilidade de Licitação,15834507000122019,Não se Aplica,INCISO II,SISPP,Objeto: Curso de Capacitação in company Decodificando as Emoções: Compreendendo a Linguagem Interior.,2019,1/1/1900,Encerrado,Existe Resultado de Compra,1/1/1900,Não Subrogou Compra,"6.000,00"
26000,MINISTERIO DA EDUCACAO,26421,"INST.FED.DE EDUC.,CIENC.E TEC. DE RONDONIA",158345,INST.FED.DE RONDONIA/CAMPUS PORTO VELHO/RO,RO,PORTO VELHO,23243.024295/2019,Inexigibilidade de Licitação,15834507000132019,Não se Aplica,INCISO II,SISPP,Objeto: Aquisição da renovação da assinatura de licença de utilização do Banco de Preços,2019,1/1/1900,Encerrado,Existe Resultado de Compra,1/1/1900,Não Subrogou Compra,"8.700,00"
26000,MINISTERIO DA EDUCACAO,26421,"INST.FED.DE EDUC.,CIENC.E TEC. DE RONDONIA",158376,INST.FED.DE RONDONIA/CAMPUS JI-PARANA/RO,RO,JI-PARANA,23243006152201987,Pregão,15837605000022019,Não se Aplica,NAO SE APLICA,SISPP,Objeto: Pregão Eletrônico -  Concessão administrativa de uso de bem público para serviços de lanchonete e restaurante.,2019,10/7/2019,Publicado,Existe Resultado de Compra,18/7/2019,Não Subrogou Compra,"314,12"
26000,MINISTERIO DA EDUCACAO,26421,"INST.FED.DE EDUC.,CIENC.E TEC. DE RONDONIA",158376,INST.FED.DE RONDONIA/CAMPUS JI-PARANA/RO,RO,JI-PARANA,23243017459201822,Pregão,15837605000062018,Não se Aplica,NAO SE APLICA,SISRP,"Objeto: Pregão Eletrônico -  Aquisição Conjunta de Equipamentos de Áudio, Vídeo e Fotos.",2019,26/10/2018,Evento de Resultado de Julgamento Publicado,Existe Resultado de Compra,4/2/2019,Não Subrogou Compra,"1.993.391,63"
26000,MINISTERIO DA EDUCACAO,26421,"INST.FED.DE EDUC.,CIENC.E TEC. DE RONDONIA",158376,INST.FED.DE RONDONIA/CAMPUS JI-PARANA/RO,RO,JI-PARANA,23243022601201853,Pregão,15837605000032019,Não se Aplica,NAO SE APLICA,SISRP,Objeto: Pregão Eletrônico -  Aquisição de reagentes,2019,24/9/2019,Evento de Resultado de Julgamento Publicado,Existe Resultado de Compra,14/10/2019,Não Subrogou Compra,"673.358,73"
26000,MINISTERIO DA EDUCACAO,26421,"INST.FED.DE EDUC.,CIENC.E TEC. DE RONDONIA",158376,INST.FED.DE RONDONIA/CAMPUS JI-PARANA/RO,RO,JI-PARANA,000848/2019-08,Dispensa de Licitação,15837606000012019,Não se Aplica,INCISO II,SISPP,Objeto: Serviços de Encadernação,2019,1/1/1900,Encerrado,Existe Resultado de Compra,1/1/1900,Não Subrogou Compra,"25,5"
26000,MINISTERIO DA EDUCACAO,26421,"INST.FED.DE EDUC.,CIENC.E TEC. DE RONDONIA",158376,INST.FED.DE RONDONIA/CAMPUS JI-PARANA/RO,RO,JI-PARANA,001261/2019-16,Inexigibilidade de Licitação,15837607000012019,Não se Aplica,CAPUT,SISPP,"Objeto: Publicação no Diário Oficial da União, de atos oficiais e demais matérias de interesse do Campus Ji-Paraná",2019,1/1/1900,Encerrado,Existe Resultado de Compra,1/1/1900,Não Subrogou Compra,"16.520,00"
26000,MINISTERIO DA EDUCACAO,26421,"INST.FED.DE EDUC.,CIENC.E TEC. DE RONDONIA",158376,INST.FED.DE RONDONIA/CAMPUS JI-PARANA/RO,RO,JI-PARANA,23243012252201861,Dispensa de Licitação,15837606000022019,Não se Aplica,INCISO II,SISPP,"Objeto: Cabide. Material: plástico rígido. Cor: preta. Tama-nho: 20 cm (altura) x 40 cm (largura). Espessura mínima: 0,5 mm.",2019,1/1/1900,Encerrado,Existe Resultado de Compra,1/1/1900,Não Subrogou Compra,"157,25"
26000,MINISTERIO DA EDUCACAO,26421,"INST.FED.DE EDUC.,CIENC.E TEC. DE RONDONIA",158376,INST.FED.DE RONDONIA/CAMPUS JI-PARANA/RO,RO,JI-PARANA,23243003992201998,Dispensa de Licitação,15837606000032019,Não se Aplica,INCISO II,SISPP,"Objeto: Aquisição de carga de gás GLP envasado em botijão próprio com capacidade 13 KG, fornecido mediante troca do botijão.",2019,1/1/1900,Encerrado,Existe Resultado de Compra,1/1/1900,Não Subrogou Compra,"319,92"
26000,MINISTERIO DA EDUCACAO,26421,"INST.FED.DE EDUC.,CIENC.E TEC. DE RONDONIA",158376,INST.FED.DE RONDONIA/CAMPUS JI-PARANA/RO,RO,JI-PARANA,23243006858201949,Dispensa de Licitação,15837606000042019,Não se Aplica,INCISO II,SISPP,"Objeto: Contratação de serviços de chaveiro, para atender a demanda do IFRO-Campus Ji-Paraná.",2019,1/1/1900,Encerrado,Existe Resultado de Compra,1/1/1900,Não Subrogou Compra,"5.250,00"
26000,MINISTERIO DA EDUCACAO,26421,"INST.FED.DE EDUC.,CIENC.E TEC. DE RONDONIA",158376,INST.FED.DE RONDONIA/CAMPUS JI-PARANA/RO,RO,JI-PARANA,23243010723201988,Dispensa de Licitação,15837606000052019,Não se Aplica,INCISO II,SISPP,"Objeto: Aquisição de carga de gás GLP envasado em botijão próprio com capacidade 13 KG, fornecido mediante troca do botijão.",2019,1/1/1900,Encerrado,Existe Resultado de Compra,1/1/1900,Não Subrogou Compra,"319,96"
26000,MINISTERIO DA EDUCACAO,26421,"INST.FED.DE EDUC.,CIENC.E TEC. DE RONDONIA",158376,INST.FED.DE RONDONIA/CAMPUS JI-PARANA/RO,RO,JI-PARANA,23243011832201912,Dispensa de Licitação,15837606000062019,Não se Aplica,INCISO II,SISPP,Objeto: Soleira em mármore,2019,1/1/1900,Encerrado,Existe Resultado de Compra,1/1/1900,Não Subrogou Compra,193
26000,MINISTERIO DA EDUCACAO,26421,"INST.FED.DE EDUC.,CIENC.E TEC. DE RONDONIA",158376,INST.FED.DE RONDONIA/CAMPUS JI-PARANA/RO,RO,JI-PARANA,23243017169201960,Dispensa de Licitação,15837606000072019,Não se Aplica,INCISO II,SISPP,Objeto: Aquisição de Materiais de Primeiros Socorros para o JIFRO.,2019,1/1/1900,Encerrado,Existe Resultado de Compra,1/1/1900,Não Subrogou Compra,"549,38"
26000,MINISTERIO DA EDUCACAO,26421,"INST.FED.DE EDUC.,CIENC.E TEC. DE RONDONIA",158376,INST.FED.DE RONDONIA/CAMPUS JI-PARANA/RO,RO,JI-PARANA,018313/2019-85,Dispensa de Licitação,15837606000082019,Não se Aplica,INCISO I,SISPP,"Objeto: Elaboração de Projeto de Readequação elétrica e Dimensionamento de Carga, com vistas à reforma.",2019,1/1/1900,Encerrado,Existe Resultado de Compra,1/1/1900,Não Subrogou Compra,"15.000,00"
26000,MINISTERIO DA EDUCACAO,26421,"INST.FED.DE EDUC.,CIENC.E TEC. DE RONDONIA",158376,INST.FED.DE RONDONIA/CAMPUS JI-PARANA/RO,RO,JI-PARANA,23243021527201939,Dispensa de Licitação,15837606000092019,Não se Aplica,INCISO II,SISPP,Objeto: Inscrição da servidora Aline Cortes no Curso de Elaboração de Planilhas de Custos e Formação de Preços de Bens e de Serviços Terceirizados.,2019,1/1/1900,Encerrado,Existe Resultado de Compra,1/1/1900,Não Subrogou Compra,"2.300,00"
26000,MINISTERIO DA EDUCACAO,26421,"INST.FED.DE EDUC.,CIENC.E TEC. DE RONDONIA",158376,INST.FED.DE RONDONIA/CAMPUS JI-PARANA/RO,RO,JI-PARANA,23243021345201968,Dispensa de Licitação,15837606000102019,Não se Aplica,INCISO II,SISPP,Objeto: Contratação de assinatura do Banco de Preços.,2019,1/1/1900,Encerrado,Existe Resultado de Compra,1/1/1900,Não Subrogou Compra,"8.700,00"
26000,MINISTERIO DA EDUCACAO,26421,"INST.FED.DE EDUC.,CIENC.E TEC. DE RONDONIA",158376,INST.FED.DE RONDONIA/CAMPUS JI-PARANA/RO,RO,JI-PARANA,23243022174201994,Dispensa de Licitação,15837606000112019,Não se Aplica,INCISO II,SISPP,"Objeto: Contratação de Serviço de Locação de Palco e Painel de Led, para atender a demanda do IFRO-Campus Ji-Paraná.",2019,1/1/1900,Encerrado,Existe Resultado de Compra,1/1/1900,Não Subrogou Compra,"7.600,00"
26000,MINISTERIO DA EDUCACAO,26421,"INST.FED.DE EDUC.,CIENC.E TEC. DE RONDONIA",158376,INST.FED.DE RONDONIA/CAMPUS JI-PARANA/RO,RO,JI-PARANA,23243020888201968,Dispensa de Licitação,15837606000122019,Não se Aplica,INCISO II,SISPP,Objeto: Aquisição de Materiais para Confecção de Mesas - CONPEX,2019,1/1/1900,Encerrado,Existe Resultado de Compra,1/1/1900,Não Subrogou Compra,"10.465,20"
26000,MINISTERIO DA EDUCACAO,26421,"INST.FED.DE EDUC.,CIENC.E TEC. DE RONDONIA",158376,INST.FED.DE RONDONIA/CAMPUS JI-PARANA/RO,RO,JI-PARANA,23243023029201921,Dispensa de Licitação,15837606000132019,Não se Aplica,INCISO II,SISPP,Objeto: Aquisição de banner personalizado para o CONPEX.,2019,1/1/1900,Encerrado,Existe Resultado de Compra,1/1/1900,Não Subrogou Compra,"1.925,00"
26000,MINISTERIO DA EDUCACAO,26421,"INST.FED.DE EDUC.,CIENC.E TEC. DE RONDONIA",158376,INST.FED.DE RONDONIA/CAMPUS JI-PARANA/RO,RO,JI-PARANA,024555/2019-16,Dispensa de Licitação,15837606000142019,Não se Aplica,INCISO II,SISPP,Objeto: Aquisição de papel específico para produção de imagem em relevo em máquinas fusoras.,2019,1/1/1900,Encerrado,Existe Resultado de Compra,1/1/1900,Não Subrogou Compra,"2.500,00"
26000,MINISTERIO DA EDUCACAO,26421,"INST.FED.DE EDUC.,CIENC.E TEC. DE RONDONIA",158376,INST.FED.DE RONDONIA/CAMPUS JI-PARANA/RO,RO,JI-PARANA,024529/2019-80,Dispensa de Licitação,15837606000152019,Não se Aplica,INCISO II,SISPP,Objeto: Aquisição de adesivagem/plotagem para a sala da Incubadora de Empresa.,2019,1/1/1900,Encerrado,Existe Resultado de Compra,1/1/1900,Não Subrogou Compra,840
26000,MINISTERIO DA EDUCACAO,26421,"INST.FED.DE EDUC.,CIENC.E TEC. DE RONDONIA",158376,INST.FED.DE RONDONIA/CAMPUS JI-PARANA/RO,RO,JI-PARANA,23243024092201984,Dispensa de Licitação,15837606000162019,Não se Aplica,INCISO II,SISPP,Objeto: Aquisição de Materiais para Confecção de Cabine de Áudio.,2019,1/1/1900,Encerrado,Existe Resultado de Compra,1/1/1900,Não Subrogou Compra,"1.248,05"
26000,MINISTERIO DA EDUCACAO,26421,"INST.FED.DE EDUC.,CIENC.E TEC. DE RONDONIA",158376,INST.FED.DE RONDONIA/CAMPUS JI-PARANA/RO,RO,JI-PARANA,23243024549201951,Dispensa de Licitação,15837606000172019,Não se Aplica,INCISO II,SISPP,Objeto: Contratação de serviço de decoração para o Evento Viva Melhor,2019,1/1/1900,Encerrado,Existe Resultado de Compra,1/1/1900,Não Subrogou Compra,650
26000,MINISTERIO DA EDUCACAO,26421,"INST.FED.DE EDUC.,CIENC.E TEC. DE RONDONIA",158376,INST.FED.DE RONDONIA/CAMPUS JI-PARANA/RO,RO,JI-PARANA,23243024598201993,Dispensa de Licitação,15837606000182019,Não se Aplica,INCISO II,SISPP,Objeto: Aquisição de materiais para a enfermaria.,2019,1/1/1900,Encerrado,Existe Resultado de Compra,1/1/1900,Não Subrogou Compra,"206,5"
26000,MINISTERIO DA EDUCACAO,26421,"INST.FED.DE EDUC.,CIENC.E TEC. DE RONDONIA",158376,INST.FED.DE RONDONIA/CAMPUS JI-PARANA/RO,RO,JI-PARANA,024612/2019-59,Inexigibilidade de Licitação,15837607000022019,Não se Aplica,INCISO II,SISPP,"Objeto: Contratação de empresa ETORI & RODRIGUES LTDA especializada em diversas atividades de ensino, dentre elas, Treinamento em desenvolvimento profissional e gerencial como foco nas atividades desenvolvidas pelos docentes e discentes, no formato in company, na modalidade presencial com duração de 8h (oito horas), sendo 4h para 70 (setenta) servidores, e 4h para 500 (quinhentos) alunos.",2019,1/1/1900,Encerrado,Existe Resultado de Compra,1/1/1900,Não Subrogou Compra,"7.000,00"
26000,MINISTERIO DA EDUCACAO,26421,"INST.FED.DE EDUC.,CIENC.E TEC. DE RONDONIA",158376,INST.FED.DE RONDONIA/CAMPUS JI-PARANA/RO,RO,JI-PARANA,23243025632201947,Dispensa de Licitação,15837606000192019,Não se Aplica,INCISO II,SISPP,Objeto: Serviço de limpeza de fossa séptica.,2019,1/1/1900,Encerrado,Existe Resultado de Compra,1/1/1900,Não Subrogou Compra,"5.400,00"
26000,MINISTERIO DA EDUCACAO,26421,"INST.FED.DE EDUC.,CIENC.E TEC. DE RONDONIA",158376,INST.FED.DE RONDONIA/CAMPUS JI-PARANA/RO,RO,JI-PARANA,23243000720201936,Dispensa de Licitação,15837606000202019,Não se Aplica,INCISO XII,SISPP,"Objeto: Aquisição de alimentos oriundos da agricultura familiar com recurso oriundo do Fundo Nacional do Desenvolvimento da Educação - FNDE, destinado ao Programa Nacional de Alimentação Escolar - PNAE no exercício de 2019 - Campus Ji-Paraná",2019,1/1/1900,Publicado,Existe Resultado de Compra,1/1/1900,Não Subrogou Compra,"23.797,36"
26000,MINISTERIO DA EDUCACAO,26421,"INST.FED.DE EDUC.,CIENC.E TEC. DE RONDONIA",158532,CAMPUS ZONA NORTE IFECT RO,RO,PORTO VELHO,23243024255201848,Pregão,15853205000052018,Não se Aplica,NAO SE APLICA,SISRP,"Objeto: Pregão Eletrônico -  Contratação de empresa especializada para operacionalização de estúdio de TV do Instituto Federal de Rondônia, Campus Porto Velho Zona Norte, para transmissão de programas educativos em banda satelital e produção de vídeos com conteúdos audiovisuais educacionais para veiculação em banda satelital da contratante, no portal e canal web do IFRO, em outros canais da internet, intranet, redes sociais existentes e que ainda venham a ser criadas e em eventos internos e externos da i",2019,17/1/2019,Evento de Resultado de Julgamento Publicado,Existe Resultado de Compra,4/2/2019,Não Subrogou Compra,"4.139.773,10"
26000,MINISTERIO DA EDUCACAO,26421,"INST.FED.DE EDUC.,CIENC.E TEC. DE RONDONIA",158532,CAMPUS ZONA NORTE IFECT RO,RO,PORTO VELHO,23243025207201877,Pregão,15853205000012019,Não se Aplica,NAO SE APLICA,SISRP,Objeto: Pregão Eletrônico -  O objeto da presente licitação é a escolha da proposta mais vantajosa para a  Aquisição conjunta de Material Gráfico,2019,14/5/2019,Evento de Resultado de Julgamento Publicado,Existe Resultado de Compra,22/5/2019,Não Subrogou Compra,"2.038.733,71"
26000,MINISTERIO DA EDUCACAO,26421,"INST.FED.DE EDUC.,CIENC.E TEC. DE RONDONIA",158532,CAMPUS ZONA NORTE IFECT RO,RO,PORTO VELHO,23243011691201938,Pregão,15853205000022019,Não se Aplica,NAO SE APLICA,SISRP,Objeto: Pregão Eletrônico -  Registro de preços para eventual aquisição de Toners e Suprimentos para Impressora para atender às necessidades do Instituto Federal de Rondônia,2019,4/9/2019,Evento de Resultado de Julgamento Publicado,Existe Resultado de Compra,27/9/2019,Não Subrogou Compra,"535.978,41"
26000,MINISTERIO DA EDUCACAO,26421,"INST.FED.DE EDUC.,CIENC.E TEC. DE RONDONIA",158532,CAMPUS ZONA NORTE IFECT RO,RO,PORTO VELHO,23243009677201974,Pregão,15853205000032019,Não se Aplica,NAO SE APLICA,SISRP,"Objeto: Pregão Eletrônico -  CONTRATAÇÃO DE EMPRESA ESPECIALIZADA NA PRESTAÇÃO DE SERVIÇOS DE MANUTENÇÃO PREVENTIVA E CORRETIVA DOS CONDICIONADORES DE AR, INSTALAÇÃO DE AR CONDICIONADO E ELABORAÇÃO DO PMOC -  Plano de Manutenção e Controle de Operações dos condicionadores de ar existentes no órgão conforme Portaria 3523 de 28/08/1998 do Ministério da Saúde, E  MANUTENÇÃO CORRETIVA DE  BEBEDOUROS, GELADEIRAS, FREEZERS, CÂMARAS FRIGORÍFICAS, pertencentes ao patrimônio do IFRO   Instituto Federal de Rondôni",2019,14/11/2019,Evento de Resultado de Julgamento Publicado,Existe Resultado de Compra,21/11/2019,Não Subrogou Compra,"984.580,99"
26000,MINISTERIO DA EDUCACAO,26421,"INST.FED.DE EDUC.,CIENC.E TEC. DE RONDONIA",158532,CAMPUS ZONA NORTE IFECT RO,RO,PORTO VELHO,23243000695201991,Dispensa de Licitação,15853206000012019,Não se Aplica,INCISO IV,SISPP,"Objeto: Serviço de reforma e adequação da cantina, incluindo instalações hidráulicas, sanitárias, elétricas, instalação central de gás, sistema de exaustão cozinha, incluindo demolição e retirada e demais serviços/material constante na planilha anexa, com o fornecimento de todo o material, equipamentos e ferramental necessário.",2019,1/1/1900,Publicado,Existe Resultado de Compra,1/1/1900,Não Subrogou Compra,"57.289,21"
26000,MINISTERIO DA EDUCACAO,26421,"INST.FED.DE EDUC.,CIENC.E TEC. DE RONDONIA",158532,CAMPUS ZONA NORTE IFECT RO,RO,PORTO VELHO,23243000700201965,Dispensa de Licitação,15853206000032019,Não se Aplica,INCISO XXII,SISPP,Objeto: Serviços de fornecimento energia elétrica,2019,1/1/1900,Publicado,Existe Resultado de Compra,1/1/1900,Não Subrogou Compra,"404.639,28"
26000,MINISTERIO DA EDUCACAO,26421,"INST.FED.DE EDUC.,CIENC.E TEC. DE RONDONIA",158532,CAMPUS ZONA NORTE IFECT RO,RO,PORTO VELHO,23243005143201979,Inexigibilidade de Licitação,15853207000012019,Não se Aplica,INCISO I,SISPP,"Objeto: Contratação de empresa especializada no fornecimento de inscrição ISBN para cadernos produzidos pelo IFRO, para atender a demanda do IFRO-Campus Porto Velho Zona Norte",2019,1/1/1900,Encerrado,Existe Resultado de Compra,1/1/1900,Não Subrogou Compra,44
26000,MINISTERIO DA EDUCACAO,26421,"INST.FED.DE EDUC.,CIENC.E TEC. DE RONDONIA",158532,CAMPUS ZONA NORTE IFECT RO,RO,PORTO VELHO,23243010145201980,Dispensa de Licitação,15853206000042019,Não se Aplica,INCISO II,SISPP,"Objeto: Contratação de empresa especializada nos serviços de conserto de impressoras, para atender a demanda do IFRO - Campus Porto Velho Zona Norte",2019,1/1/1900,Anulação,Existe Resultado de Compra,1/1/1900,Não Subrogou Compra,"6.610,00"
26000,MINISTERIO DA EDUCACAO,26421,"INST.FED.DE EDUC.,CIENC.E TEC. DE RONDONIA",158532,CAMPUS ZONA NORTE IFECT RO,RO,PORTO VELHO,23243010145201980,Dispensa de Licitação,15853206000052019,Não se Aplica,INCISO II,SISPP,"Objeto: Contratação de empresa especializada nos serviços de conserto de impressoras, para atender a demanda do IFRO - Campus Porto Velho Zona Norte",2019,1/1/1900,Encerrado,Existe Resultado de Compra,1/1/1900,Não Subrogou Compra,"6.070,00"
26000,MINISTERIO DA EDUCACAO,26421,"INST.FED.DE EDUC.,CIENC.E TEC. DE RONDONIA",158532,CAMPUS ZONA NORTE IFECT RO,RO,PORTO VELHO,23243013608201965,Inexigibilidade de Licitação,15853207000022019,Não se Aplica,INCISO II,SISPP,"Objeto: Inscrição da servidora FERNANDA RUSCHEL CREMONESE COLEN, no VI CONGRESSO NACIONAL DE EDUCAÇÃO - Avaliação: Processos e Políticas",2019,1/1/1900,Encerrado,Existe Resultado de Compra,1/1/1900,Não Subrogou Compra,205
26000,MINISTERIO DA EDUCACAO,26421,"INST.FED.DE EDUC.,CIENC.E TEC. DE RONDONIA",158532,CAMPUS ZONA NORTE IFECT RO,RO,PORTO VELHO,23243013719201971,Inexigibilidade de Licitação,15853207000032019,Não se Aplica,INCISO II,SISPP,Objeto: Inscrição da servidora ILMA PAULA CARVALHO DA SILVA no VI CONEDU - VI CONGRESSO NACIONAL DE EDUCAÇÃO - Avaliação: Processos e Políticas,2019,1/1/1900,Encerrado,Existe Resultado de Compra,1/1/1900,Não Subrogou Compra,205
26000,MINISTERIO DA EDUCACAO,26421,"INST.FED.DE EDUC.,CIENC.E TEC. DE RONDONIA",158532,CAMPUS ZONA NORTE IFECT RO,RO,PORTO VELHO,23243016580201918,Dispensa de Licitação,15853206000062019,Não se Aplica,INCISO II,SISPP,"Objeto: Contratação de empresa especializada em prestar serviços de pintura e demarcação da quadra poliesportiva para atender a demanda do IFRO - Campus Porto Velho Zona Norte, nas quantidades e especificações detalhadas na planilha de materiais e serviços.",2019,1/1/1900,Encerrado,Existe Resultado de Compra,1/1/1900,Não Subrogou Compra,"13.505,88"
26000,MINISTERIO DA EDUCACAO,26421,"INST.FED.DE EDUC.,CIENC.E TEC. DE RONDONIA",158532,CAMPUS ZONA NORTE IFECT RO,RO,PORTO VELHO,23243017603/20191,Dispensa de Licitação,15853206000072019,Não se Aplica,INCISO II,SISPP,"Objeto: A aquisição de tintas para pintura de traves e arquibancadas da quadra Poliesportiva do Campus Porto Velho Zona Norte, para realização dos Jogos do Instituto Federal de Rondônia   JIFRO 2019.",2019,1/1/1900,Encerrado,Existe Resultado de Compra,1/1/1900,Não Subrogou Compra,820
26000,MINISTERIO DA EDUCACAO,26421,"INST.FED.DE EDUC.,CIENC.E TEC. DE RONDONIA",158532,CAMPUS ZONA NORTE IFECT RO,RO,PORTO VELHO,23243010094201996,Dispensa de Licitação,15853206000082019,Não se Aplica,INCISO II,SISPP,Objeto: A presente solicitação tem por objeto a aquisição medicamentos e materiais hospitalares para formação de Kits de Primeiros Socorros a serem utilizados nos Jogos do Instituto Federal de Rondônia   JIFRO 2019 que acontecerá na cidade de Porto Velho/RO.,2019,1/1/1900,Encerrado,Existe Resultado de Compra,1/1/1900,Não Subrogou Compra,"1.083,30"
26000,MINISTERIO DA EDUCACAO,26421,"INST.FED.DE EDUC.,CIENC.E TEC. DE RONDONIA",158532,CAMPUS ZONA NORTE IFECT RO,RO,PORTO VELHO,23243020703201915,Dispensa de Licitação,15853206000092019,Não se Aplica,INCISO II,SISPP,"Objeto: Água mineral natural, tipo sem gás, material embalagem plástico, tipo embalagem retornável",2019,1/1/1900,Encerrado,Existe Resultado de Compra,1/1/1900,Não Subrogou Compra,"5.460,00"
26000,MINISTERIO DA EDUCACAO,26421,"INST.FED.DE EDUC.,CIENC.E TEC. DE RONDONIA",158532,CAMPUS ZONA NORTE IFECT RO,RO,PORTO VELHO,23243021168201910,Inexigibilidade de Licitação,15853207000042019,Não se Aplica,INCISO II,SISPP,Objeto: Curso de Capacitação: Metodologias Ativas,2019,1/1/1900,Encerrado,Existe Resultado de Compra,1/1/1900,Não Subrogou Compra,"1.800,00"
26000,MINISTERIO DA EDUCACAO,26421,"INST.FED.DE EDUC.,CIENC.E TEC. DE RONDONIA",158532,CAMPUS ZONA NORTE IFECT RO,RO,PORTO VELHO,23243024933201953,Dispensa de Licitação,15853206000102019,Não se Aplica,INCISO II,SISPP,Objeto: Contratação de empresa de serviço de decoração,2019,1/1/1900,Encerrado,Existe Resultado de Compra,1/1/1900,Não Subrogou Compra,"2.760,00"
26000,MINISTERIO DA EDUCACAO,26421,"INST.FED.DE EDUC.,CIENC.E TEC. DE RONDONIA",158532,CAMPUS ZONA NORTE IFECT RO,RO,PORTO VELHO,23243020901201989,Inexigibilidade de Licitação,15853207000052019,Não se Aplica,INCISO II,SISPP,Objeto: Curso de Administração Orçamentária e Financeira para uma Gestão responsável - AOF,2019,1/1/1900,Encerrado,Existe Resultado de Compra,1/1/1900,Não Subrogou Compra,"3.290,00"
26000,MINISTERIO DA EDUCACAO,26421,"INST.FED.DE EDUC.,CIENC.E TEC. DE RONDONIA",158532,CAMPUS ZONA NORTE IFECT RO,RO,PORTO VELHO,23243024031201917,Inexigibilidade de Licitação,15853207000062019,Não se Aplica,INCISO II,SISPP,"Objeto: Capacitação de 01 (um) servidor no ""Seminário Nacional de Governança, Riscos e Integridade no Setor Público",2019,1/1/1900,Encerrado,Existe Resultado de Compra,1/1/1900,Não Subrogou Compra,"3.590,00"
26000,MINISTERIO DA EDUCACAO,26421,"INST.FED.DE EDUC.,CIENC.E TEC. DE RONDONIA",158532,CAMPUS ZONA NORTE IFECT RO,RO,PORTO VELHO,23243020991201916,Inexigibilidade de Licitação,15853207000072019,Não se Aplica,INCISO II,SISPP,Objeto: Acesso à Plataforma de cursos Treinaweb,2019,1/1/1900,Encerrado,Existe Resultado de Compra,1/1/1900,Não Subrogou Compra,"4.194,00"
26000,MINISTERIO DA EDUCACAO,26421,"INST.FED.DE EDUC.,CIENC.E TEC. DE RONDONIA",158532,CAMPUS ZONA NORTE IFECT RO,RO,PORTO VELHO,23243021049201967,Inexigibilidade de Licitação,15853207000082019,Não se Aplica,INCISO II,SISPP,"Objeto: Curso intitulado ""Administração escolar e Gestão e equipes",2019,1/1/1900,Encerrado,Existe Resultado de Compra,1/1/1900,Não Subrogou Compra,690
26000,MINISTERIO DA EDUCACAO,26421,"INST.FED.DE EDUC.,CIENC.E TEC. DE RONDONIA",158532,CAMPUS ZONA NORTE IFECT RO,RO,PORTO VELHO,23243024259201915,Inexigibilidade de Licitação,15853207000092019,Não se Aplica,INCISO II,SISPP,Objeto: Plataforma EVEN 3 do site do II Congresso Ead,2019,1/1/1900,Encerrado,Existe Resultado de Compra,1/1/1900,Não Subrogou Compra,966
26000,MINISTERIO DA EDUCACAO,26421,"INST.FED.DE EDUC.,CIENC.E TEC. DE RONDONIA",158533,CAMPUS CACOAL IFECT RO,RO,CACOAL,000230/2019-30,Pregão,15853305000012019,Não se Aplica,NAO SE APLICA,SISRP,Objeto: Pregão Eletrônico -  Aquisições de Aparelhos de Ar Condicionado e outros,2019,7/3/2019,Publicado,Existe Resultado de Compra,29/3/2019,Não Subrogou Compra,"950.964,02"
26000,MINISTERIO DA EDUCACAO,26421,"INST.FED.DE EDUC.,CIENC.E TEC. DE RONDONIA",158533,CAMPUS CACOAL IFECT RO,RO,CACOAL,002664/2019-74,Pregão,15853305000022019,Não se Aplica,NAO SE APLICA,SISRP,Objeto: Pregão Eletrônico -  Aquisições de Conjuntos Moto Bombas Elétricas e outros,2019,22/3/2019,Publicado,Existe Resultado de Compra,1/4/2019,Não Subrogou Compra,"12.418,25"
26000,MINISTERIO DA EDUCACAO,26421,"INST.FED.DE EDUC.,CIENC.E TEC. DE RONDONIA",158533,CAMPUS CACOAL IFECT RO,RO,CACOAL,002514/2019-61,Pregão,15853305000032019,Não se Aplica,NAO SE APLICA,SISRP,Objeto: Pregão Eletrônico -  Aquisição de madeiras de uso agropecuário e outros,2019,17/4/2019,Publicado,Existe Resultado de Compra,24/4/2019,Não Subrogou Compra,"165.075,52"
26000,MINISTERIO DA EDUCACAO,26421,"INST.FED.DE EDUC.,CIENC.E TEC. DE RONDONIA",158533,CAMPUS CACOAL IFECT RO,RO,CACOAL,23243005142201924,Pregão,15853305000042019,Não se Aplica,NAO SE APLICA,SISRP,Objeto: Pregão Eletrônico -  Contratação de empresa especializada no fornecimento de aluguel de sistema de som.,2019,22/5/2019,Publicado,Existe Resultado de Compra,22/5/2019,Não Subrogou Compra,"2.700,00"
26000,MINISTERIO DA EDUCACAO,26421,"INST.FED.DE EDUC.,CIENC.E TEC. DE RONDONIA",158533,CAMPUS CACOAL IFECT RO,RO,CACOAL,23243010312201992,Pregão,15853305000062019,Não se Aplica,NAO SE APLICA,SISRP,Objeto: Pregão Eletrônico -  Aquisição de Tonner e Suprimentos para Impressoras,2019,7/6/2019,Publicado,Existe Resultado de Compra,25/6/2019,Não Subrogou Compra,"44.260,69"
26000,MINISTERIO DA EDUCACAO,26421,"INST.FED.DE EDUC.,CIENC.E TEC. DE RONDONIA",158533,CAMPUS CACOAL IFECT RO,RO,CACOAL,23243005232201915,Pregão,15853305000082019,Não se Aplica,NAO SE APLICA,SISRP,Objeto: Pregão Eletrônico -  Aquisição de Gêneros Alimentícios e Utensílios para Cozinha,2019,24/6/2019,Publicado,Existe Resultado de Compra,25/6/2019,Não Subrogou Compra,"11.211,17"
26000,MINISTERIO DA EDUCACAO,26421,"INST.FED.DE EDUC.,CIENC.E TEC. DE RONDONIA",158533,CAMPUS CACOAL IFECT RO,RO,CACOAL,23243009938201956,Pregão,15853305000072019,Não se Aplica,NAO SE APLICA,SISRP,Objeto: Pregão Eletrônico -  Aquisição de Materiais para Eventos e Artes,2019,15/7/2019,Publicado,Existe Resultado de Compra,18/7/2019,Não Subrogou Compra,"79.240,41"
26000,MINISTERIO DA EDUCACAO,26421,"INST.FED.DE EDUC.,CIENC.E TEC. DE RONDONIA",158533,CAMPUS CACOAL IFECT RO,RO,CACOAL,23243012196201946,Pregão,15853305000102019,Não se Aplica,NAO SE APLICA,SISRP,"Objeto: Pregão Eletrônico -  Aquisição de Rações para animais, sementes e outros",2019,22/7/2019,Publicado,Existe Resultado de Compra,31/7/2019,Não Subrogou Compra,"12.908,99"
26000,MINISTERIO DA EDUCACAO,26421,"INST.FED.DE EDUC.,CIENC.E TEC. DE RONDONIA",158533,CAMPUS CACOAL IFECT RO,RO,CACOAL,23243012093201986,Pregão,15853305000092019,Não se Aplica,NAO SE APLICA,SISRP,Objeto: Pregão Eletrônico -  Aquisição de Filtros e Elementos Filtrantes,2019,25/7/2019,Publicado,Existe Resultado de Compra,15/8/2019,Não Subrogou Compra,"5.051,18"
26000,MINISTERIO DA EDUCACAO,26421,"INST.FED.DE EDUC.,CIENC.E TEC. DE RONDONIA",158533,CAMPUS CACOAL IFECT RO,RO,CACOAL,23243015601201988,Pregão,15853305000112019,Não se Aplica,NAO SE APLICA,SISRP,Objeto: Pregão Eletrônico -  Aquisição de Gêneros Alimentícios e Utensílios para Cozinha II.,2019,20/8/2019,Publicado,Existe Resultado de Compra,22/8/2019,Não Subrogou Compra,"254.773,40"
26000,MINISTERIO DA EDUCACAO,26421,"INST.FED.DE EDUC.,CIENC.E TEC. DE RONDONIA",158533,CAMPUS CACOAL IFECT RO,RO,CACOAL,23243017464201916,Pregão,15853305000132019,Não se Aplica,NAO SE APLICA,SISRP,Objeto: Pregão Eletrônico -  Aquisição de Medicamentos e Instrumentos Veterinários.,2019,11/10/2019,Publicado,Existe Resultado de Compra,25/10/2019,Não Subrogou Compra,"56.965,45"
26000,MINISTERIO DA EDUCACAO,26421,"INST.FED.DE EDUC.,CIENC.E TEC. DE RONDONIA",158533,CAMPUS CACOAL IFECT RO,RO,CACOAL,23243021574201982,Pregão,15853305000142019,Não se Aplica,NAO SE APLICA,SISRP,"Objeto: Pregão Eletrônico -  Aquisição de Água, Gás, Gêneros Alimentícios e Outros (II)",2019,21/10/2019,Publicado,Existe Resultado de Compra,22/10/2019,Não Subrogou Compra,"73.589,62"
26000,MINISTERIO DA EDUCACAO,26421,"INST.FED.DE EDUC.,CIENC.E TEC. DE RONDONIA",158533,CAMPUS CACOAL IFECT RO,RO,CACOAL,23243010509201841,Pregão,15853305000152019,Não se Aplica,NAO SE APLICA,SISRP,Objeto: Pregão Eletrônico -  Contrações de empresas especializadas para prestação continuada de Serviços de Vigilância Armada/Desarmada e Serviços de Motoristas.,2019,20/12/2019,Publicado,Existe Resultado de Compra,26/12/2019,Não Subrogou Compra,"491.899,20"
26000,MINISTERIO DA EDUCACAO,26421,"INST.FED.DE EDUC.,CIENC.E TEC. DE RONDONIA",158533,CAMPUS CACOAL IFECT RO,RO,CACOAL,23243.006334/2019,Dispensa de Licitação,15853306000012019,Não se Aplica,INCISO II,SISPP,Objeto: Aquisição de Ribbon para impressora e Cartão PVC para Carteirinha Estudantil para atender a demanda do Campus Cacoal.,2019,1/1/1900,Encerrado,Existe Resultado de Compra,1/1/1900,Não Subrogou Compra,"7.349,00"
26000,MINISTERIO DA EDUCACAO,26421,"INST.FED.DE EDUC.,CIENC.E TEC. DE RONDONIA",158533,CAMPUS CACOAL IFECT RO,RO,CACOAL,23243.006006/2019,Dispensa de Licitação,15853306000022019,Não se Aplica,INCISO II,SISPP,"Objeto: FONTE DE ALIMENTAÇÃO COM COOLER PARA CENTRAL PABX INTELBRAS, COMPATÍVEL COM MODELO IMPACTA 220. Instalada e configurada no endereço: BR 364, Km 228, Lote 2 A, zona Rural - Cacoal/RO",2019,1/1/1900,Encerrado,Existe Resultado de Compra,1/1/1900,Não Subrogou Compra,789
26000,MINISTERIO DA EDUCACAO,26421,"INST.FED.DE EDUC.,CIENC.E TEC. DE RONDONIA",158533,CAMPUS CACOAL IFECT RO,RO,CACOAL,23243009043201911,Dispensa de Licitação,15853306000032019,Não se Aplica,INCISO II,SISPP,Objeto: Contratação de serviços de confecção de cópias de chaves.,2019,1/1/1900,Encerrado,Existe Resultado de Compra,1/1/1900,Não Subrogou Compra,"437,5"
26000,MINISTERIO DA EDUCACAO,26421,"INST.FED.DE EDUC.,CIENC.E TEC. DE RONDONIA",158533,CAMPUS CACOAL IFECT RO,RO,CACOAL,23243010095201931,Dispensa de Licitação,15853306000042019,Não se Aplica,INCISO II,SISPP,Objeto: Contratação de empresa especializada em treinamento referente ao curso Decodificando as Emoções: Compreendendo a Linguagem Interior.,2019,1/1/1900,Encerrado,Existe Resultado de Compra,1/1/1900,Não Subrogou Compra,"13.500,00"
26000,MINISTERIO DA EDUCACAO,26421,"INST.FED.DE EDUC.,CIENC.E TEC. DE RONDONIA",158533,CAMPUS CACOAL IFECT RO,RO,CACOAL,23243014235201940,Dispensa de Licitação,15853306000052019,Não se Aplica,INCISO II,SISPP,Objeto: Contratação de curso in company - Decodificando as emoções: compreendendo a linguagem interior.,2019,1/1/1900,Encerrado,Existe Resultado de Compra,1/1/1900,Não Subrogou Compra,"13.500,00"
26000,MINISTERIO DA EDUCACAO,26421,"INST.FED.DE EDUC.,CIENC.E TEC. DE RONDONIA",158533,CAMPUS CACOAL IFECT RO,RO,CACOAL,23243002728201937,Dispensa de Licitação,15853306000062019,Não se Aplica,INCISO XXX,SISPP,"Objeto: Aquisição de alimentos de agricultores familiares e demais beneficiários que se enquadrem nas disposições da Lei n.º 11.326/2006, por meio da modalidade Compra Institucional do PAA.",2019,1/1/1900,Publicado,Existe Resultado de Compra,1/1/1900,Não Subrogou Compra,"50.675,60"
26000,MINISTERIO DA EDUCACAO,26421,"INST.FED.DE EDUC.,CIENC.E TEC. DE RONDONIA",158533,CAMPUS CACOAL IFECT RO,RO,CACOAL,23243.024456/2019,Dispensa de Licitação,15853306000072019,Não se Aplica,INCISO II,SISPP,Objeto: Aquisição de Água e Gás para atender a demanda do campus Cacoal.,2019,1/1/1900,Encerrado,Existe Resultado de Compra,1/1/1900,Não Subrogou Compra,"16.023,35"
26000,MINISTERIO DA EDUCACAO,26421,"INST.FED.DE EDUC.,CIENC.E TEC. DE RONDONIA",158635,INST FED EDUC CIE E TEC RONDONIA C GUAJARÁ MI,RO,GUAJARA-MIRIM,23243020479201881,Pregão,15863505000022019,Não se Aplica,NAO SE APLICA,SISRP,"Objeto: Pregão Eletrônico -  EVENTUAL AQUISIÇÃO DE MATERIAIS ELÉTRICOS II - ITENS CANCELADOS, com fins de atendimento às necessidades do Instituto Federal de Rondônia.",2019,7/3/2019,Evento de Alteração Publicado,Existe Resultado de Compra,18/3/2019,Não Subrogou Compra,"425.183,47"
26000,MINISTERIO DA EDUCACAO,26421,"INST.FED.DE EDUC.,CIENC.E TEC. DE RONDONIA",158635,INST FED EDUC CIE E TEC RONDONIA C GUAJARÁ MI,RO,GUAJARA-MIRIM,23243023450201851,Pregão,15863505000032019,Não se Aplica,NAO SE APLICA,SISRP,"Objeto: Pregão Eletrônico -  Eventual Aquisição Divisórias de gesso acartonado (Drywall) - MDP/MDF, portas e janelas de vidro., com fins de atendimento às necessidades do Instituto Federal de Rondônia - Campus Guajará-Mirim.",2019,22/2/2019,Publicado,Existe Resultado de Compra,8/3/2019,Não Subrogou Compra,"35.837,90"
26000,MINISTERIO DA EDUCACAO,26421,"INST.FED.DE EDUC.,CIENC.E TEC. DE RONDONIA",158635,INST FED EDUC CIE E TEC RONDONIA C GUAJARÁ MI,RO,GUAJARA-MIRIM,23243004649201961,Pregão,15863505000042019,Não se Aplica,NAO SE APLICA,SISRP,"Objeto: Pregão Eletrônico -  Aquisição Material de Acessibilidade, com fins de atendimento às necessidades do Instituto Federal de Rondônia - Campus Guajará-Mirim",2019,23/5/2019,Evento de Alteração Publicado,Existe Resultado de Compra,23/5/2019,Não Subrogou Compra,"56.196,25"
26000,MINISTERIO DA EDUCACAO,26421,"INST.FED.DE EDUC.,CIENC.E TEC. DE RONDONIA",158635,INST FED EDUC CIE E TEC RONDONIA C GUAJARÁ MI,RO,GUAJARA-MIRIM,23243004652201984,Pregão,15863505000052019,Não se Aplica,NAO SE APLICA,SISRP,"Objeto: Pregão Eletrônico -  Aquisição de material mobiliário e material permanente, para atender as necessidades do IFRO - Campus Guajará-Mirim.",2019,12/6/2019,Publicado,Existe Resultado de Compra,19/6/2019,Não Subrogou Compra,"77.567,50"
26000,MINISTERIO DA EDUCACAO,26421,"INST.FED.DE EDUC.,CIENC.E TEC. DE RONDONIA",158635,INST FED EDUC CIE E TEC RONDONIA C GUAJARÁ MI,RO,GUAJARA-MIRIM,23243.003859/2019,Dispensa de Licitação,15863506000012019,Não se Aplica,INCISO II,SISPP,"Objeto: Vidro temperado incolor para Janelas de espessura de 8mm, tamanho aproximado retangular 125cmx52 (AxL). Uso em janela de correr dividida em (4) quatro folhas, sendo duas fixas e duas de correr incluindo as ferragem (cor alumínio), puxadores, trava e demais materiais necessário para a instalação.",2019,1/1/1900,Encerrado,Existe Resultado de Compra,1/1/1900,Não Subrogou Compra,"9.204,00"
26000,MINISTERIO DA EDUCACAO,26421,"INST.FED.DE EDUC.,CIENC.E TEC. DE RONDONIA",158635,INST FED EDUC CIE E TEC RONDONIA C GUAJARÁ MI,RO,GUAJARA-MIRIM,23243002220201939,Inexigibilidade de Licitação,15863507000012019,Não se Aplica,CAPUT,SISPP,"Objeto: Contratação de empresa especializada para prestação de serviços, por meio de acesso on-line a consulta de pesquisa de valores através de ""BANCO DE PREÇOS""",2019,1/1/1900,Encerrado,Existe Resultado de Compra,1/1/1900,Não Subrogou Compra,"7.990,00"
26000,MINISTERIO DA EDUCACAO,26421,"INST.FED.DE EDUC.,CIENC.E TEC. DE RONDONIA",158635,INST FED EDUC CIE E TEC RONDONIA C GUAJARÁ MI,RO,GUAJARA-MIRIM,23243006022201944,Dispensa de Licitação,15863506000022019,Não se Aplica,INCISO II,SISPP,"Objeto: Contratação de empresa especializada em serviços de transporte rodoviário de mobílias, bagagens e volumes em geral.",2019,1/1/1900,Encerrado,Existe Resultado de Compra,1/1/1900,Não Subrogou Compra,"6.437,87"
26000,MINISTERIO DA EDUCACAO,26421,"INST.FED.DE EDUC.,CIENC.E TEC. DE RONDONIA",158635,INST FED EDUC CIE E TEC RONDONIA C GUAJARÁ MI,RO,GUAJARA-MIRIM,23243.013554/2019,Dispensa de Licitação,15863506000032019,Não se Aplica,INCISO II,SISPP,"Objeto: Suprimentos de Impressora, CARTUCHO DE TONER PRETO e CILINDRO TONER, para impressora SAMSUNG - SL-M4070FR (15.000 PÁGINAS).",2019,1/1/1900,Encerrado,Existe Resultado de Compra,1/1/1900,Não Subrogou Compra,"1.960,00"
26000,MINISTERIO DA EDUCACAO,26421,"INST.FED.DE EDUC.,CIENC.E TEC. DE RONDONIA",158635,INST FED EDUC CIE E TEC RONDONIA C GUAJARÁ MI,RO,GUAJARA-MIRIM,23243019984201963,Inexigibilidade de Licitação,15863507000022019,Não se Aplica,INCISO II,SISPP,"Objeto: Contratação de empresa especializada no fornecimento de programas (software) para confecção de horários escolares, para atender a demanda do IFRO-Campus Guajará-Mirim.",2019,1/1/1900,Encerrado,Existe Resultado de Compra,1/1/1900,Não Subrogou Compra,"1.075,00"
26000,MINISTERIO DA EDUCACAO,26421,"INST.FED.DE EDUC.,CIENC.E TEC. DE RONDONIA",158636,INSTITUTO FEDERAL DE RONDONIA - CAMPUS JARU,RO,JARU,23243002243201943,Dispensa de Licitação,15863606000012019,Não se Aplica,INCISO II,SISPP,"Objeto: Aquisição de materiais de construção (areia e brita), para atender a demanda do IFRO-Campus Jaru.",2019,1/1/1900,Encerrado,Existe Resultado de Compra,1/1/1900,Não Subrogou Compra,"5.445,00"
26000,MINISTERIO DA EDUCACAO,26421,"INST.FED.DE EDUC.,CIENC.E TEC. DE RONDONIA",158636,INSTITUTO FEDERAL DE RONDONIA - CAMPUS JARU,RO,JARU,23243011190201951,Inexigibilidade de Licitação,15863607000012019,Não se Aplica,INCISO II,SISPP,"Objeto: Contratação de empresa especializada em treinamento referente ao curso ""Decodificando as Emoções: Compreendendo a Linguagem Interior"", no formato in company",2019,1/1/1900,Anulação,Existe Resultado de Compra,1/1/1900,Não Subrogou Compra,"13.000,00"
26000,MINISTERIO DA EDUCACAO,26421,"INST.FED.DE EDUC.,CIENC.E TEC. DE RONDONIA",158636,INSTITUTO FEDERAL DE RONDONIA - CAMPUS JARU,RO,JARU,23243013881201990,Inexigibilidade de Licitação,15863607000022019,Não se Aplica,INCISO II,SISPP,"Objeto: Contratação de empresa especializada em treinamento referente ao curso ""Decodificando as Emoções: Compreendendo a  Linguagem Interior"", no formato in company",2019,1/1/1900,Encerrado,Existe Resultado de Compra,1/1/1900,Não Subrogou Compra,"13.000,00"
26000,MINISTERIO DA EDUCACAO,26421,"INST.FED.DE EDUC.,CIENC.E TEC. DE RONDONIA",158636,INSTITUTO FEDERAL DE RONDONIA - CAMPUS JARU,RO,JARU,23243010939201943,Inexigibilidade de Licitação,15863607000032019,Não se Aplica,INCISO II,SISPP,"Objeto: Contratação de empresa especializada em treinamento referente ao curso ""Curso em Segurança do Trabalho"", no formato presencial (Plano Anual de Capacitação 2019).",2019,1/1/1900,Encerrado,Existe Resultado de Compra,1/1/1900,Não Subrogou Compra,"1.930,00"
26000,MINISTERIO DA EDUCACAO,26421,"INST.FED.DE EDUC.,CIENC.E TEC. DE RONDONIA",158636,INSTITUTO FEDERAL DE RONDONIA - CAMPUS JARU,RO,JARU,23243018508201925,Dispensa de Licitação,15863606000022019,Não se Aplica,INCISO II,SISPP,Objeto: Contratação de empresa especializada para o fornecimento de Botijão de Gás Liquefeito de Petróleo e acessórios - de acordo com as normas atuais da Agência Nacional do Petróleo   ANP   para atender ao Instituto Federal de Rondônia (IFRO) - Campus Jaru.,2019,1/1/1900,Encerrado,Existe Resultado de Compra,1/1/1900,Não Subrogou Compra,"3.200,00"
26000,MINISTERIO DA EDUCACAO,26421,"INST.FED.DE EDUC.,CIENC.E TEC. DE RONDONIA",158636,INSTITUTO FEDERAL DE RONDONIA - CAMPUS JARU,RO,JARU,23243024390201974,Dispensa de Licitação,15863606000032019,Não se Aplica,INCISO II,SISPP,"Objeto: Contratação de empresa especializada  para prestação de Serviço de Manutenção de Ar Condicionado, em caráter emergencial, para atender a demanda do IFRO-Campus JARU.",2019,1/1/1900,Encerrado,Existe Resultado de Compra,1/1/1900,Não Subrogou Compra,"5.600,00"
26000,MINISTERIO DA EDUCACAO,26421,"INST.FED.DE EDUC.,CIENC.E TEC. DE RONDONIA",158636,INSTITUTO FEDERAL DE RONDONIA - CAMPUS JARU,RO,JARU,23243024447201935,Dispensa de Licitação,15863606000042019,Não se Aplica,INCISO II,SISPP,"Objeto: Contratação de empresa especializada para o fornecimento de Gás Liquefeito de Petróleo - de acordo com as normas atuais da Agência Nacional do Petróleo   ANP   para atender ao Instituto Federal de Rondônia (IFRO) - Campus Jaru, no ano de 2019",2019,1/1/1900,Encerrado,Existe Resultado de Compra,1/1/1900,Não Subrogou Compra,"1.398,00"
26000,MINISTERIO DA EDUCACAO,26421,"INST.FED.DE EDUC.,CIENC.E TEC. DE RONDONIA",158636,INSTITUTO FEDERAL DE RONDONIA - CAMPUS JARU,RO,JARU,23243019143201956,Inexigibilidade de Licitação,15863607000042019,Não se Aplica,INCISO II,SISPP,"Objeto: Aquisição de software Urânia  Faixa D entre 17 a 24 turmas por turno, para geração e manutenção de quadro de horário de aula de professores e turmas, para atender ao Instituto Federal de Rondônia (IFRO) - Campus Jaru.",2019,1/1/1900,Encerrado,Existe Resultado de Compra,1/1/1900,Não Subrogou Compra,"1.080,00"
26000,MINISTERIO DA EDUCACAO,26421,"INST.FED.DE EDUC.,CIENC.E TEC. DE RONDONIA",158636,INSTITUTO FEDERAL DE RONDONIA - CAMPUS JARU,RO,JARU,23243024502201997,Inexigibilidade de Licitação,15863607000052019,Não se Aplica,INCISO II,SISPP,"Objeto: Contratação de empresa ETORI & RODRIGUES LTDA especializada em diversas atividades de ensino, dentre elas, Treinamento em desenvolvimento profissional e gerencial como foco nas atividades desenvolvidas pelos docentes e discentes, no formato in company, na modalidade presencial com duração de 8h (oito horas), sendo 4h para 60 (sessenta) servidores, e  4h para 360 (trezentos e sessenta) alunos.",2019,1/1/1900,Encerrado,Existe Resultado de Compra,1/1/1900,Não Subrogou Compra,"7.000,00"