"Órgão Sup UResp Compra ID","Órgão Vinc UResp Compra DESC","Órgão UResp Compra ID","Órgão UResp Compra DESC","Cod UResp Compra DESC","Cod UResp Compra NOME","UF UResp Compra DESC","Municipio UResp Compra DESC","Número Processo Compra DESC","Modalidade Compra DESC","Identif Compra DESC","Tipo Licitação DESC","Inciso Disp Legal DESC","Forma Compra DESC","Objeto Compra DESC","Dia Abert Sessão Publ ID","Sit Atual Compra DESC","Existência Result Compra DESC","Dia Homologação Compra DESC","Sub-rogação Compra DESC","Valor Total Homologado"
26000,"MINISTERIO DA EDUCACAO",26421,"INST.FED.DE EDUC.,CIENC.E TEC. DE RONDONIA",158148,"INST.FED.DE EDUC.,CIENC.E TEC.DE RONDONIA","RO","PORTO VELHO","23243006438201610","Pregão","15814805000162016","Não se Aplica","NAO SE APLICA","SISPP","Objeto: Pregão Eletrônico -  Contratação de empresa especializada para prestação continuada de serviços de limpeza, asseio e conservação, que compreenderá o fornecimento de mão de obra e todo o material de consumo e equipamentos necessários e adequados à execução dos serviços, sob regime de execução indireta, pelo período de 12 (doze) meses, admitida a prorrogação nos termos da lei, conforme condições constantes do Termo de Referência e seus anexos. UNIDADES ATENDIDAS: Reitoria e  Campus Avançado Jaru.",27/12/2016,"Publicado","Existe Resultado de Compra","03 Fev 2017","Não Subrogou Compra","144.000,0000"
26000,"MINISTERIO DA EDUCACAO",26421,"INST.FED.DE EDUC.,CIENC.E TEC. DE RONDONIA",158148,"INST.FED.DE EDUC.,CIENC.E TEC.DE RONDONIA","RO","PORTO VELHO","23243002412201783","Pregão","15814805000022017","Não se Aplica","NAO SE APLICA","SISPP","Objeto: Pregão Eletrônico -  Contratação de pessoa jurídica para prestação do serviço de arbitragem para atender aos JOGOS DO INSTITUTO FEDERAL DE RONDÔNIA - JIFRO 2017, a ser realizado no município de Porto Velho/RO, no período de 03 a 07 de julho de 2017.",8/6/2017,"Publicado","Existe Resultado de Compra","22 Jun 2017","Não Subrogou Compra","30.790,4100"
26000,"MINISTERIO DA EDUCACAO",26421,"INST.FED.DE EDUC.,CIENC.E TEC. DE RONDONIA",158148,"INST.FED.DE EDUC.,CIENC.E TEC.DE RONDONIA","RO","PORTO VELHO","23243015682201754","Pregão","15814805000052017","Não se Aplica","NAO SE APLICA","SISPP","Objeto: Pregão Eletrônico -  Contratação de empresa para a PRESTAÇÃO DOS SERVIÇOS DE IMPLANTAÇÃO DE SUBESTAÇÃO AÉREA DE 300 KVA NAS DEPENDÊNCIAS DO CAMPUS JARU, com recursos assegurados pela Reitoria do Instituto Federal de Rondônia, através do Ministério da Educação, conforme Projeto, Planilha Orçamentária, Memorial Descritivo e anexos.",15/12/2017,"Publicado","Existe Resultado de Compra","26 Dez 2017","Não Subrogou Compra","103.550,0000"
26000,"MINISTERIO DA EDUCACAO",26421,"INST.FED.DE EDUC.,CIENC.E TEC. DE RONDONIA",158148,"INST.FED.DE EDUC.,CIENC.E TEC.DE RONDONIA","RO","PORTO VELHO","23243002799201697","Pregão","15814805000142016","Não se Aplica","NAO SE APLICA","SISRP","Objeto: Pregão Eletrônico -  Materiais diversos (açúcar,café, filtro coador de café, garrafa térmica, adesivos para frota,borracha pra carimbo, kit microfone, Kit testador de cabos, lampadas led)",31/10/2016,"Evento de Adiamento Publicado","Existe Resultado de Compra","02 Mar 2017","Não Subrogou Compra","6.282,0000"
26000,"MINISTERIO DA EDUCACAO",26421,"INST.FED.DE EDUC.,CIENC.E TEC. DE RONDONIA",158148,"INST.FED.DE EDUC.,CIENC.E TEC.DE RONDONIA","RO","PORTO VELHO","23243001621201718","Pregão","15814805000012017","Não se Aplica","NAO SE APLICA","SISRP","Objeto: Pregão Eletrônico -  Registro de preços para eventual contratação de empresa especializada para prestação do serviço de hospedagem com fornecimento de alimentação nos municípios de Porto Velho/RO, Ariquemes/RO, Ji-Paraná/RO, Cacoal/RO, Vilhena/RO e Guajará-Mirim/RO para atender as demandas da Reitoria e dos Campi do INSTITUTO FEDERAL DE RONDÔNIA   IFRO.",19/4/2017,"Publicado","Existe Resultado de Compra","02 Jun 2017","Não Subrogou Compra","2.265.811,4500"
26000,"MINISTERIO DA EDUCACAO",26421,"INST.FED.DE EDUC.,CIENC.E TEC. DE RONDONIA",158148,"INST.FED.DE EDUC.,CIENC.E TEC.DE RONDONIA","RO","PORTO VELHO","23243002897201713","Pregão","15814805000032017","Não se Aplica","NAO SE APLICA","SISRP","Objeto: Pregão Eletrônico -  Aquisição de materiais de suporte para atividades de divulgação e desenvolvimento institucional, visando atender às necessidades das unidades do Instituto Federal de Rondônia - IFRO, conforme especificações e quantidades estabelecidas no Termo de Referência, Edital e anex",22/8/2017,"Publicado","Existe Resultado de Compra","17 Out 2017","Não Subrogou Compra","681.481,0600"
26000,"MINISTERIO DA EDUCACAO",26421,"INST.FED.DE EDUC.,CIENC.E TEC. DE RONDONIA",158148,"INST.FED.DE EDUC.,CIENC.E TEC.DE RONDONIA","RO","PORTO VELHO","23243010425201726","Pregão","15814805000042017","Não se Aplica","NAO SE APLICA","SISRP","Objeto: Pregão Eletrônico -  Registro de preços para futura e eventual contratação de serviço de emissão e renovação de certificação digital A3, e CPF, dentro das especificações e normas ICP-Brasil, e o fornecimento de dispositivos para armazenamento de certificados digitais do tipo token USB criptográfico, com validade mínima de 3 (três) anos conforme itens e especificações, para atender às necessidades deste Instituto Federal de Rondônia.",24/8/2017,"Publicado","Existe Resultado de Compra","12 Set 2017","Não Subrogou Compra","13.828,5800"
26000,"MINISTERIO DA EDUCACAO",26421,"INST.FED.DE EDUC.,CIENC.E TEC. DE RONDONIA",158148,"INST.FED.DE EDUC.,CIENC.E TEC.DE RONDONIA","RO","PORTO VELHO","23243000165201781","Dispensa de Licitação","15814806000012017","Não se Aplica","INCISO XXII","SISPP","Objeto: Contratação de empresa especializada em serviços de energia elétrica, para atender a demanda do IFRO-Campus Avançado Jaru.",31/12/1899,"Publicado","Existe Resultado de Compra","01 Jan 1900","Não Subrogou Compra","18.000,0000"
26000,"MINISTERIO DA EDUCACAO",26421,"INST.FED.DE EDUC.,CIENC.E TEC. DE RONDONIA",158148,"INST.FED.DE EDUC.,CIENC.E TEC.DE RONDONIA","RO","PORTO VELHO","23243000164201736","Inexigibilidade de Licitação","15814807000012017","Não se Aplica","INCISO I","SISPP","Objeto: Contratação, por prazo indeterminado, de empresa especializada em serviços de abastecimento de água e/ou esgoto, para atender a demanda do IFRO-Campus Avançado Jaru.",31/12/1899,"Encerrado","Existe Resultado de Compra","01 Jan 1900","Não Subrogou Compra","3.600,0000"
26000,"MINISTERIO DA EDUCACAO",26421,"INST.FED.DE EDUC.,CIENC.E TEC. DE RONDONIA",158148,"INST.FED.DE EDUC.,CIENC.E TEC.DE RONDONIA","RO","PORTO VELHO","000980/2017-40","Dispensa de Licitação","15814806000022017","Não se Aplica","INCISO II","SISPP","Objeto: Contratação de empresa especializada para fornecimento de placa para atender as necessidades do IFRO - Campus Avançado Jaru.",31/12/1899,"Encerrado","Existe Resultado de Compra","01 Jan 1900","Não Subrogou Compra","1.390,0000"
26000,"MINISTERIO DA EDUCACAO",26421,"INST.FED.DE EDUC.,CIENC.E TEC. DE RONDONIA",158148,"INST.FED.DE EDUC.,CIENC.E TEC.DE RONDONIA","RO","PORTO VELHO","00006/2017-41","Dispensa de Licitação","15814806000032017","Não se Aplica","INCISO II","SISPP","Objeto: Contratação de empresas especializadas para fornecimento de brita e espelho para atender as necessidades do IFRO-CAMPUS AVANÇADO JARU.",31/12/1899,"Encerrado","Existe Resultado de Compra","01 Jan 1900","Não Subrogou Compra","6.880,0000"
26000,"MINISTERIO DA EDUCACAO",26421,"INST.FED.DE EDUC.,CIENC.E TEC. DE RONDONIA",158148,"INST.FED.DE EDUC.,CIENC.E TEC.DE RONDONIA","RO","PORTO VELHO","23243001644201714","Inexigibilidade de Licitação","15814807000022017","Não se Aplica","INCISO II","SISPP","Objeto: Capacitação e Formação de Pregoeiros, Termo de Referência e SRP.",31/12/1899,"Encerrado","Existe Resultado de Compra","01 Jan 1900","Não Subrogou Compra","2.590,0000"
26000,"MINISTERIO DA EDUCACAO",26421,"INST.FED.DE EDUC.,CIENC.E TEC. DE RONDONIA",158148,"INST.FED.DE EDUC.,CIENC.E TEC.DE RONDONIA","RO","PORTO VELHO","23243001635201723","Inexigibilidade de Licitação","15814807000032017","Não se Aplica","INCISO II","SISPP","Objeto: Capacitação (Servidora: Laura Borges Nogueira) - FAUBAI Conference 2017 - New Trends on Internalization of HE: Social Engagement and Innovation.",31/12/1899,"Encerrado","Existe Resultado de Compra","01 Jan 1900","Não Subrogou Compra","1.770,0000"
26000,"MINISTERIO DA EDUCACAO",26421,"INST.FED.DE EDUC.,CIENC.E TEC. DE RONDONIA",158148,"INST.FED.DE EDUC.,CIENC.E TEC.DE RONDONIA","RO","PORTO VELHO","11112000007201795","Dispensa de Licitação","15814806000042017","Não se Aplica","INCISO II","SISPP","Objeto: Contratação de empresa especializada em prestação dos serviços de limpeza externa, sem cessão de mão de obra, para atender a demanda do IFRO-Campus Avançado Jaru.",31/12/1899,"Encerrado","Existe Resultado de Compra","01 Jan 1900","Não Subrogou Compra","7.871,6000"
26000,"MINISTERIO DA EDUCACAO",26421,"INST.FED.DE EDUC.,CIENC.E TEC. DE RONDONIA",158148,"INST.FED.DE EDUC.,CIENC.E TEC.DE RONDONIA","RO","PORTO VELHO","23243002690201731","Dispensa de Licitação","15814806000052017","Não se Aplica","INCISO II","SISPP","Objeto: Placa comemorativa. Placa de inauguração de aço inox escovado, 2mm de espessura, moldura em alumínio escovado com 4mm de espessura, letreiro em baixo relevo, pintado com tinta eletrostática, aplicação de duas demãos de verniz com bi componente, moldura em alumínio escovado fixadas com parafuso tipo chinesinho 1( uma polegada). Dimensões: 90x60 cm colorida. Arte produzida pelo IFRO.",31/12/1899,"Encerrado","Existe Resultado de Compra","01 Jan 1900","Não Subrogou Compra","1.500,0000"
26000,"MINISTERIO DA EDUCACAO",26421,"INST.FED.DE EDUC.,CIENC.E TEC. DE RONDONIA",158148,"INST.FED.DE EDUC.,CIENC.E TEC.DE RONDONIA","RO","PORTO VELHO","23243010065201762","Dispensa de Licitação","15814806000062017","Não se Aplica","INCISO II","SISPP","Objeto: Contratação de empresa especializada no fornecimento de uniformes escolares, para atender a demanda do IFRO-Campus Avançado Jaru .",31/12/1899,"Encerrado","Existe Resultado de Compra","01 Jan 1900","Não Subrogou Compra","6.615,0000"
26000,"MINISTERIO DA EDUCACAO",26421,"INST.FED.DE EDUC.,CIENC.E TEC. DE RONDONIA",158148,"INST.FED.DE EDUC.,CIENC.E TEC.DE RONDONIA","RO","PORTO VELHO","002793/2017-09","Inexigibilidade de Licitação","15814807000042017","Não se Aplica","INCISO II","SISPP","Objeto: Capacitação de servidora Elizângela Aparecida Souza Santos.",31/12/1899,"Encerrado","Existe Resultado de Compra","01 Jan 1900","Não Subrogou Compra","780,0000"
26000,"MINISTERIO DA EDUCACAO",26421,"INST.FED.DE EDUC.,CIENC.E TEC. DE RONDONIA",158148,"INST.FED.DE EDUC.,CIENC.E TEC.DE RONDONIA","RO","PORTO VELHO","002939/2017-16","Inexigibilidade de Licitação","15814807000052017","Não se Aplica","INCISO II","SISPP","Objeto: Capacitação do servidor Romualdo Souza de Lima.",31/12/1899,"Encerrado","Existe Resultado de Compra","01 Jan 1900","Não Subrogou Compra","1.000,0000"
26000,"MINISTERIO DA EDUCACAO",26421,"INST.FED.DE EDUC.,CIENC.E TEC. DE RONDONIA",158148,"INST.FED.DE EDUC.,CIENC.E TEC.DE RONDONIA","RO","PORTO VELHO","23243003507201714","Dispensa de Licitação","15814806000072017","Não se Aplica","INCISO II","SISPP","Objeto: Aquisição de materiais para o JIFRO/2017-Troféu e água mineral.",31/12/1899,"Encerrado","Existe Resultado de Compra","01 Jan 1900","Não Subrogou Compra","3.952,5000"
26000,"MINISTERIO DA EDUCACAO",26421,"INST.FED.DE EDUC.,CIENC.E TEC. DE RONDONIA",158148,"INST.FED.DE EDUC.,CIENC.E TEC.DE RONDONIA","RO","PORTO VELHO","23243003538201775","Dispensa de Licitação","15814806000082017","Não se Aplica","INCISO II","SISPP","Objeto: Contratação de pessoa jurídica para prestação do serviço de arbitragem de atletismo para atender aos Jogos do Instituto Federal de Rondônia-JIFRO 2017, a ser realizado no município de Porto Velho/RO, no período de 03 a 07 de julho de 2017.",31/12/1899,"Encerrado","Existe Resultado de Compra","01 Jan 1900","Não Subrogou Compra","7.924,9800"
26000,"MINISTERIO DA EDUCACAO",26421,"INST.FED.DE EDUC.,CIENC.E TEC. DE RONDONIA",158148,"INST.FED.DE EDUC.,CIENC.E TEC.DE RONDONIA","RO","PORTO VELHO","23243003177201767","Inexigibilidade de Licitação","15814807000062017","Não se Aplica","INCISO II","SISPP","Objeto: Capacitação da servidora Taynan Izabelle Gonçalves da Cruz.",31/12/1899,"Encerrado","Existe Resultado de Compra","01 Jan 1900","Não Subrogou Compra","2.790,0000"
26000,"MINISTERIO DA EDUCACAO",26421,"INST.FED.DE EDUC.,CIENC.E TEC. DE RONDONIA",158148,"INST.FED.DE EDUC.,CIENC.E TEC.DE RONDONIA","RO","PORTO VELHO","23243010312201721","Dispensa de Licitação","15814806000092017","Não se Aplica","INCISO II","SISPP","Objeto: Confecção e instalação de placas e targetas veiculares para utilização nos veículos utilizados pela Reitoria do Instituto Federal de Rondônia (IFRO), para o ano de 2017.",31/12/1899,"Encerrado","Existe Resultado de Compra","01 Jan 1900","Não Subrogou Compra","1.350,0000"
26000,"MINISTERIO DA EDUCACAO",26421,"INST.FED.DE EDUC.,CIENC.E TEC. DE RONDONIA",158148,"INST.FED.DE EDUC.,CIENC.E TEC.DE RONDONIA","RO","PORTO VELHO","23243003400201776","Inexigibilidade de Licitação","15814807000072017","Não se Aplica","INCISO II","SISPP","Objeto: Capacitação do servidor Marcos Rogério de Oliveira Azevedo.  Curso: Segurança em servidores LINUX.",31/12/1899,"Encerrado","Existe Resultado de Compra","01 Jan 1900","Não Subrogou Compra","1.400,0000"
26000,"MINISTERIO DA EDUCACAO",26421,"INST.FED.DE EDUC.,CIENC.E TEC. DE RONDONIA",158148,"INST.FED.DE EDUC.,CIENC.E TEC.DE RONDONIA","RO","PORTO VELHO","23243011164201761","Inexigibilidade de Licitação","15814807000082017","Não se Aplica","INCISO II","SISPP","Objeto: Capacitação do servidor Reynaldo Garcia Junior. Curso: Cordova & PhoneGap: Apps mobile com HTML, CSSe JS.",31/12/1899,"Encerrado","Existe Resultado de Compra","01 Jan 1900","Não Subrogou Compra","300,0000"
26000,"MINISTERIO DA EDUCACAO",26421,"INST.FED.DE EDUC.,CIENC.E TEC. DE RONDONIA",158148,"INST.FED.DE EDUC.,CIENC.E TEC.DE RONDONIA","RO","PORTO VELHO","23243003964201717","Inexigibilidade de Licitação","15814807000092017","Não se Aplica","INCISO II","SISPP","Objeto: Capacitação do servidor Jairo Tschurtschenthaler Costa - Curso: 27ª Conferência Anprotec de Empreendedorismo e Ambientes de Inovação.",31/12/1899,"Encerrado","Existe Resultado de Compra","01 Jan 1900","Não Subrogou Compra","1.415,0000"
26000,"MINISTERIO DA EDUCACAO",26421,"INST.FED.DE EDUC.,CIENC.E TEC. DE RONDONIA",158148,"INST.FED.DE EDUC.,CIENC.E TEC.DE RONDONIA","RO","PORTO VELHO","23243003965/20175","Inexigibilidade de Licitação","15814807000102017","Não se Aplica","INCISO II","SISPP","Objeto: Capacitação do servidor Sergio Francisco Loss Franzin - Curso: 27ª Conferência Anprotec de Empreendedorismo e Ambientes de Inovação.",31/12/1899,"Encerrado","Existe Resultado de Compra","01 Jan 1900","Não Subrogou Compra","1.415,0000"
26000,"MINISTERIO DA EDUCACAO",26421,"INST.FED.DE EDUC.,CIENC.E TEC. DE RONDONIA",158148,"INST.FED.DE EDUC.,CIENC.E TEC.DE RONDONIA","RO","PORTO VELHO","23243011524201725","Inexigibilidade de Licitação","15814807000112017","Não se Aplica","INCISO II","SISPP","Objeto: XIV CURSO SOBRE SISTEMA DE GESTÃO DE CONVÊNIOS - SICONV   PORTAL DOS CONVÊNIOS (Servidora - Ana Cristina do nascimento)",31/12/1899,"Encerrado","Existe Resultado de Compra","01 Jan 1900","Não Subrogou Compra","1.530,0000"
26000,"MINISTERIO DA EDUCACAO",26421,"INST.FED.DE EDUC.,CIENC.E TEC. DE RONDONIA",158148,"INST.FED.DE EDUC.,CIENC.E TEC.DE RONDONIA","RO","PORTO VELHO","23243012869201704","Inexigibilidade de Licitação","15814807000122017","Não se Aplica","INCISO II","SISPP","Objeto: Curso Previdência dos Servidores Públicos: Cálculos de Aposentadorias e Pensões. Aposentadorias Especiais, Compulsória, RPPS e Previdência Complementar (Funpresp). (Servidora   Cleonice Cabral Costa)",31/12/1899,"Encerrado","Existe Resultado de Compra","01 Jan 1900","Não Subrogou Compra","2.540,0000"
26000,"MINISTERIO DA EDUCACAO",26421,"INST.FED.DE EDUC.,CIENC.E TEC. DE RONDONIA",158148,"INST.FED.DE EDUC.,CIENC.E TEC.DE RONDONIA","RO","PORTO VELHO","23243012744201776","Inexigibilidade de Licitação","15814807000132017","Não se Aplica","INCISO II","SISPP","Objeto: Capacitação do servidor Eduardo da Silva Pinheiro Abreu - curso prático: Folha de Pagamento Aplicada ao   Sistema SIAPE.",31/12/1899,"Encerrado","Existe Resultado de Compra","01 Jan 1900","Não Subrogou Compra","2.590,0000"
26000,"MINISTERIO DA EDUCACAO",26421,"INST.FED.DE EDUC.,CIENC.E TEC. DE RONDONIA",158148,"INST.FED.DE EDUC.,CIENC.E TEC.DE RONDONIA","RO","PORTO VELHO","23243012586201754","Inexigibilidade de Licitação","15814807000142017","Não se Aplica","INCISO II","SISPP","Objeto: Capacitação - servidora  Sonia Haruto Ito - Curso Previdência dos Servidores Públicos: Cálculos de Aposentadorias e Pensões. Aposentadorias Especiais, Compulsória, RPPS e Previdência Complementar (Funpresp).",31/12/1899,"Encerrado","Existe Resultado de Compra","01 Jan 1900","Não Subrogou Compra","2.540,0000"
26000,"MINISTERIO DA EDUCACAO",26421,"INST.FED.DE EDUC.,CIENC.E TEC. DE RONDONIA",158148,"INST.FED.DE EDUC.,CIENC.E TEC.DE RONDONIA","RO","PORTO VELHO","23243014677201724","Dispensa de Licitação","15814806000102017","Não se Aplica","INCISO II","SISPP","Objeto: Contratação de empresa especializada na locação, confecção, colagem e manutenção de cartazes em BUSDOOR. Dimensões: área total de 9,0 x 3,00 metros (LxA) e área visual de 8,80 x 2,90 metros (LxA). Município de Porto Velho/RO.",31/12/1899,"Encerrado","Existe Resultado de Compra","01 Jan 1900","Não Subrogou Compra","7.840,0000"
26000,"MINISTERIO DA EDUCACAO",26421,"INST.FED.DE EDUC.,CIENC.E TEC. DE RONDONIA",158148,"INST.FED.DE EDUC.,CIENC.E TEC.DE RONDONIA","RO","PORTO VELHO","23243013687201742","Inexigibilidade de Licitação","15814807000152017","Não se Aplica","INCISO II","SISPP","Objeto: Capacitação da servidora Gleiciane Santos Oliveira Xavier de Mesquita - Curso: 47º FONAITec   Fórum Técnico das Auditorias Internas do MEC.",31/12/1899,"Encerrado","Existe Resultado de Compra","01 Jan 1900","Não Subrogou Compra","1.000,0000"
26000,"MINISTERIO DA EDUCACAO",26421,"INST.FED.DE EDUC.,CIENC.E TEC. DE RONDONIA",158148,"INST.FED.DE EDUC.,CIENC.E TEC.DE RONDONIA","RO","PORTO VELHO","23243014425201703","Inexigibilidade de Licitação","15814807000162017","Não se Aplica","INCISO II","SISPP","Objeto: Capacitação da servidora Rosa Martins Costa Pereira - Curso Avaliação Institucional-Formação de Pesquisadores Institucionais.",31/12/1899,"Encerrado","Existe Resultado de Compra","01 Jan 1900","Não Subrogou Compra","1.950,0000"
26000,"MINISTERIO DA EDUCACAO",26421,"INST.FED.DE EDUC.,CIENC.E TEC. DE RONDONIA",158148,"INST.FED.DE EDUC.,CIENC.E TEC.DE RONDONIA","RO","PORTO VELHO","23243016151201789","Inexigibilidade de Licitação","15814807000172017","Não se Aplica","INCISO II","SISPP","Objeto: Capacitação do servidor Herbert Rodrigo Colares Benigno - Curso: Gestão e Fiscalização de Contratos, de Acordo com a Nova IN 05/2017 MPOG - Visão Sistêmica.",31/12/1899,"Encerrado","Existe Resultado de Compra","01 Jan 1900","Não Subrogou Compra","2.490,0000"
26000,"MINISTERIO DA EDUCACAO",26421,"INST.FED.DE EDUC.,CIENC.E TEC. DE RONDONIA",158148,"INST.FED.DE EDUC.,CIENC.E TEC.DE RONDONIA","RO","PORTO VELHO","23243016205201714","Inexigibilidade de Licitação","15814807000182017","Não se Aplica","INCISO I","SISPP","Objeto: Aquisição de licenças de uso perpétuo dos softwares de engenharia EBERICK V10 PLENA e a plataforma QIBUILDER, incluindo, garantia e suporte técnico, para uso da Diretoria de Engenharia e Infraestrutura do IFRO.",31/12/1899,"Publicado","Existe Resultado de Compra","01 Jan 1900","Não Subrogou Compra","40.725,0000"
26000,"MINISTERIO DA EDUCACAO",26421,"INST.FED.DE EDUC.,CIENC.E TEC. DE RONDONIA",158148,"INST.FED.DE EDUC.,CIENC.E TEC.DE RONDONIA","RO","PORTO VELHO","23243018214201731","Dispensa de Licitação","15814806000112017","Não se Aplica","INCISO II","SISPP","Objeto: Contratação de empresa especializada para prestação de serviços de transporte de mobiliário, bagagem, tipo mudança residencial.",31/12/1899,"Encerrado","Existe Resultado de Compra","01 Jan 1900","Não Subrogou Compra","2.565,9900"
26000,"MINISTERIO DA EDUCACAO",26421,"INST.FED.DE EDUC.,CIENC.E TEC. DE RONDONIA",158148,"INST.FED.DE EDUC.,CIENC.E TEC.DE RONDONIA","RO","PORTO VELHO","23243010227201762","Inexigibilidade de Licitação","15814807000192017","Não se Aplica","INCISO I","SISPP","Objeto: Contratação de licenças de uso, bem como dos serviços continuados de atualização, manutenção e suporte de licença do software SimuleRH, simulador de aposentadoria dos servidores abrangidos pelo Regime Próprio de Previdência Social (RPPS), pelo período de 12 (doze) meses, prorrogáveis na forma da lei, conforme quantidades e especificações  constantes do Termo de Referência e seus anexos.",31/12/1899,"Publicado","Existe Resultado de Compra","01 Jan 1900","Não Subrogou Compra","20.000,0000"
26000,"MINISTERIO DA EDUCACAO",26421,"INST.FED.DE EDUC.,CIENC.E TEC. DE RONDONIA",158341,"INST.FED.DE RONDONIA/CAMPUS COLORADO DO OESTE","RO","COLORADO DO OESTE","23243006990201616","Pregão","15834105000422016","Não se Aplica","NAO SE APLICA","SISPP","Objeto: Pregão Eletrônico -  Contratção de TV por Assinatura",6/1/2017,"Evento de Resultado de Julgamento Publicado","Existe Resultado de Compra","09 Jan 2017","Não Subrogou Compra","7.463,7600"
26000,"MINISTERIO DA EDUCACAO",26421,"INST.FED.DE EDUC.,CIENC.E TEC. DE RONDONIA",158341,"INST.FED.DE RONDONIA/CAMPUS COLORADO DO OESTE","RO","COLORADO DO OESTE","23243007800201670","Pregão","15834105000012017","Não se Aplica","NAO SE APLICA","SISPP","Objeto: Pregão Eletrônico -  Contratação corretiva e preventiva da rede de distribuição elétrica",24/1/2017,"Evento de Resultado de Julgamento Publicado","Existe Resultado de Compra","13 Fev 2017","Não Subrogou Compra","35.000,0000"
26000,"MINISTERIO DA EDUCACAO",26421,"INST.FED.DE EDUC.,CIENC.E TEC. DE RONDONIA",158341,"INST.FED.DE RONDONIA/CAMPUS COLORADO DO OESTE","RO","COLORADO DO OESTE","23243007383201665","Pregão","15834105000432016","Não se Aplica","NAO SE APLICA","SISPP","Objeto: Pregão Eletrônico -  Contratação de serviço tercerizado de mão de obra",25/1/2017,"Evento de Resultado de Julgamento Publicado","Existe Resultado de Compra","20 Fev 2017","Não Subrogou Compra","1.386.942,7400"
26000,"MINISTERIO DA EDUCACAO",26421,"INST.FED.DE EDUC.,CIENC.E TEC. DE RONDONIA",158341,"INST.FED.DE RONDONIA/CAMPUS COLORADO DO OESTE","RO","COLORADO DO OESTE","23243007533201631","Pregão","15834105000442016","Não se Aplica","NAO SE APLICA","SISPP","Objeto: Pregão Eletrônico -  Contratação de Manutenção Corretiva e Preventiva de Motores Elétricos, Roçadeiras, Motosserras e Pulverizadores.",14/2/2017,"Evento de Resultado de Julgamento Publicado","Existe Resultado de Compra","17 Fev 2017","Não Subrogou Compra","4.063,0000"
26000,"MINISTERIO DA EDUCACAO",26421,"INST.FED.DE EDUC.,CIENC.E TEC. DE RONDONIA",158341,"INST.FED.DE RONDONIA/CAMPUS COLORADO DO OESTE","RO","COLORADO DO OESTE","23243000376201713","Tomada de Preços","15834102000012017","Preço","NAO SE APLICA","SISPP","Objeto: Contratação de obra e serviços de engenharia para adequação da rede elétrica.",31/12/1899,"Evento de Resultado de Julgamento Publicado","Existe Resultado de Compra","01 Jan 1900","Não Subrogou Compra","107.954,4400"
26000,"MINISTERIO DA EDUCACAO",26421,"INST.FED.DE EDUC.,CIENC.E TEC. DE RONDONIA",158341,"INST.FED.DE RONDONIA/CAMPUS COLORADO DO OESTE","RO","COLORADO DO OESTE","23243001330201711","Pregão","15834105000122017","Não se Aplica","NAO SE APLICA","SISPP","Objeto: Pregão Eletrônico -  Contratação de Empresa Especializada em Serviços de Manutenção de Equipamentos de Laboratórios",18/5/2017,"Evento de Resultado de Julgamento Publicado","Existe Resultado de Compra","19 Mai 2017","Não Subrogou Compra","74.150,9800"
26000,"MINISTERIO DA EDUCACAO",26421,"INST.FED.DE EDUC.,CIENC.E TEC. DE RONDONIA",158341,"INST.FED.DE RONDONIA/CAMPUS COLORADO DO OESTE","RO","COLORADO DO OESTE","23243002384201702","Pregão","15834105000142017","Não se Aplica","NAO SE APLICA","SISPP","Objeto: Pregão Eletrônico -  Contratação de empresa Especializada em manutenção corretiva e preventiva em central telefônica e ramais",15/5/2017,"Evento de Resultado de Julgamento Publicado","Existe Resultado de Compra","16 Mai 2017","Não Subrogou Compra","21.913,0000"
26000,"MINISTERIO DA EDUCACAO",26421,"INST.FED.DE EDUC.,CIENC.E TEC. DE RONDONIA",158341,"INST.FED.DE RONDONIA/CAMPUS COLORADO DO OESTE","RO","COLORADO DO OESTE","23243002248201712","Pregão","15834105000202017","Não se Aplica","NAO SE APLICA","SISPP","Objeto: Contratação de manutenção de motores elétrico",13/7/2017,"Evento de Resultado de Julgamento Publicado","Existe Resultado de Compra","21 Jul 2017","Não Subrogou Compra","17.032,3600"
26000,"MINISTERIO DA EDUCACAO",26421,"INST.FED.DE EDUC.,CIENC.E TEC. DE RONDONIA",158341,"INST.FED.DE RONDONIA/CAMPUS COLORADO DO OESTE","RO","COLORADO DO OESTE","23243002384201702","Pregão","15834105000242017","Não se Aplica","NAO SE APLICA","SISPP","Objeto: Pregão Eletrônico -  Contratação de Empresa Especializada em Manutenção Corretiva e Preventiva em Central Telefônica e Ramais.",2/8/2017,"Evento de Resultado de Julgamento Publicado","Existe Resultado de Compra","08 Jan 2018","Não Subrogou Compra","21.560,4300"
26000,"MINISTERIO DA EDUCACAO",26421,"INST.FED.DE EDUC.,CIENC.E TEC. DE RONDONIA",158341,"INST.FED.DE RONDONIA/CAMPUS COLORADO DO OESTE","RO","COLORADO DO OESTE","23243003516201713","Pregão","15834105000292017","Não se Aplica","NAO SE APLICA","SISPP","Objeto: Pregão Eletrônico -  Contratação de Empresa Especializada em Manutenção Corretiva e Preventiva em Equipamentos de Topografia, Meteorológicos e de Cozinha.",11/10/2017,"Evento de Resultado de Julgamento Publicado","Existe Resultado de Compra","01 Nov 2017","Não Subrogou Compra","20.336,3800"
26000,"MINISTERIO DA EDUCACAO",26421,"INST.FED.DE EDUC.,CIENC.E TEC. DE RONDONIA",158341,"INST.FED.DE RONDONIA/CAMPUS COLORADO DO OESTE","RO","COLORADO DO OESTE","23243004099201637","Pregão","15834105000272016","Não se Aplica","NAO SE APLICA","SISRP","Objeto: Pregão Eletrônico -  Aquisição de Material de Construção.",3/8/2016,"Evento de Resultado de Julgamento Publicado","Existe Resultado de Compra","24 Ago 2016","Não Subrogou Compra","441.540,8000"
26000,"MINISTERIO DA EDUCACAO",26421,"INST.FED.DE EDUC.,CIENC.E TEC. DE RONDONIA",158341,"INST.FED.DE RONDONIA/CAMPUS COLORADO DO OESTE","RO","COLORADO DO OESTE","23243006959201677","Pregão","15834105000412017","Não se Aplica","NAO SE APLICA","SISRP","Objeto: Pregão Eletrônico -  Contartação de transporte rodoviario de passageiros",16/1/2017,"Evento de Resultado de Julgamento Publicado","Existe Resultado de Compra","16 Jan 2017","Não Subrogou Compra","24.696,0000"
26000,"MINISTERIO DA EDUCACAO",26421,"INST.FED.DE EDUC.,CIENC.E TEC. DE RONDONIA",158341,"INST.FED.DE RONDONIA/CAMPUS COLORADO DO OESTE","RO","COLORADO DO OESTE","23243000161201701","Pregão","15834105000022017","Não se Aplica","NAO SE APLICA","SISRP","Objeto: Pregão Eletrônico -  Aquisição de Equipamento de  Laboratório e Refrigeração",13/2/2017,"Evento de Resultado de Julgamento Publicado","Existe Resultado de Compra","03 Mar 2017","Não Subrogou Compra","494.087,0900"
26000,"MINISTERIO DA EDUCACAO",26421,"INST.FED.DE EDUC.,CIENC.E TEC. DE RONDONIA",158341,"INST.FED.DE RONDONIA/CAMPUS COLORADO DO OESTE","RO","COLORADO DO OESTE","23243000494201721","Pregão","15834105000032017","Não se Aplica","NAO SE APLICA","SISRP","Objeto: Pregão Eletrônico -  Aquisição de Combustível e Óleo Lubrificante.",7/3/2017,"Evento de Resultado de Julgamento Publicado","Existe Resultado de Compra","10 Mar 2017","Não Subrogou Compra","126.580,0000"
26000,"MINISTERIO DA EDUCACAO",26421,"INST.FED.DE EDUC.,CIENC.E TEC. DE RONDONIA",158341,"INST.FED.DE RONDONIA/CAMPUS COLORADO DO OESTE","RO","COLORADO DO OESTE","23243000370201746","Pregão","15834105000042017","Não se Aplica","NAO SE APLICA","SISRP","Objeto: Pregão Eletrônico -  Aquisição de Núcleo, Ração e Concentrado.",14/3/2017,"Evento de Resultado de Julgamento Publicado","Existe Resultado de Compra","29 Mar 2017","Não Subrogou Compra","400.839,5200"
26000,"MINISTERIO DA EDUCACAO",26421,"INST.FED.DE EDUC.,CIENC.E TEC. DE RONDONIA",158341,"INST.FED.DE RONDONIA/CAMPUS COLORADO DO OESTE","RO","COLORADO DO OESTE","23243000398201783","Pregão","15834105000052017","Não se Aplica","NAO SE APLICA","SISRP","Objeto: Pregão Eletrônico -  Aquisição de materiais de limpeza e higienização",16/3/2017,"Evento de Resultado de Julgamento Publicado","Existe Resultado de Compra","22 Mar 2017","Não Subrogou Compra","130.453,7300"
26000,"MINISTERIO DA EDUCACAO",26421,"INST.FED.DE EDUC.,CIENC.E TEC. DE RONDONIA",158341,"INST.FED.DE RONDONIA/CAMPUS COLORADO DO OESTE","RO","COLORADO DO OESTE","23243000345201762","Pregão","15834105000062017","Não se Aplica","NAO SE APLICA","SISRP","Objeto: Pregão Eletrônico -  Aquisição de Toner, Tinta e Papel Fotográfico para Impressão.",12/4/2017,"Evento de Resultado de Julgamento Publicado","Existe Resultado de Compra","28 Abr 2017","Não Subrogou Compra","113.881,4644"
26000,"MINISTERIO DA EDUCACAO",26421,"INST.FED.DE EDUC.,CIENC.E TEC. DE RONDONIA",158341,"INST.FED.DE RONDONIA/CAMPUS COLORADO DO OESTE","RO","COLORADO DO OESTE","23243000787201717","Pregão","15834105000072017","Não se Aplica","NAO SE APLICA","SISRP","Objeto: Pregão Eletrônico -  Aquisição de EPI e EPC",23/3/2017,"Evento de Resultado de Julgamento Publicado","Existe Resultado de Compra","04 Abr 2017","Não Subrogou Compra","230.470,1200"
26000,"MINISTERIO DA EDUCACAO",26421,"INST.FED.DE EDUC.,CIENC.E TEC. DE RONDONIA",158341,"INST.FED.DE RONDONIA/CAMPUS COLORADO DO OESTE","RO","COLORADO DO OESTE","23243001167201797","Pregão","15834105000082017","Não se Aplica","NAO SE APLICA","SISRP","Objeto: Pregão Eletrônico -  Aquisição de Produtos  Agopecuarioos",19/4/2017,"Evento de Resultado de Julgamento Publicado","Existe Resultado de Compra","04 Mai 2017","Não Subrogou Compra","228.893,8700"
26000,"MINISTERIO DA EDUCACAO",26421,"INST.FED.DE EDUC.,CIENC.E TEC. DE RONDONIA",158341,"INST.FED.DE RONDONIA/CAMPUS COLORADO DO OESTE","RO","COLORADO DO OESTE","23243001103201796","Pregão","15834105000092017","Não se Aplica","NAO SE APLICA","SISRP","Objeto: Pregão Eletrônico -  Aquisição de Placas de Sinalização e Serviços de Divulgação",18/4/2017,"Evento de Resultado de Julgamento Publicado","Existe Resultado de Compra","02 Mai 2017","Não Subrogou Compra","88.185,1800"
26000,"MINISTERIO DA EDUCACAO",26421,"INST.FED.DE EDUC.,CIENC.E TEC. DE RONDONIA",158341,"INST.FED.DE RONDONIA/CAMPUS COLORADO DO OESTE","RO","COLORADO DO OESTE","23243001331201766","Pregão","15834105000102017","Não se Aplica","NAO SE APLICA","SISRP","Objeto: Pregão Eletrônico -  Aquisição de Produtos de Acondicionamento, Embalagem, Copa e Cozinha.",8/5/2017,"Evento de Resultado de Julgamento Publicado","Existe Resultado de Compra","31 Mai 2017","Não Subrogou Compra","110.451,7200"
26000,"MINISTERIO DA EDUCACAO",26421,"INST.FED.DE EDUC.,CIENC.E TEC. DE RONDONIA",158341,"INST.FED.DE RONDONIA/CAMPUS COLORADO DO OESTE","RO","COLORADO DO OESTE","23243002338201703","Pregão","15834105000132017","Não se Aplica","NAO SE APLICA","SISRP","Objeto: Contratação de Serviço de Mecanização, Transporte e carga de produtos",25/5/2017,"Evento de Resultado de Julgamento Publicado","Existe Resultado de Compra","29 Mai 2017","Não Subrogou Compra","73.962,1000"
26000,"MINISTERIO DA EDUCACAO",26421,"INST.FED.DE EDUC.,CIENC.E TEC. DE RONDONIA",158341,"INST.FED.DE RONDONIA/CAMPUS COLORADO DO OESTE","RO","COLORADO DO OESTE","23243002435201798","Pregão","15834105000152017","Não se Aplica","NAO SE APLICA","SISRP","Objeto: Pregão Eletrônico -  Aquisição e Contratação de Produtos e Serviços de manutenção Predial",13/6/2017,"Evento de Resultado de Julgamento Publicado","Existe Resultado de Compra","21 Jun 2017","Não Subrogou Compra","84.348,5000"
26000,"MINISTERIO DA EDUCACAO",26421,"INST.FED.DE EDUC.,CIENC.E TEC. DE RONDONIA",158341,"INST.FED.DE RONDONIA/CAMPUS COLORADO DO OESTE","RO","COLORADO DO OESTE","23243002530201791","Pregão","15834105000162017","Não se Aplica","NAO SE APLICA","SISRP","Objeto: Pregão Eletrônico -  Aquisição de Carga de Extintores e peças, Gases, Nitrogênio, Água Mineral e Carvão",12/6/2017,"Evento de Resultado de Julgamento Publicado","Existe Resultado de Compra","21 Jun 2017","Não Subrogou Compra","129.772,3800"
26000,"MINISTERIO DA EDUCACAO",26421,"INST.FED.DE EDUC.,CIENC.E TEC. DE RONDONIA",158341,"INST.FED.DE RONDONIA/CAMPUS COLORADO DO OESTE","RO","COLORADO DO OESTE","23243001034201711","Pregão","15834105000112017","Não se Aplica","NAO SE APLICA","SISRP","Objeto: Pregão Eletrônico -  Aquisição de Materiais de Construção.",20/6/2017,"Evento de Resultado de Julgamento Publicado","Existe Resultado de Compra","10 Ago 2017","Não Subrogou Compra","804.527,6700"
26000,"MINISTERIO DA EDUCACAO",26421,"INST.FED.DE EDUC.,CIENC.E TEC. DE RONDONIA",158341,"INST.FED.DE RONDONIA/CAMPUS COLORADO DO OESTE","RO","COLORADO DO OESTE","23243002845201739","Pregão","15834105000172017","Não se Aplica","NAO SE APLICA","SISRP","Objeto: Pregão Eletrônico -  Aquisição de material de expediente",4/7/2017,"Evento de Resultado de Julgamento Publicado","Existe Resultado de Compra","25 Jul 2017","Não Subrogou Compra","121.968,0800"
26000,"MINISTERIO DA EDUCACAO",26421,"INST.FED.DE EDUC.,CIENC.E TEC. DE RONDONIA",158341,"INST.FED.DE RONDONIA/CAMPUS COLORADO DO OESTE","RO","COLORADO DO OESTE","23243003114201719","Pregão","15834105000182017","Não se Aplica","NAO SE APLICA","SISRP","Objeto: Pregão Eletrônico -  Aquisição de Produtos Agropecuarios",19/6/2017,"Evento de Resultado de Julgamento Publicado","Existe Resultado de Compra","21 Jun 2017","Não Subrogou Compra","41.547,9900"
26000,"MINISTERIO DA EDUCACAO",26421,"INST.FED.DE EDUC.,CIENC.E TEC. DE RONDONIA",158341,"INST.FED.DE RONDONIA/CAMPUS COLORADO DO OESTE","RO","COLORADO DO OESTE","23243003347201711","Pregão","15834105000212017","Não se Aplica","NAO SE APLICA","SISRP","Objeto: Pregão Eletrônico -  Aquisição de Equipamentos de Laboratório",26/7/2017,"Evento de Resultado de Julgamento Publicado","Existe Resultado de Compra","10 Ago 2017","Não Subrogou Compra","119.475,6000"
26000,"MINISTERIO DA EDUCACAO",26421,"INST.FED.DE EDUC.,CIENC.E TEC. DE RONDONIA",158341,"INST.FED.DE RONDONIA/CAMPUS COLORADO DO OESTE","RO","COLORADO DO OESTE","23243003480201760","Pregão","15834105000222017","Não se Aplica","NAO SE APLICA","SISRP","Objeto: Pregão Eletrônico -  Aquisição de produtos para adequação de acessibilidade",24/8/2017,"Evento de Resultado de Julgamento Publicado","Existe Resultado de Compra","18 Set 2017","Não Subrogou Compra","335.413,4000"
26000,"MINISTERIO DA EDUCACAO",26421,"INST.FED.DE EDUC.,CIENC.E TEC. DE RONDONIA",158341,"INST.FED.DE RONDONIA/CAMPUS COLORADO DO OESTE","RO","COLORADO DO OESTE","23243003632201724","Pregão","15834105000232017","Não se Aplica","NAO SE APLICA","SISRP","Objeto: Pregão Eletrônico -  Aquisição de ferramentas agropecuárias",14/9/2017,"Evento de Resultado de Julgamento Publicado","Existe Resultado de Compra","18 Out 2017","Não Subrogou Compra","494.668,3485"
26000,"MINISTERIO DA EDUCACAO",26421,"INST.FED.DE EDUC.,CIENC.E TEC. DE RONDONIA",158341,"INST.FED.DE RONDONIA/CAMPUS COLORADO DO OESTE","RO","COLORADO DO OESTE","23243003242201754","Pregão","15834105000262017","Não se Aplica","NAO SE APLICA","SISRP","Objeto: Pregão Eletrônico -  Aquisição de produtos  de laboratorio",22/8/2017,"Evento de Resultado de Julgamento Publicado","Existe Resultado de Compra","11 Set 2017","Não Subrogou Compra","311.804,6300"
26000,"MINISTERIO DA EDUCACAO",26421,"INST.FED.DE EDUC.,CIENC.E TEC. DE RONDONIA",158341,"INST.FED.DE RONDONIA/CAMPUS COLORADO DO OESTE","RO","COLORADO DO OESTE","23243012652201796","Pregão","15834105000272017","Não se Aplica","NAO SE APLICA","SISRP","Objeto: Pregão Eletrônico -  Aquisição de Material de Construção",4/10/2017,"Evento de Resultado de Julgamento Publicado","Existe Resultado de Compra","10 Out 2017","Não Subrogou Compra","79.983,5300"
26000,"MINISTERIO DA EDUCACAO",26421,"INST.FED.DE EDUC.,CIENC.E TEC. DE RONDONIA",158341,"INST.FED.DE RONDONIA/CAMPUS COLORADO DO OESTE","RO","COLORADO DO OESTE","23243012416201770","Pregão","15834105000282017","Não se Aplica","NAO SE APLICA","SISRP","Objeto: Pregão Eletrônico -  Aquisição de gêneros Alimenticios",24/10/2017,"Evento de Resultado de Julgamento Publicado","Existe Resultado de Compra","23 Nov 2017","Não Subrogou Compra","2.687.291,1000"
26000,"MINISTERIO DA EDUCACAO",26421,"INST.FED.DE EDUC.,CIENC.E TEC. DE RONDONIA",158341,"INST.FED.DE RONDONIA/CAMPUS COLORADO DO OESTE","RO","COLORADO DO OESTE","23243014795201732","Pregão","15834105000302017","Não se Aplica","NAO SE APLICA","SISRP","Objeto: Pregão Eletrônico -  Produtos para laboratorios",28/11/2017,"Evento de Resultado de Julgamento Publicado","Existe Resultado de Compra","01 Dez 2017","Não Subrogou Compra","51.809,8300"
26000,"MINISTERIO DA EDUCACAO",26421,"INST.FED.DE EDUC.,CIENC.E TEC. DE RONDONIA",158341,"INST.FED.DE RONDONIA/CAMPUS COLORADO DO OESTE","RO","COLORADO DO OESTE","23243001913201742","Dispensa de Licitação","15834106000022017","Não se Aplica","INCISO II","SISPP","Objeto: Contratação de gerenciamento on line de submissões de trabalho",31/12/1899,"Encerrado","Existe Resultado de Compra","01 Jan 1900","Não Subrogou Compra","538,8000"
26000,"MINISTERIO DA EDUCACAO",26421,"INST.FED.DE EDUC.,CIENC.E TEC. DE RONDONIA",158341,"INST.FED.DE RONDONIA/CAMPUS COLORADO DO OESTE","RO","COLORADO DO OESTE","23243002084201715","Dispensa de Licitação","15834106000032017","Não se Aplica","INCISO IV","SISPP","Objeto: Serviço de Máquinas Pesadas",31/12/1899,"Publicado","Existe Resultado de Compra","01 Jan 1900","Não Subrogou Compra","36.400,0000"
26000,"MINISTERIO DA EDUCACAO",26421,"INST.FED.DE EDUC.,CIENC.E TEC. DE RONDONIA",158341,"INST.FED.DE RONDONIA/CAMPUS COLORADO DO OESTE","RO","COLORADO DO OESTE","23243002381201761","Dispensa de Licitação","15834106000042017","Não se Aplica","INCISO II","SISPP","Objeto: Contratação de manutenção em central Telefonica",31/12/1899,"Encerrado","Existe Resultado de Compra","01 Jan 1900","Não Subrogou Compra","7.850,0000"
26000,"MINISTERIO DA EDUCACAO",26421,"INST.FED.DE EDUC.,CIENC.E TEC. DE RONDONIA",158341,"INST.FED.DE RONDONIA/CAMPUS COLORADO DO OESTE","RO","COLORADO DO OESTE","23243002618201711","Dispensa de Licitação","15834106000052017","Não se Aplica","INCISO II","SISPP","Objeto: Serviço de Manutenção em Televisores",31/12/1899,"Encerrado","Existe Resultado de Compra","01 Jan 1900","Não Subrogou Compra","1.385,0000"
26000,"MINISTERIO DA EDUCACAO",26421,"INST.FED.DE EDUC.,CIENC.E TEC. DE RONDONIA",158341,"INST.FED.DE RONDONIA/CAMPUS COLORADO DO OESTE","RO","COLORADO DO OESTE","23243002772201785","Dispensa de Licitação","15834106000062017","Não se Aplica","INCISO II","SISPP","Objeto: Contratação de Manutenção Corretiva em Máquina de Lavar Pratos.",31/12/1899,"Encerrado","Existe Resultado de Compra","01 Jan 1900","Não Subrogou Compra","1.988,0000"
26000,"MINISTERIO DA EDUCACAO",26421,"INST.FED.DE EDUC.,CIENC.E TEC. DE RONDONIA",158341,"INST.FED.DE RONDONIA/CAMPUS COLORADO DO OESTE","RO","COLORADO DO OESTE","23243002773201720","Dispensa de Licitação","15834106000072017","Não se Aplica","INCISO II","SISPP","Objeto: Manutenção de Veículo em Garantia - Amarok 80.000 km",31/12/1899,"Encerrado","Existe Resultado de Compra","01 Jan 1900","Não Subrogou Compra","4.522,7100"
26000,"MINISTERIO DA EDUCACAO",26421,"INST.FED.DE EDUC.,CIENC.E TEC. DE RONDONIA",158341,"INST.FED.DE RONDONIA/CAMPUS COLORADO DO OESTE","RO","COLORADO DO OESTE","23243003023201775","Dispensa de Licitação","15834106000082017","Não se Aplica","INCISO II","SISPP","Objeto: Aquisição de Animais de Abate",31/12/1899,"Encerrado","Existe Resultado de Compra","01 Jan 1900","Não Subrogou Compra","4.075,0000"
26000,"MINISTERIO DA EDUCACAO",26421,"INST.FED.DE EDUC.,CIENC.E TEC. DE RONDONIA",158341,"INST.FED.DE RONDONIA/CAMPUS COLORADO DO OESTE","RO","COLORADO DO OESTE","23243003035201708","Dispensa de Licitação","15834106000092017","Não se Aplica","INCISO II","SISPP","Objeto: Contratação de Manutenção de Impressoras.",31/12/1899,"Encerrado","Existe Resultado de Compra","01 Jan 1900","Não Subrogou Compra","2.812,0000"
26000,"MINISTERIO DA EDUCACAO",26421,"INST.FED.DE EDUC.,CIENC.E TEC. DE RONDONIA",158341,"INST.FED.DE RONDONIA/CAMPUS COLORADO DO OESTE","RO","COLORADO DO OESTE","23243003162201707","Dispensa de Licitação","15834106000102017","Não se Aplica","INCISO II","SISPP","Objeto: Aquisição de Material de Construção.",31/12/1899,"Encerrado","Existe Resultado de Compra","01 Jan 1900","Não Subrogou Compra","2.797,5000"
26000,"MINISTERIO DA EDUCACAO",26421,"INST.FED.DE EDUC.,CIENC.E TEC. DE RONDONIA",158341,"INST.FED.DE RONDONIA/CAMPUS COLORADO DO OESTE","RO","COLORADO DO OESTE","23243003186201758","Dispensa de Licitação","15834106000112017","Não se Aplica","INCISO II","SISPP","Objeto: Aquisição de Corrimão",31/12/1899,"Encerrado","Existe Resultado de Compra","01 Jan 1900","Não Subrogou Compra","5.700,0000"
26000,"MINISTERIO DA EDUCACAO",26421,"INST.FED.DE EDUC.,CIENC.E TEC. DE RONDONIA",158341,"INST.FED.DE RONDONIA/CAMPUS COLORADO DO OESTE","RO","COLORADO DO OESTE","23243003191201761","Dispensa de Licitação","15834106000122017","Não se Aplica","INCISO II","SISPP","Objeto: Renovação de Assinatura Digital",31/12/1899,"Encerrado","Existe Resultado de Compra","01 Jan 1900","Não Subrogou Compra","880,0000"
26000,"MINISTERIO DA EDUCACAO",26421,"INST.FED.DE EDUC.,CIENC.E TEC. DE RONDONIA",158341,"INST.FED.DE RONDONIA/CAMPUS COLORADO DO OESTE","RO","COLORADO DO OESTE","23243003408201732","Dispensa de Licitação","15834106000132017","Não se Aplica","INCISO II","SISPP","Objeto: Inscrição no Curso 17ºEdição Tópicos da cultura da cana de açúcar",31/12/1899,"Encerrado","Existe Resultado de Compra","01 Jan 1900","Não Subrogou Compra","4.100,0000"
26000,"MINISTERIO DA EDUCACAO",26421,"INST.FED.DE EDUC.,CIENC.E TEC. DE RONDONIA",158341,"INST.FED.DE RONDONIA/CAMPUS COLORADO DO OESTE","RO","COLORADO DO OESTE","23243003505201725","Dispensa de Licitação","15834106000142017","Não se Aplica","INCISO II","SISPP","Objeto: Aquisição de materiais Esportivos",31/12/1899,"Encerrado","Existe Resultado de Compra","01 Jan 1900","Não Subrogou Compra","3.600,0000"
26000,"MINISTERIO DA EDUCACAO",26421,"INST.FED.DE EDUC.,CIENC.E TEC. DE RONDONIA",158341,"INST.FED.DE RONDONIA/CAMPUS COLORADO DO OESTE","RO","COLORADO DO OESTE","23243003408201732","Dispensa de Licitação","15834106000152017","Não se Aplica","INCISO II","SISPP","Objeto: Inscrição em Curso de Capacitação do servidor Fabiano Gama de Sousa.",31/12/1899,"Encerrado","Existe Resultado de Compra","01 Jan 1900","Não Subrogou Compra","4.100,0000"
26000,"MINISTERIO DA EDUCACAO",26421,"INST.FED.DE EDUC.,CIENC.E TEC. DE RONDONIA",158341,"INST.FED.DE RONDONIA/CAMPUS COLORADO DO OESTE","RO","COLORADO DO OESTE","23243003731201714","Dispensa de Licitação","15834106000162017","Não se Aplica","INCISO II","SISPP","Objeto: Participação na XIV Semana de Administração Orçamentária Financeira e de Contratações Públicas a ser realizada no período de 01/08/2017 a 04/08/2017 em Recife/PE.",31/12/1899,"Encerrado","Existe Resultado de Compra","01 Jan 1900","Não Subrogou Compra","1.600,0000"
26000,"MINISTERIO DA EDUCACAO",26421,"INST.FED.DE EDUC.,CIENC.E TEC. DE RONDONIA",158341,"INST.FED.DE RONDONIA/CAMPUS COLORADO DO OESTE","RO","COLORADO DO OESTE","23243003763201710","Dispensa de Licitação","15834106000172017","Não se Aplica","INCISO II","SISPP","Objeto: Aquisição de material de limpeza.",31/12/1899,"Encerrado","Existe Resultado de Compra","01 Jan 1900","Não Subrogou Compra","5.770,7300"
26000,"MINISTERIO DA EDUCACAO",26421,"INST.FED.DE EDUC.,CIENC.E TEC. DE RONDONIA",158341,"INST.FED.DE RONDONIA/CAMPUS COLORADO DO OESTE","RO","COLORADO DO OESTE","23243003765201709","Dispensa de Licitação","15834106000182017","Não se Aplica","INCISO II","SISPP","Objeto: Aquisição de Medicamentos.",31/12/1899,"Encerrado","Existe Resultado de Compra","01 Jan 1900","Não Subrogou Compra","1.811,8000"
26000,"MINISTERIO DA EDUCACAO",26421,"INST.FED.DE EDUC.,CIENC.E TEC. DE RONDONIA",158341,"INST.FED.DE RONDONIA/CAMPUS COLORADO DO OESTE","RO","COLORADO DO OESTE","23243003880201775","Dispensa de Licitação","15834106000192017","Não se Aplica","INCISO II","SISPP","Objeto: Aquisição de Dosador de Sabão Líquido",31/12/1899,"Encerrado","Existe Resultado de Compra","01 Jan 1900","Não Subrogou Compra","825,0000"
26000,"MINISTERIO DA EDUCACAO",26421,"INST.FED.DE EDUC.,CIENC.E TEC. DE RONDONIA",158341,"INST.FED.DE RONDONIA/CAMPUS COLORADO DO OESTE","RO","COLORADO DO OESTE","23243003708201711","Dispensa de Licitação","15834106000202017","Não se Aplica","INCISO II","SISPP","Objeto: Aquisição de Herbicida pós emergente, sistêmico, de ação total, não seletivo de controle de plantas infestantes em áreas cultivadas em aplicações dirigidas nas culturas de café, citros, etc. Composição N-(phosphonomethyl) glycine (GLIFOSATO) 480G/L equivalente ácido 355.67 g/l (35,56% m/v) Concentrado Solúvel. Deverá ser entregue em galões de 05 litros.",31/12/1899,"Encerrado","Existe Resultado de Compra","01 Jan 1900","Não Subrogou Compra","1.249,6000"
26000,"MINISTERIO DA EDUCACAO",26421,"INST.FED.DE EDUC.,CIENC.E TEC. DE RONDONIA",158341,"INST.FED.DE RONDONIA/CAMPUS COLORADO DO OESTE","RO","COLORADO DO OESTE","23243003987201713","Dispensa de Licitação","15834106000212017","Não se Aplica","INCISO II","SISPP","Objeto: Contratação de software de licença de anti virus",31/12/1899,"Encerrado","Existe Resultado de Compra","01 Jan 1900","Não Subrogou Compra","7.998,7500"
26000,"MINISTERIO DA EDUCACAO",26421,"INST.FED.DE EDUC.,CIENC.E TEC. DE RONDONIA",158341,"INST.FED.DE RONDONIA/CAMPUS COLORADO DO OESTE","RO","COLORADO DO OESTE","23243003879201741","Dispensa de Licitação","15834106000222017","Não se Aplica","INCISO IV","SISPP","Objeto: Contratação Emergencial de Empresa para prestar serviços de Limpeza e Conservação",31/12/1899,"Publicado","Existe Resultado de Compra","01 Jan 1900","Não Subrogou Compra","381.197,3400"
26000,"MINISTERIO DA EDUCACAO",26421,"INST.FED.DE EDUC.,CIENC.E TEC. DE RONDONIA",158341,"INST.FED.DE RONDONIA/CAMPUS COLORADO DO OESTE","RO","COLORADO DO OESTE","23243004019201724","Dispensa de Licitação","15834106000232017","Não se Aplica","INCISO II","SISPP","Objeto: Contratação de serviços de tapeçaria para reparos nas tendas",31/12/1899,"Encerrado","Existe Resultado de Compra","01 Jan 1900","Não Subrogou Compra","1.090,0000"
26000,"MINISTERIO DA EDUCACAO",26421,"INST.FED.DE EDUC.,CIENC.E TEC. DE RONDONIA",158341,"INST.FED.DE RONDONIA/CAMPUS COLORADO DO OESTE","RO","COLORADO DO OESTE","23243011420201711","Dispensa de Licitação","15834106000242017","Não se Aplica","INCISO II","SISPP","Objeto: Aquisição de café em pó e açúcar cristal.",31/12/1899,"Encerrado","Existe Resultado de Compra","01 Jan 1900","Não Subrogou Compra","5.788,5000"
26000,"MINISTERIO DA EDUCACAO",26421,"INST.FED.DE EDUC.,CIENC.E TEC. DE RONDONIA",158341,"INST.FED.DE RONDONIA/CAMPUS COLORADO DO OESTE","RO","COLORADO DO OESTE","23243012454201722","Dispensa de Licitação","15834106000252017","Não se Aplica","INCISO II","SISPP","Objeto: Cilindro (Casco) de gás (botijão) P45 novo - dimensões de referência 380 mm de diâmetro x 1280 mm de altura; Capacidade de Gás 45kg; Capacidade Volumétrica 108/109L;  Pressão de Serviços 17kgf/cm²; Pressão de Projeto 34kgf/m²; Pressão de Ruptura 100 or * 68kgf/cm; possuir certificação do INMETRO; Cilindro Novo e vazio.",31/12/1899,"Encerrado","Existe Resultado de Compra","01 Jan 1900","Não Subrogou Compra","2.640,0000"
26000,"MINISTERIO DA EDUCACAO",26421,"INST.FED.DE EDUC.,CIENC.E TEC. DE RONDONIA",158341,"INST.FED.DE RONDONIA/CAMPUS COLORADO DO OESTE","RO","COLORADO DO OESTE","23243012764201747","Dispensa de Licitação","15834106000262017","Não se Aplica","INCISO II","SISPP","Objeto: Manutenção Corretiva Ordenhadeira.",31/12/1899,"Encerrado","Existe Resultado de Compra","01 Jan 1900","Não Subrogou Compra","3.518,0000"
26000,"MINISTERIO DA EDUCACAO",26421,"INST.FED.DE EDUC.,CIENC.E TEC. DE RONDONIA",158341,"INST.FED.DE RONDONIA/CAMPUS COLORADO DO OESTE","RO","COLORADO DO OESTE","23243001453201703","Dispensa de Licitação","15834106000272017","Não se Aplica","INCISO II","SISPP","Objeto: Manutenção de Equipamentos topográficos",31/12/1899,"Encerrado","Existe Resultado de Compra","01 Jan 1900","Não Subrogou Compra","7.869,9900"
26000,"MINISTERIO DA EDUCACAO",26421,"INST.FED.DE EDUC.,CIENC.E TEC. DE RONDONIA",158341,"INST.FED.DE RONDONIA/CAMPUS COLORADO DO OESTE","RO","COLORADO DO OESTE","23243013736201747","Dispensa de Licitação","15834106000282017","Não se Aplica","INCISO II","SISPP","Objeto: Aquisição de Isolador de corrente elétrica para cerca",31/12/1899,"Encerrado","Existe Resultado de Compra","01 Jan 1900","Não Subrogou Compra","445,0000"
26000,"MINISTERIO DA EDUCACAO",26421,"INST.FED.DE EDUC.,CIENC.E TEC. DE RONDONIA",158341,"INST.FED.DE RONDONIA/CAMPUS COLORADO DO OESTE","RO","COLORADO DO OESTE","23243013871201792","Dispensa de Licitação","15834106000292017","Não se Aplica","INCISO II","SISPP","Objeto: Manutenção em Fornos, Fogões e Central de Gás.",31/12/1899,"Encerrado","Existe Resultado de Compra","01 Jan 1900","Não Subrogou Compra","3.279,0800"
26000,"MINISTERIO DA EDUCACAO",26421,"INST.FED.DE EDUC.,CIENC.E TEC. DE RONDONIA",158341,"INST.FED.DE RONDONIA/CAMPUS COLORADO DO OESTE","RO","COLORADO DO OESTE","23243016352201786","Dispensa de Licitação","15834106000312017","Não se Aplica","INCISO II","SISPP","Objeto: Curso de  Tratamento de Esgotos Domésticos da UNIABES , a ser realizada pela  Universidade da Associação Brasileira de Engenharia Sanitária e Ambiental (ABES ),",31/12/1899,"Encerrado","Existe Resultado de Compra","01 Jan 1900","Não Subrogou Compra","3.500,0000"
26000,"MINISTERIO DA EDUCACAO",26421,"INST.FED.DE EDUC.,CIENC.E TEC. DE RONDONIA",158341,"INST.FED.DE RONDONIA/CAMPUS COLORADO DO OESTE","RO","COLORADO DO OESTE","23243016849201732","Dispensa de Licitação","15834106000322017","Não se Aplica","INCISO II","SISPP","Objeto: Manutenção de impressoras",31/12/1899,"Encerrado","Existe Resultado de Compra","01 Jan 1900","Não Subrogou Compra","2.310,0000"
26000,"MINISTERIO DA EDUCACAO",26421,"INST.FED.DE EDUC.,CIENC.E TEC. DE RONDONIA",158341,"INST.FED.DE RONDONIA/CAMPUS COLORADO DO OESTE","RO","COLORADO DO OESTE","23243016850201729","Dispensa de Licitação","15834106000332017","Não se Aplica","INCISO II","SISPP","Objeto: Manutenção de nobreak",31/12/1899,"Encerrado","Existe Resultado de Compra","01 Jan 1900","Não Subrogou Compra","2.280,0000"
26000,"MINISTERIO DA EDUCACAO",26421,"INST.FED.DE EDUC.,CIENC.E TEC. DE RONDONIA",158341,"INST.FED.DE RONDONIA/CAMPUS COLORADO DO OESTE","RO","COLORADO DO OESTE","23243016851201773","Dispensa de Licitação","15834106000342017","Não se Aplica","INCISO II","SISPP","Objeto: Aquisição de Medicamentos veterinários",31/12/1899,"Encerrado","Existe Resultado de Compra","01 Jan 1900","Não Subrogou Compra","1.490,5000"
26000,"MINISTERIO DA EDUCACAO",26421,"INST.FED.DE EDUC.,CIENC.E TEC. DE RONDONIA",158341,"INST.FED.DE RONDONIA/CAMPUS COLORADO DO OESTE","RO","COLORADO DO OESTE","23243017255201719","Dispensa de Licitação","15834106000352017","Não se Aplica","INCISO VII","SISPP","Objeto: Aquisição de Milho a granel",31/12/1899,"Publicado","Existe Resultado de Compra","01 Jan 1900","Não Subrogou Compra","24.170,0000"
26000,"MINISTERIO DA EDUCACAO",26421,"INST.FED.DE EDUC.,CIENC.E TEC. DE RONDONIA",158341,"INST.FED.DE RONDONIA/CAMPUS COLORADO DO OESTE","RO","COLORADO DO OESTE","23243017519201726","Dispensa de Licitação","15834106000362017","Não se Aplica","INCISO II","SISPP","Objeto: Realocação de rede cabeada",31/12/1899,"Encerrado","Existe Resultado de Compra","01 Jan 1900","Não Subrogou Compra","7.359,0000"
26000,"MINISTERIO DA EDUCACAO",26421,"INST.FED.DE EDUC.,CIENC.E TEC. DE RONDONIA",158341,"INST.FED.DE RONDONIA/CAMPUS COLORADO DO OESTE","RO","COLORADO DO OESTE","23243018677201701","Dispensa de Licitação","15834106000372017","Não se Aplica","INCISO II","SISPP","Objeto: Renovação da assinatura do SOFTWARE URANIA",31/12/1899,"Encerrado","Existe Resultado de Compra","01 Jan 1900","Não Subrogou Compra","1.467,0000"
26000,"MINISTERIO DA EDUCACAO",26421,"INST.FED.DE EDUC.,CIENC.E TEC. DE RONDONIA",158342,"INST.FED.DE RONDONIA/CAMPUS VILHENA/RO","RO","VILHENA","23243012100201788","Pregão","15834205000132017","Não se Aplica","NAO SE APLICA","SISPP","Objeto: Pregão Eletrônico -  Contratação de empresa especializada em serviços de decoração.",22/9/2017,"Evento de Resultado de Julgamento Publicado","Existe Resultado de Compra","22 Set 2017","Não Subrogou Compra","7.259,0000"
26000,"MINISTERIO DA EDUCACAO",26421,"INST.FED.DE EDUC.,CIENC.E TEC. DE RONDONIA",158342,"INST.FED.DE RONDONIA/CAMPUS VILHENA/RO","RO","VILHENA","23243006632201603","Pregão","15834205000012017","Não se Aplica","NAO SE APLICA","SISRP","Objeto: Pregão Eletrônico -  Contratação de link dedicado de internet.",31/3/2017,"Evento de Resultado de Julgamento Publicado","Existe Resultado de Compra","19 Abr 2017","Não Subrogou Compra","167.468,8000"
26000,"MINISTERIO DA EDUCACAO",26421,"INST.FED.DE EDUC.,CIENC.E TEC. DE RONDONIA",158342,"INST.FED.DE RONDONIA/CAMPUS VILHENA/RO","RO","VILHENA","23243002472201704","Pregão","15834205000022017","Não se Aplica","NAO SE APLICA","SISRP","Objeto: Pregão Eletrônico -  Serviço de link dedicado de internet",8/5/2017,"Evento de Resultado de Julgamento Publicado","Existe Resultado de Compra","10 Mai 2017","Não Subrogou Compra","208.008,0000"
26000,"MINISTERIO DA EDUCACAO",26421,"INST.FED.DE EDUC.,CIENC.E TEC. DE RONDONIA",158342,"INST.FED.DE RONDONIA/CAMPUS VILHENA/RO","RO","VILHENA","23243002581201713","Pregão","15834205000092017","Não se Aplica","NAO SE APLICA","SISRP","Objeto: Pregão Eletrônico -  Aquisição de Material de Copa e Cozinha.",24/7/2017,"Evento de Resultado de Julgamento Publicado","Existe Resultado de Compra","03 Ago 2017","Não Subrogou Compra","73.090,3390"
26000,"MINISTERIO DA EDUCACAO",26421,"INST.FED.DE EDUC.,CIENC.E TEC. DE RONDONIA",158342,"INST.FED.DE RONDONIA/CAMPUS VILHENA/RO","RO","VILHENA","23243002634201704","Pregão","15834205000082017","Não se Aplica","NAO SE APLICA","SISRP","Objeto: Pregão Eletrônico -  Aquisição de material de expediente",25/7/2017,"Evento de Resultado de Julgamento Publicado","Existe Resultado de Compra","29 Ago 2017","Não Subrogou Compra","576.632,8240"
26000,"MINISTERIO DA EDUCACAO",26421,"INST.FED.DE EDUC.,CIENC.E TEC. DE RONDONIA",158342,"INST.FED.DE RONDONIA/CAMPUS VILHENA/RO","RO","VILHENA","23243002989201795","Pregão","15834205000112017","Não se Aplica","NAO SE APLICA","SISRP","Objeto: Pregão Eletrônico -  Aquisição de materiais para laboratório do Curso de Edificações e outros materiais para o laboratório de Metalografia e de Usinagem.",27/7/2017,"Evento de Resultado de Julgamento Publicado","Existe Resultado de Compra","31 Jul 2017","Não Subrogou Compra","12.262,7800"
26000,"MINISTERIO DA EDUCACAO",26421,"INST.FED.DE EDUC.,CIENC.E TEC. DE RONDONIA",158342,"INST.FED.DE RONDONIA/CAMPUS VILHENA/RO","RO","VILHENA","23243011876201781","Pregão","15834205000122017","Não se Aplica","NAO SE APLICA","SISRP","Objeto: Pregão Eletrônico -  Aquisição de Materiais de Copa e Cozinha",5/9/2017,"Evento de Resultado de Julgamento Publicado","Existe Resultado de Compra","08 Set 2017","Não Subrogou Compra","26.765,8700"
26000,"MINISTERIO DA EDUCACAO",26421,"INST.FED.DE EDUC.,CIENC.E TEC. DE RONDONIA",158342,"INST.FED.DE RONDONIA/CAMPUS VILHENA/RO","RO","VILHENA","23243012928201736","Pregão","15834205000142017","Não se Aplica","NAO SE APLICA","SISRP","Objeto: Pregão Eletrônico -  Aquisição de materiais de expediente",22/9/2017,"Evento de Resultado de Julgamento Publicado","Existe Resultado de Compra","27 Set 2017","Não Subrogou Compra","22.989,0100"
26000,"MINISTERIO DA EDUCACAO",26421,"INST.FED.DE EDUC.,CIENC.E TEC. DE RONDONIA",158342,"INST.FED.DE RONDONIA/CAMPUS VILHENA/RO","RO","VILHENA","23243003567201737","Pregão","15834205000152017","Não se Aplica","NAO SE APLICA","SISRP","Objeto: Pregão Eletrônico -  Aquisição de canecas personalizadas.",5/12/2017,"Evento de Resultado de Julgamento Publicado","Existe Resultado de Compra","08 Dez 2017","Não Subrogou Compra","39.295,0000"
26000,"MINISTERIO DA EDUCACAO",26421,"INST.FED.DE EDUC.,CIENC.E TEC. DE RONDONIA",158342,"INST.FED.DE RONDONIA/CAMPUS VILHENA/RO","RO","VILHENA","23243000338201761","Dispensa de Licitação","15834206000012017","Não se Aplica","INCISO XXII","SISPP","Objeto: Contratação de empresa especializada para o fornecimento de energia elétrica para o IFRO - Campus Vilhena.",31/12/1899,"Publicado","Existe Resultado de Compra","01 Jan 1900","Não Subrogou Compra","196.121,1000"
26000,"MINISTERIO DA EDUCACAO",26421,"INST.FED.DE EDUC.,CIENC.E TEC. DE RONDONIA",158342,"INST.FED.DE RONDONIA/CAMPUS VILHENA/RO","RO","VILHENA","23243000469201748","Dispensa de Licitação","15834206000022017","Não se Aplica","INCISO II","SISPP","Objeto: Gás liquefeito de petróleo GLP (gás de cozinha), acondicionado em cilindro P-45.",31/12/1899,"Encerrado","Existe Resultado de Compra","01 Jan 1900","Não Subrogou Compra","1.100,0000"
26000,"MINISTERIO DA EDUCACAO",26421,"INST.FED.DE EDUC.,CIENC.E TEC. DE RONDONIA",158342,"INST.FED.DE RONDONIA/CAMPUS VILHENA/RO","RO","VILHENA","23243000148201743","Inexigibilidade de Licitação","15834207000012017","Não se Aplica","CAPUT","SISPP","Objeto: Serviço de publicação de matérias de caráter oficial no Diário Oficial da União - DOU.",31/12/1899,"Publicado","Existe Resultado de Compra","01 Jan 1900","Não Subrogou Compra","25.814,5000"
26000,"MINISTERIO DA EDUCACAO",26421,"INST.FED.DE EDUC.,CIENC.E TEC. DE RONDONIA",158342,"INST.FED.DE RONDONIA/CAMPUS VILHENA/RO","RO","VILHENA","23243000604201755","Dispensa de Licitação","15834206000032017","Não se Aplica","INCISO II","SISPP","Objeto: Campainha para relógio sinaleiro.",31/12/1899,"Encerrado","Existe Resultado de Compra","01 Jan 1900","Não Subrogou Compra","405,0000"
26000,"MINISTERIO DA EDUCACAO",26421,"INST.FED.DE EDUC.,CIENC.E TEC. DE RONDONIA",158342,"INST.FED.DE RONDONIA/CAMPUS VILHENA/RO","RO","VILHENA","23243000773201795","Dispensa de Licitação","15834206000052017","Não se Aplica","INCISO II","SISPP","Objeto: Aquisição de Fusor JC91-00973A (Impressora Samsung SCX-6555NX).",31/12/1899,"Encerrado","Existe Resultado de Compra","01 Jan 1900","Não Subrogou Compra","1.366,0200"
26000,"MINISTERIO DA EDUCACAO",26421,"INST.FED.DE EDUC.,CIENC.E TEC. DE RONDONIA",158342,"INST.FED.DE RONDONIA/CAMPUS VILHENA/RO","RO","VILHENA","23243002139201797","Dispensa de Licitação","15834206000062017","Não se Aplica","INCISO II","SISPP","Objeto: Aquisição de vidro temperado para quadro e cópias de chaves.",31/12/1899,"Encerrado","Existe Resultado de Compra","01 Jan 1900","Não Subrogou Compra","632,0000"
26000,"MINISTERIO DA EDUCACAO",26421,"INST.FED.DE EDUC.,CIENC.E TEC. DE RONDONIA",158342,"INST.FED.DE RONDONIA/CAMPUS VILHENA/RO","RO","VILHENA","23243002663201768","Inexigibilidade de Licitação","15834207000022017","Não se Aplica","INCISO II","SISPP","Objeto: Capacitação",31/12/1899,"Encerrado","Existe Resultado de Compra","01 Jan 1900","Não Subrogou Compra","220,0000"
26000,"MINISTERIO DA EDUCACAO",26421,"INST.FED.DE EDUC.,CIENC.E TEC. DE RONDONIA",158342,"INST.FED.DE RONDONIA/CAMPUS VILHENA/RO","RO","VILHENA","23243002853201785","Inexigibilidade de Licitação","15834207000032017","Não se Aplica","INCISO II","SISPP","Objeto: Pagamento de inscrição do servidor: Marco Antonio Augusto de Andrade no curso Desenvolvimento móvel com o Google Android, a ser realizado no período 17 a 21 de julho de 2017, em São Paulo-SP.",31/12/1899,"Encerrado","Existe Resultado de Compra","01 Jan 1900","Não Subrogou Compra","2.790,0000"
26000,"MINISTERIO DA EDUCACAO",26421,"INST.FED.DE EDUC.,CIENC.E TEC. DE RONDONIA",158342,"INST.FED.DE RONDONIA/CAMPUS VILHENA/RO","RO","VILHENA","23243002854201720","Inexigibilidade de Licitação","15834207000042017","Não se Aplica","INCISO II","SISPP","Objeto: Pagamento de inscrição do servidor Eduardo Egídio Vicensi Deliza, no curso Inspeção em vasos de pressão, a ser realizado no período de 19 de Junho de 2017, no Rio de Janeiro-RJ.",31/12/1899,"Encerrado","Existe Resultado de Compra","01 Jan 1900","Não Subrogou Compra","2.200,0000"
26000,"MINISTERIO DA EDUCACAO",26421,"INST.FED.DE EDUC.,CIENC.E TEC. DE RONDONIA",158342,"INST.FED.DE RONDONIA/CAMPUS VILHENA/RO","RO","VILHENA","23243003068201740","Inexigibilidade de Licitação","15834207000052017","Não se Aplica","INCISO II","SISPP","Objeto: Pagamento de inscrição servidora Jessica de Lima Pereira, no IV Congresso Nacional de Educação, a ser realizador em João Pessoa-PB, período 15/11 a 17/11/2017.",31/12/1899,"Encerrado","Existe Resultado de Compra","01 Jan 1900","Não Subrogou Compra","130,0000"
26000,"MINISTERIO DA EDUCACAO",26421,"INST.FED.DE EDUC.,CIENC.E TEC. DE RONDONIA",158342,"INST.FED.DE RONDONIA/CAMPUS VILHENA/RO","RO","VILHENA","232430104422017","Inexigibilidade de Licitação","15834207000062017","Não se Aplica","INCISO II","SISPP","Objeto: Inscrição do servidor Ney Grequi Franco Figueiredo  para a participação no Treinamento de ""Inspeção em Pás, Torres e Estruturas Eólicas"" a ser realizado dos dias 21 a 24 de agosto de 2017 em São Paulo - SP.",31/12/1899,"Encerrado","Existe Resultado de Compra","01 Jan 1900","Não Subrogou Compra","4.089,6000"
26000,"MINISTERIO DA EDUCACAO",26421,"INST.FED.DE EDUC.,CIENC.E TEC. DE RONDONIA",158342,"INST.FED.DE RONDONIA/CAMPUS VILHENA/RO","RO","VILHENA","010511/2017-39","Inexigibilidade de Licitação","15834207000072017","Não se Aplica","INCISO II","SISPP","Objeto: Renovação da assinatura do Banco de Preços",31/12/1899,"Retificação","Existe Resultado de Compra","01 Jan 1900","Não Subrogou Compra","15.980,0000"
26000,"MINISTERIO DA EDUCACAO",26421,"INST.FED.DE EDUC.,CIENC.E TEC. DE RONDONIA",158342,"INST.FED.DE RONDONIA/CAMPUS VILHENA/RO","RO","VILHENA","23243010722201771","Inexigibilidade de Licitação","15834207000082017","Não se Aplica","INCISO II","SISPP","Objeto: Contratação da Inscrição no ""XXXVII Encontro Nacional de Dirigentes de Pessoal e Recursos Humanos das Instituições Federais de Ensino"".",31/12/1899,"Encerrado","Existe Resultado de Compra","01 Jan 1900","Não Subrogou Compra","350,0000"
26000,"MINISTERIO DA EDUCACAO",26421,"INST.FED.DE EDUC.,CIENC.E TEC. DE RONDONIA",158342,"INST.FED.DE RONDONIA/CAMPUS VILHENA/RO","RO","VILHENA","23243012491201731","Inexigibilidade de Licitação","15834207000102017","Não se Aplica","INCISO II","SISPP","Objeto: Pagamento de Inscrição da servidora ALINE ALVES MORAES, para fins de participação no XIII Congresso Nacional de Psicologia Escolar e Educacional, a ser realizado dos dias 27 a 30 de setembro de 2017 em Salvador- BA.",31/12/1899,"Encerrado","Existe Resultado de Compra","01 Jan 1900","Não Subrogou Compra","600,0000"
26000,"MINISTERIO DA EDUCACAO",26421,"INST.FED.DE EDUC.,CIENC.E TEC. DE RONDONIA",158342,"INST.FED.DE RONDONIA/CAMPUS VILHENA/RO","RO","VILHENA","23243010321201711","Dispensa de Licitação","15834206000072017","Não se Aplica","INCISO II","SISPP","Objeto: Contratação de empresa especializada para fabricação e instalação de Identificação Visual (letra caixa) para a Fachada da Guarita do IFRO   Campus Vilhena, regime de empreitada por preço global, compreendendo fornecimento e instalação, incluindo fornecimento de materiais, equipamentos e mão-de-obra para completa execução do objeto em conformidade com projeto anexo.",31/12/1899,"Encerrado","Existe Resultado de Compra","01 Jan 1900","Não Subrogou Compra","5.190,0000"
26000,"MINISTERIO DA EDUCACAO",26421,"INST.FED.DE EDUC.,CIENC.E TEC. DE RONDONIA",158342,"INST.FED.DE RONDONIA/CAMPUS VILHENA/RO","RO","VILHENA","23243.013502/2017","Inexigibilidade de Licitação","15834207000122017","Não se Aplica","INCISO II","SISPP","Objeto: Pagamento de inscrição do servidor para fins de participação no Curso de C# e Orientação a Objeto, a ser realizado dos dias 06 a 10 de novembro de 2017 em São Paulo- SP",31/12/1899,"Encerrado","Existe Resultado de Compra","01 Jan 1900","Não Subrogou Compra","2.151,0000"
26000,"MINISTERIO DA EDUCACAO",26421,"INST.FED.DE EDUC.,CIENC.E TEC. DE RONDONIA",158342,"INST.FED.DE RONDONIA/CAMPUS VILHENA/RO","RO","VILHENA","23243.014310/2017","Inexigibilidade de Licitação","15834207000132017","Não se Aplica","INCISO II","SISPP","Objeto: Capacitação em nome de WESLEY JHONNES RAMOS ROLIM, através do Plano Anual de Capacitação 2017,para fins de participação no Curso ScadaBR Profissional módulo 1 a ser realizado dos dias 07 e 08 de dezembro de 2017 em Florianópolis - SC.",31/12/1899,"Encerrado","Existe Resultado de Compra","01 Jan 1900","Não Subrogou Compra","1.145,0000"
26000,"MINISTERIO DA EDUCACAO",26421,"INST.FED.DE EDUC.,CIENC.E TEC. DE RONDONIA",158342,"INST.FED.DE RONDONIA/CAMPUS VILHENA/RO","RO","VILHENA","23243.014812/2017","Dispensa de Licitação","15834206000082017","Não se Aplica","INCISO II","SISPP","Objeto: Café, tipo torrado, apresentação moído.Embalagem de 500 g. De 1ª qualidade.",31/12/1899,"Encerrado","Existe Resultado de Compra","01 Jan 1900","Não Subrogou Compra","3.117,4000"
26000,"MINISTERIO DA EDUCACAO",26421,"INST.FED.DE EDUC.,CIENC.E TEC. DE RONDONIA",158342,"INST.FED.DE RONDONIA/CAMPUS VILHENA/RO","RO","VILHENA","23243015230201772","Inexigibilidade de Licitação","15834207000142017","Não se Aplica","INCISO II","SISPP","Objeto: Pagamento de ingressos para servidores na Palestra ""5 lições do Rock para o Sucesso"".",31/12/1899,"Encerrado","Existe Resultado de Compra","01 Jan 1900","Não Subrogou Compra","490,0000"
26000,"MINISTERIO DA EDUCACAO",26421,"INST.FED.DE EDUC.,CIENC.E TEC. DE RONDONIA",158342,"INST.FED.DE RONDONIA/CAMPUS VILHENA/RO","RO","VILHENA","23243015442201750","Inexigibilidade de Licitação","15834207000152017","Não se Aplica","INCISO II","SISPP","Objeto: Capacitação em nome de SAMÁRA CARVALHO DE CASTRO, através do Plano Anual de Capacitação 2017,para fins de participação no Curso Gestão de Documentos Eletrônicos, a ser realizado dos dias 29 de novembro a 01 de dezembro de 2017 em João Pessoa - PB.",31/12/1899,"Encerrado","Existe Resultado de Compra","01 Jan 1900","Não Subrogou Compra","2.490,0000"
26000,"MINISTERIO DA EDUCACAO",26421,"INST.FED.DE EDUC.,CIENC.E TEC. DE RONDONIA",158342,"INST.FED.DE RONDONIA/CAMPUS VILHENA/RO","RO","VILHENA","23243.017007/2017","Inexigibilidade de Licitação","15834207000162017","Não se Aplica","INCISO II","SISPP","Objeto: Contratação referente à publicação dos Anais on line do II SIMPRAD pela Empresa:  L3 SOLUÇÕES EM TECNOLOGIA LTDA.",31/12/1899,"Encerrado","Existe Resultado de Compra","01 Jan 1900","Não Subrogou Compra","639,0000"
26000,"MINISTERIO DA EDUCACAO",26421,"INST.FED.DE EDUC.,CIENC.E TEC. DE RONDONIA",158342,"INST.FED.DE RONDONIA/CAMPUS VILHENA/RO","RO","VILHENA","23243.015880/2017","Inexigibilidade de Licitação","15834207000172017","Não se Aplica","INCISO II","SISPP","Objeto: Contratação de plataforma de conhecimento em programação e desenvolvimento web, disponibilizando acesso a 40(quarenta) usuários a todos os cursos da Plataforma. O valor unitário se refere ao mês.",31/12/1899,"Encerrado","Existe Resultado de Compra","01 Jan 1900","Não Subrogou Compra","7.500,0000"
26000,"MINISTERIO DA EDUCACAO",26421,"INST.FED.DE EDUC.,CIENC.E TEC. DE RONDONIA",158342,"INST.FED.DE RONDONIA/CAMPUS VILHENA/RO","RO","VILHENA","23243.018195/2017","Inexigibilidade de Licitação","15834207000182017","Não se Aplica","INCISO II","SISPP","Objeto: Capacitação sobre o tema  Depressão  para a equipe do Núcleo de Atendimento às Pessoas com Necessidades Específicas   NAPNE.",31/12/1899,"Encerrado","Existe Resultado de Compra","01 Jan 1900","Não Subrogou Compra","2.226,0000"
26000,"MINISTERIO DA EDUCACAO",26421,"INST.FED.DE EDUC.,CIENC.E TEC. DE RONDONIA",158343,"INST.FED.DE RONDONIA/CAMPUS ARIQUEMES/RO","RO","ARIQUEMES","23243007514201612","Pregão","15834305000022017","Não se Aplica","NAO SE APLICA","SISRP","Objeto: Pregão Eletrônico -  O objeto desta licitação é o registro de preços para eventual Contratação de Link Dedicado de Internet.",2/2/2017,"Publicado","Existe Resultado de Compra","09 Mar 2017","Não Subrogou Compra","661.120,0000"
26000,"MINISTERIO DA EDUCACAO",26421,"INST.FED.DE EDUC.,CIENC.E TEC. DE RONDONIA",158343,"INST.FED.DE RONDONIA/CAMPUS ARIQUEMES/RO","RO","ARIQUEMES","23243000382201771","Pregão","15834305000032017","Não se Aplica","NAO SE APLICA","SISRP","Objeto: Pregão Eletrônico -  O objeto desta licitação é o registro de preços para eventual CONTRATAÇÃO DE SERVIÇO DE MÃO DE OBRA, destinados a atender ao Instituto  Federal de Educação, Ciência e Tecnologia de Rondônia Campus Ariquemes.",6/3/2017,"Evento de Alteração Publicado","Existe Resultado de Compra","16 Mar 2017","Não Subrogou Compra","2.805.064,4400"
26000,"MINISTERIO DA EDUCACAO",26421,"INST.FED.DE EDUC.,CIENC.E TEC. DE RONDONIA",158343,"INST.FED.DE RONDONIA/CAMPUS ARIQUEMES/RO","RO","ARIQUEMES","23243002866201754","Pregão","15834305000042017","Não se Aplica","NAO SE APLICA","SISRP","Objeto: Pregão Eletrônico -  O objeto desta licitação é o registro de preços para eventual aquisição de Materiais hidráulicos destinados as Coordenações de Serviços Gerais do Instituto Federal de Educação, Ciência e Tecnologia de Rondônia.",28/6/2017,"Publicado","Existe Resultado de Compra","17 Jul 2017","Não Subrogou Compra","262.733,4800"
26000,"MINISTERIO DA EDUCACAO",26421,"INST.FED.DE EDUC.,CIENC.E TEC. DE RONDONIA",158343,"INST.FED.DE RONDONIA/CAMPUS ARIQUEMES/RO","RO","ARIQUEMES","23243003160201718","Pregão","15834305000052017","Não se Aplica","NAO SE APLICA","SISRP","Objeto: Pregão Eletrônico -  O objeto desta licitação é o registro de preços para eventual aquisição de gás e água mineral para atender a demanda do Instituto Federal de Educação, Ciência e Tecnologia de Rondônia.",22/6/2017,"Publicado","Existe Resultado de Compra","23 Jun 2017","Não Subrogou Compra","107.981,0300"
26000,"MINISTERIO DA EDUCACAO",26421,"INST.FED.DE EDUC.,CIENC.E TEC. DE RONDONIA",158343,"INST.FED.DE RONDONIA/CAMPUS ARIQUEMES/RO","RO","ARIQUEMES","23243002977201761","Pregão","15834305000062017","Não se Aplica","NAO SE APLICA","SISRP","Objeto: Pregão Eletrônico -  Registro de preços para eventual contratação de serviços de dedetização para atender as coordenações de Serviços Gerais do Instituto Federal de Educação, Ciência e Tecnologia de Rondônia",25/7/2017,"Publicado","Existe Resultado de Compra","31 Jul 2017","Não Subrogou Compra","174.790,3500"
26000,"MINISTERIO DA EDUCACAO",26421,"INST.FED.DE EDUC.,CIENC.E TEC. DE RONDONIA",158343,"INST.FED.DE RONDONIA/CAMPUS ARIQUEMES/RO","RO","ARIQUEMES","23243003620201708","Pregão","15834305000072017","Não se Aplica","NAO SE APLICA","SISRP","Objeto: Pregão Eletrônico -  Contratação de Serviço de Mão de Obra Terceirizada.",16/8/2017,"Publicado","Existe Resultado de Compra","21 Ago 2017","Não Subrogou Compra","2.201.589,0000"
26000,"MINISTERIO DA EDUCACAO",26421,"INST.FED.DE EDUC.,CIENC.E TEC. DE RONDONIA",158343,"INST.FED.DE RONDONIA/CAMPUS ARIQUEMES/RO","RO","ARIQUEMES","23243003812201714","Pregão","15834305000082017","Não se Aplica","NAO SE APLICA","SISRP","Objeto: Pregão Eletrônico -  Aquisição de Medicamentos Humanos e Materiais de uso Farmacológico/Hospital",20/9/2017,"Publicado","Existe Resultado de Compra","25 Set 2017","Não Subrogou Compra","13.957,0200"
26000,"MINISTERIO DA EDUCACAO",26421,"INST.FED.DE EDUC.,CIENC.E TEC. DE RONDONIA",158343,"INST.FED.DE RONDONIA/CAMPUS ARIQUEMES/RO","RO","ARIQUEMES","23243003986201779","Pregão","15834305000092017","Não se Aplica","NAO SE APLICA","SISRP","Objeto: Pregão Eletrônico -  O objeto desta licitação é o registro de preços para eventual Aquisição Conjunta de Peças e Recargas de Extintores.",13/9/2017,"Publicado","Existe Resultado de Compra","19 Set 2017","Não Subrogou Compra","111.585,3180"
26000,"MINISTERIO DA EDUCACAO",26421,"INST.FED.DE EDUC.,CIENC.E TEC. DE RONDONIA",158343,"INST.FED.DE RONDONIA/CAMPUS ARIQUEMES/RO","RO","ARIQUEMES","23243.014673/2017","Pregão","15834305000102017","Não se Aplica","NAO SE APLICA","SISRP","Objeto: Pregão Eletrônico -  Eventual aquisição de Gás e Água Mineral para Atender a demanda do Instituto Federal de Educação, Ciência e Tecnologia de Rondônia.",6/11/2017,"Publicado","Existe Resultado de Compra","07 Nov 2017","Não Subrogou Compra","133.373,3600"
26000,"MINISTERIO DA EDUCACAO",26421,"INST.FED.DE EDUC.,CIENC.E TEC. DE RONDONIA",158343,"INST.FED.DE RONDONIA/CAMPUS ARIQUEMES/RO","RO","ARIQUEMES","2324300657201793","Dispensa de Licitação","15834306000012017","Não se Aplica","INCISO I","SISPP","Objeto: Contratação de serviços de transporte de madeira",31/12/1899,"Encerrado","Existe Resultado de Compra","01 Jan 1900","Não Subrogou Compra","4.400,0000"
26000,"MINISTERIO DA EDUCACAO",26421,"INST.FED.DE EDUC.,CIENC.E TEC. DE RONDONIA",158343,"INST.FED.DE RONDONIA/CAMPUS ARIQUEMES/RO","RO","ARIQUEMES","23243001657201793","Dispensa de Licitação","15834306000022017","Não se Aplica","INCISO II","SISPP","Objeto: Contratação de empresa, para prestação do serviço de locação de aparelhagem de som, iluminação e palco, incluindo o transporte e montagem dos equipamentos para atender a demanda do Departamento de Extensão - DEPEX, do Instituto Federal de Rondônia - IFRO/Campus Ariquemes.",31/12/1899,"Encerrado","Existe Resultado de Compra","01 Jan 1900","Não Subrogou Compra","4.000,0000"
26000,"MINISTERIO DA EDUCACAO",26421,"INST.FED.DE EDUC.,CIENC.E TEC. DE RONDONIA",158343,"INST.FED.DE RONDONIA/CAMPUS ARIQUEMES/RO","RO","ARIQUEMES","23243.003484/2017","Dispensa de Licitação","15834306000032017","Não se Aplica","INCISO II","SISPP","Objeto: Serviço de instrução de Mestre em Capoeira. Envolvendo o treinamento/instrução dos estudantes que fazem parte do projeto. Serviço a ser executado nos finais de semana na sede do IFRO/Campus Ariquemes a cerca de 13 km do Centro de Ariquemes.",31/12/1899,"Encerrado","Existe Resultado de Compra","01 Jan 1900","Não Subrogou Compra","3.200,0000"
26000,"MINISTERIO DA EDUCACAO",26421,"INST.FED.DE EDUC.,CIENC.E TEC. DE RONDONIA",158343,"INST.FED.DE RONDONIA/CAMPUS ARIQUEMES/RO","RO","ARIQUEMES","23243003576201728","Inexigibilidade de Licitação","15834307000012017","Não se Aplica","INCISO II","SISPP","Objeto: Contratação de empresa especializada em serviços de capacitação.",31/12/1899,"Encerrado","Existe Resultado de Compra","01 Jan 1900","Não Subrogou Compra","2.474,5600"
26000,"MINISTERIO DA EDUCACAO",26421,"INST.FED.DE EDUC.,CIENC.E TEC. DE RONDONIA",158343,"INST.FED.DE RONDONIA/CAMPUS ARIQUEMES/RO","RO","ARIQUEMES","23243003630201735","Inexigibilidade de Licitação","15834307000022017","Não se Aplica","INCISO II","SISPP","Objeto: Contratação de empresa especializada em serviços de capacitação.",31/12/1899,"Encerrado","Existe Resultado de Compra","01 Jan 1900","Não Subrogou Compra","3.290,8000"
26000,"MINISTERIO DA EDUCACAO",26421,"INST.FED.DE EDUC.,CIENC.E TEC. DE RONDONIA",158343,"INST.FED.DE RONDONIA/CAMPUS ARIQUEMES/RO","RO","ARIQUEMES","23243003577201772","Inexigibilidade de Licitação","15834307000032017","Não se Aplica","INCISO II","SISPP","Objeto: Contratação de empresa especializada em serviços de capacitação.",31/12/1899,"Encerrado","Existe Resultado de Compra","01 Jan 1900","Não Subrogou Compra","3.290,8000"
26000,"MINISTERIO DA EDUCACAO",26421,"INST.FED.DE EDUC.,CIENC.E TEC. DE RONDONIA",158343,"INST.FED.DE RONDONIA/CAMPUS ARIQUEMES/RO","RO","ARIQUEMES","23243003575201783","Inexigibilidade de Licitação","15834307000042017","Não se Aplica","INCISO II","SISPP","Objeto: Contratação de empresa especializada em serviços de capacitação.",31/12/1899,"Encerrado","Existe Resultado de Compra","01 Jan 1900","Não Subrogou Compra","2.474,5600"
26000,"MINISTERIO DA EDUCACAO",26421,"INST.FED.DE EDUC.,CIENC.E TEC. DE RONDONIA",158345,"INST.FED.DE RONDONIA/CAMPUS PORTO VELHO/RO","RO","PORTO VELHO","23243000355201706","Pregão","15834505000022017","Não se Aplica","NAO SE APLICA","SISPP","Objeto: Pregão Eletrônico -  Aquisição e instalação de vidro temperado (blindex) incolor, incluindo esquadrias e todo o material necessário, bem como a mão de obra.",3/3/2017,"Publicado","Existe Resultado de Compra","06 Mar 2017","Não Subrogou Compra","13.300,0000"
26000,"MINISTERIO DA EDUCACAO",26421,"INST.FED.DE EDUC.,CIENC.E TEC. DE RONDONIA",158345,"INST.FED.DE RONDONIA/CAMPUS PORTO VELHO/RO","RO","PORTO VELHO","23243001654201750","Pregão","15834505000052017","Não se Aplica","NAO SE APLICA","SISPP","Objeto: Pregão Eletrônico -  CONCESSÃO DE USO DE ESPAÇO FÍSICO PARA EXPLORAÇÃO DE SERVIÇOS DE LANCHONETE E RESTAURANTE, por empresa especializada no ramo, nas dependências do Campus Porto Velho Calama do Instituto Federal de Rondônia - IFRO",18/4/2017,"Publicado","Existe Resultado de Compra","19 Abr 2017","Não Subrogou Compra","218,2700"
26000,"MINISTERIO DA EDUCACAO",26421,"INST.FED.DE EDUC.,CIENC.E TEC. DE RONDONIA",158345,"INST.FED.DE RONDONIA/CAMPUS PORTO VELHO/RO","RO","PORTO VELHO","23243003480201689","Pregão","15834505000142017","Não se Aplica","NAO SE APLICA","SISPP","Objeto: Pregão Eletrônico -  CONTRATAÇÃO DE PESSOA JURÍDICA PARA SERVIÇO DE INSTALAÇÃO/ADEQUAÇÃO HIDRÁULICA E DE ESGOTO EM LABORATÓRIOS, visando atender ao Campus Porto Velho Calama do Instituto Federal de Rondônia   IFRO (Repetição), conforme especificações e quantidades estabelecidas no Projeto Básico, no Memorial Descritivo, na Planilha Orçamentária, no Cronograma Físico-Financeiro , neste Edital e nos demais anexos.",12/9/2017,"Publicado","Existe Resultado de Compra","26 Set 2017","Não Subrogou Compra","16.756,0000"
26000,"MINISTERIO DA EDUCACAO",26421,"INST.FED.DE EDUC.,CIENC.E TEC. DE RONDONIA",158345,"INST.FED.DE RONDONIA/CAMPUS PORTO VELHO/RO","RO","PORTO VELHO","23243006542201612","Pregão","15834505000012017","Não se Aplica","NAO SE APLICA","SISRP","Objeto: Pregão Eletrônico -  Contratação de empresa especializada na prestação de serviços de análise de água, limpeza de reservatório e manutenção do sistema alternativo de água (poço).",19/1/2017,"Publicado","Existe Resultado de Compra","27 Jan 2017","Não Subrogou Compra","443.806,7600"
26000,"MINISTERIO DA EDUCACAO",26421,"INST.FED.DE EDUC.,CIENC.E TEC. DE RONDONIA",158345,"INST.FED.DE RONDONIA/CAMPUS PORTO VELHO/RO","RO","PORTO VELHO","23243000321201711","Pregão","15834505000032017","Não se Aplica","NAO SE APLICA","SISRP","Objeto: Pregão Eletrônico -  Contratação de empresa especializada na organização de eventos, incluindo esportivos, com fornecimento de materiais e/ou aquisição de materiais para subsidiar as solenidades e eventos oficiais.",8/3/2017,"Publicado","Existe Resultado de Compra","04 Abr 2017","Não Subrogou Compra","570.034,3300"
26000,"MINISTERIO DA EDUCACAO",26421,"INST.FED.DE EDUC.,CIENC.E TEC. DE RONDONIA",158345,"INST.FED.DE RONDONIA/CAMPUS PORTO VELHO/RO","RO","PORTO VELHO","23243000720201774","Pregão","15834505000042017","Não se Aplica","NAO SE APLICA","SISRP","Objeto: Pregão Eletrônico -  Registro de preços para futura e eventual contratação de empresa especializada em serviços de lavanderia.",3/4/2017,"Publicado","Existe Resultado de Compra","17 Abr 2017","Não Subrogou Compra","60.675,1500"
26000,"MINISTERIO DA EDUCACAO",26421,"INST.FED.DE EDUC.,CIENC.E TEC. DE RONDONIA",158345,"INST.FED.DE RONDONIA/CAMPUS PORTO VELHO/RO","RO","PORTO VELHO","23243001192201771","Pregão","15834505000062017","Não se Aplica","NAO SE APLICA","SISRP","Objeto: Pregão Eletrônico -  Registro de preços para futura e eventual aquisição de material esportivo.",4/5/2017,"Publicado","Existe Resultado de Compra","31 Mai 2017","Não Subrogou Compra","660.181,6100"
26000,"MINISTERIO DA EDUCACAO",26421,"INST.FED.DE EDUC.,CIENC.E TEC. DE RONDONIA",158345,"INST.FED.DE RONDONIA/CAMPUS PORTO VELHO/RO","RO","PORTO VELHO","23243001682201777","Pregão","15834505000072017","Não se Aplica","NAO SE APLICA","SISRP","Objeto: Pregão Eletrônico -  Registro de preços para futura e eventual aquisição de material de acondicionamento e embalagem.",11/5/2017,"Publicado","Existe Resultado de Compra","22 Mai 2017","Não Subrogou Compra","258.073,0800"
26000,"MINISTERIO DA EDUCACAO",26421,"INST.FED.DE EDUC.,CIENC.E TEC. DE RONDONIA",158345,"INST.FED.DE RONDONIA/CAMPUS PORTO VELHO/RO","RO","PORTO VELHO","23243.001928/2017","Pregão","15834505000082017","Não se Aplica","NAO SE APLICA","SISRP","Objeto: Pregão Eletrônico -  Registro de preços para futura e eventual prestação de serviços reprográficos.",7/6/2017,"Evento de Retificação Divulgado","Existe Resultado de Compra","26 Jun 2017","Não Subrogou Compra","268.221,1400"
26000,"MINISTERIO DA EDUCACAO",26421,"INST.FED.DE EDUC.,CIENC.E TEC. DE RONDONIA",158345,"INST.FED.DE RONDONIA/CAMPUS PORTO VELHO/RO","RO","PORTO VELHO","23243002387201738","Pregão","15834505000102017","Não se Aplica","NAO SE APLICA","SISRP","Objeto: Pregão Eletrônico -  Registro de preços para futura e eventual prestação de serviços de manutenção em grupo gerador e subestação.",28/7/2017,"Publicado","Existe Resultado de Compra","01 Ago 2017","Não Subrogou Compra","204.807,8800"
26000,"MINISTERIO DA EDUCACAO",26421,"INST.FED.DE EDUC.,CIENC.E TEC. DE RONDONIA",158345,"INST.FED.DE RONDONIA/CAMPUS PORTO VELHO/RO","RO","PORTO VELHO","23243003498201761","Pregão","15834505000112017","Não se Aplica","NAO SE APLICA","SISRP","Objeto: Pregão Eletrônico -  Registro de preços para contratação de serviços de fretamento de transporte coletivo.",7/8/2017,"Publicado","Existe Resultado de Compra","09 Ago 2017","Não Subrogou Compra","458.326,0000"
26000,"MINISTERIO DA EDUCACAO",26421,"INST.FED.DE EDUC.,CIENC.E TEC. DE RONDONIA",158345,"INST.FED.DE RONDONIA/CAMPUS PORTO VELHO/RO","RO","PORTO VELHO","23243003634201713","Pregão","15834505000122017","Não se Aplica","NAO SE APLICA","SISRP","Objeto: Pregão Eletrônico -  Registro de preços para futura e eventual aquisição de material de acondicionamento e embalagem e esportivo.",29/8/2017,"Publicado","Existe Resultado de Compra","01 Set 2017","Não Subrogou Compra","65.454,1200"
26000,"MINISTERIO DA EDUCACAO",26421,"INST.FED.DE EDUC.,CIENC.E TEC. DE RONDONIA",158345,"INST.FED.DE RONDONIA/CAMPUS PORTO VELHO/RO","RO","PORTO VELHO","23243003915201776","Pregão","15834505000132017","Não se Aplica","NAO SE APLICA","SISRP","Objeto: Pregão Eletrônico -  O objeto desta licitação é o registro de preços para futura e eventual AQUISIÇÃO DE MATERIAL PARA ATENDER AO CURSO DE FORMAÇÃO INICIAL E CONTINUADA (FIC) NAS ÁREAS DE SOLDADOR E PRODUÇÃO DE SABONETE (alicate de pressão, ácido sulfônico, arames tubulares, esmerilhadeira e outros), visando atender às necessidades das unidades do Campus Porto Velho Calama do Instituto Federal de Rondônia   IFRO e do Campus Paranavaí do Instituto Federal do Paraná.",22/9/2017,"Evento de Alteração Publicado","Existe Resultado de Compra","04 Out 2017","Não Subrogou Compra","152.773,7100"
26000,"MINISTERIO DA EDUCACAO",26421,"INST.FED.DE EDUC.,CIENC.E TEC. DE RONDONIA",158345,"INST.FED.DE RONDONIA/CAMPUS PORTO VELHO/RO","RO","PORTO VELHO","23243001326201753","Dispensa de Licitação","15834506000012017","Não se Aplica","INCISO II","SISPP","Objeto: Manutenção de condicionadores de ar",31/12/1899,"Encerrado","Existe Resultado de Compra","01 Jan 1900","Não Subrogou Compra","1.045,0000"
26000,"MINISTERIO DA EDUCACAO",26421,"INST.FED.DE EDUC.,CIENC.E TEC. DE RONDONIA",158345,"INST.FED.DE RONDONIA/CAMPUS PORTO VELHO/RO","RO","PORTO VELHO","23243001357201712","Dispensa de Licitação","15834506000022017","Não se Aplica","INCISO II","SISPP","Objeto: Materiais de proteção e segurança   adequação ao LTCAT 01/2016",31/12/1899,"Encerrado","Existe Resultado de Compra","01 Jan 1900","Não Subrogou Compra","2.205,1800"
26000,"MINISTERIO DA EDUCACAO",26421,"INST.FED.DE EDUC.,CIENC.E TEC. DE RONDONIA",158345,"INST.FED.DE RONDONIA/CAMPUS PORTO VELHO/RO","RO","PORTO VELHO","23243002111201750","Dispensa de Licitação","15834506000032017","Não se Aplica","INCISO II","SISPP","Objeto: Serviços de transporte e descarga de madeiramento.",31/12/1899,"Encerrado","Existe Resultado de Compra","01 Jan 1900","Não Subrogou Compra","2.200,0000"
26000,"MINISTERIO DA EDUCACAO",26421,"INST.FED.DE EDUC.,CIENC.E TEC. DE RONDONIA",158345,"INST.FED.DE RONDONIA/CAMPUS PORTO VELHO/RO","RO","PORTO VELHO","23243002332201728","Dispensa de Licitação","15834506000042017","Não se Aplica","INCISO II","SISPP","Objeto: Aquisição de etiquetas para identificação patrimonial.",31/12/1899,"Encerrado","Existe Resultado de Compra","01 Jan 1900","Não Subrogou Compra","730,0000"
26000,"MINISTERIO DA EDUCACAO",26421,"INST.FED.DE EDUC.,CIENC.E TEC. DE RONDONIA",158345,"INST.FED.DE RONDONIA/CAMPUS PORTO VELHO/RO","RO","PORTO VELHO","23243003056201715","Dispensa de Licitação","15834506000052017","Não se Aplica","INCISO II","SISPP","Objeto: Aquisição de laminado tipo fórmica para restauração de quadros brancos.",31/12/1899,"Retificação","Existe Resultado de Compra","01 Jan 1900","Não Subrogou Compra","1.336,2000"
26000,"MINISTERIO DA EDUCACAO",26421,"INST.FED.DE EDUC.,CIENC.E TEC. DE RONDONIA",158345,"INST.FED.DE RONDONIA/CAMPUS PORTO VELHO/RO","RO","PORTO VELHO","23243003728201792","Dispensa de Licitação","15834506000072017","Não se Aplica","INCISO II","SISPP","Objeto: Serviço de manutenção corretiva em impressoras.",31/12/1899,"Encerrado","Existe Resultado de Compra","01 Jan 1900","Não Subrogou Compra","1.606,5000"
26000,"MINISTERIO DA EDUCACAO",26421,"INST.FED.DE EDUC.,CIENC.E TEC. DE RONDONIA",158345,"INST.FED.DE RONDONIA/CAMPUS PORTO VELHO/RO","RO","PORTO VELHO","23243003411201756","Inexigibilidade de Licitação","15834507000012017","Não se Aplica","INCISO II","SISPP","Objeto: Inscrição em curso ""Encontro Internacional de Jovens Investigadores - JOIN"" do servidor Antônio dos Santos Júnior.",31/12/1899,"Encerrado","Existe Resultado de Compra","01 Jan 1900","Não Subrogou Compra","90,0000"
26000,"MINISTERIO DA EDUCACAO",26421,"INST.FED.DE EDUC.,CIENC.E TEC. DE RONDONIA",158345,"INST.FED.DE RONDONIA/CAMPUS PORTO VELHO/RO","RO","PORTO VELHO","23243003616201731","Dispensa de Licitação","15834506000082017","Não se Aplica","INCISO II","SISPP","Objeto: Aquisição de gêneros alimentícios.",31/12/1899,"Encerrado","Existe Resultado de Compra","01 Jan 1900","Não Subrogou Compra","5.531,0000"
26000,"MINISTERIO DA EDUCACAO",26421,"INST.FED.DE EDUC.,CIENC.E TEC. DE RONDONIA",158345,"INST.FED.DE RONDONIA/CAMPUS PORTO VELHO/RO","RO","PORTO VELHO","23243003648201737","Dispensa de Licitação","15834506000092017","Não se Aplica","INCISO IV","SISPP","Objeto: Manutenção corretiva do elevador",31/12/1899,"Publicado","Existe Resultado de Compra","01 Jan 1900","Não Subrogou Compra","19.920,0000"
26000,"MINISTERIO DA EDUCACAO",26421,"INST.FED.DE EDUC.,CIENC.E TEC. DE RONDONIA",158345,"INST.FED.DE RONDONIA/CAMPUS PORTO VELHO/RO","RO","PORTO VELHO","23243011307201735","Dispensa de Licitação","15834506000102017","Não se Aplica","INCISO II","SISPP","Objeto: Manutenção corretiva de impressora Samsung - Z5W1BAABB00668P, envolvendo o conserto de Placa fonte, limpeza e lubrificação completa.",31/12/1899,"Encerrado","Existe Resultado de Compra","01 Jan 1900","Não Subrogou Compra","463,0000"
26000,"MINISTERIO DA EDUCACAO",26421,"INST.FED.DE EDUC.,CIENC.E TEC. DE RONDONIA",158345,"INST.FED.DE RONDONIA/CAMPUS PORTO VELHO/RO","RO","PORTO VELHO","23243012571201796","Dispensa de Licitação","15834506000112017","Não se Aplica","INCISO II","SISPP","Objeto: Manutenção de Mesa de Som SL2442 FX-PRO MIXER 24 CANAIS - MARCA EURODESK",31/12/1899,"Encerrado","Existe Resultado de Compra","01 Jan 1900","Não Subrogou Compra","680,0000"
26000,"MINISTERIO DA EDUCACAO",26421,"INST.FED.DE EDUC.,CIENC.E TEC. DE RONDONIA",158345,"INST.FED.DE RONDONIA/CAMPUS PORTO VELHO/RO","RO","PORTO VELHO","23243014167201757","Inexigibilidade de Licitação","15834507000022017","Não se Aplica","INCISO II","SISPP","Objeto: Inscrição de servidores em capacitação.",31/12/1899,"Encerrado","Existe Resultado de Compra","01 Jan 1900","Não Subrogou Compra","7.500,0000"
26000,"MINISTERIO DA EDUCACAO",26421,"INST.FED.DE EDUC.,CIENC.E TEC. DE RONDONIA",158345,"INST.FED.DE RONDONIA/CAMPUS PORTO VELHO/RO","RO","PORTO VELHO","23243014843201792","Dispensa de Licitação","15834506000122017","Não se Aplica","INCISO II","SISPP","Objeto: Manutenção corretiva de impressoras.",31/12/1899,"Encerrado","Existe Resultado de Compra","01 Jan 1900","Não Subrogou Compra","715,0000"
26000,"MINISTERIO DA EDUCACAO",26421,"INST.FED.DE EDUC.,CIENC.E TEC. DE RONDONIA",158345,"INST.FED.DE RONDONIA/CAMPUS PORTO VELHO/RO","RO","PORTO VELHO","2324014766201771","Dispensa de Licitação","15834506000142017","Não se Aplica","INCISO II","SISPP","Objeto: Manutenção corretiva da Impressora Samsung SCX 5637 Serial Z5W1BAHBA00569H, envolvendo reparo na placa fonte; troca dobradiça, limpeza e manutenção.",31/12/1899,"Encerrado","Existe Resultado de Compra","01 Jan 1900","Não Subrogou Compra","480,0000"
26000,"MINISTERIO DA EDUCACAO",26421,"INST.FED.DE EDUC.,CIENC.E TEC. DE RONDONIA",158345,"INST.FED.DE RONDONIA/CAMPUS PORTO VELHO/RO","RO","PORTO VELHO","23243015052201780","Inexigibilidade de Licitação","15834507000032017","Não se Aplica","INCISO II","SISPP","Objeto: Renovação do software Urânia.",31/12/1899,"Encerrado","Existe Resultado de Compra","01 Jan 1900","Não Subrogou Compra","1.411,0000"
26000,"MINISTERIO DA EDUCACAO",26421,"INST.FED.DE EDUC.,CIENC.E TEC. DE RONDONIA",158345,"INST.FED.DE RONDONIA/CAMPUS PORTO VELHO/RO","RO","PORTO VELHO","2324305052201780","Inexigibilidade de Licitação","15834507000042017","Não se Aplica","INCISO II","SISPP","Objeto: Renovação do software Urânia.",31/12/1899,"Encerrado","Existe Resultado de Compra","01 Jan 1900","Não Subrogou Compra","1.411,0000"
26000,"MINISTERIO DA EDUCACAO",26421,"INST.FED.DE EDUC.,CIENC.E TEC. DE RONDONIA",158345,"INST.FED.DE RONDONIA/CAMPUS PORTO VELHO/RO","RO","PORTO VELHO","23243016228201711","Dispensa de Licitação","15834506000152017","Não se Aplica","INCISO XXII","SISPP","Objeto: Contratação de serviços continuados de fornecimento de energia do Campus",31/12/1899,"Publicado","Existe Resultado de Compra","01 Jan 1900","Não Subrogou Compra","600.000,0000"
26000,"MINISTERIO DA EDUCACAO",26421,"INST.FED.DE EDUC.,CIENC.E TEC. DE RONDONIA",158345,"INST.FED.DE RONDONIA/CAMPUS PORTO VELHO/RO","RO","PORTO VELHO","23243014846201726","Dispensa de Licitação","15834506000162017","Não se Aplica","INCISO II","SISPP","Objeto: Manutenção de televisores.",31/12/1899,"Encerrado","Existe Resultado de Compra","01 Jan 1900","Não Subrogou Compra","1.200,0000"
26000,"MINISTERIO DA EDUCACAO",26421,"INST.FED.DE EDUC.,CIENC.E TEC. DE RONDONIA",158345,"INST.FED.DE RONDONIA/CAMPUS PORTO VELHO/RO","RO","PORTO VELHO","23243019079201741","Inexigibilidade de Licitação","15834507000052017","Não se Aplica","INCISO II","SISPP","Objeto: Contratação dos Cursos de Capacitação (Capacitação - Ciclo Regional de Licitações e Contratos Gestão da Fase Interna ao Recebimento definitivo).",31/12/1899,"Encerrado","Existe Resultado de Compra","01 Jan 1900","Não Subrogou Compra","5.000,0000"
26000,"MINISTERIO DA EDUCACAO",26421,"INST.FED.DE EDUC.,CIENC.E TEC. DE RONDONIA",158376,"INST.FED.DE RONDONIA/CAMPUS JI-PARANA/RO","RO","JI-PARANA","23243003522201762","Pregão","15837605000062017","Não se Aplica","NAO SE APLICA","SISPP","Objeto: Pregão Eletrônico -  CONCESSÃO ADMINISTRATIVA DE USO DE BEM PÚBLICO PARA SERVIÇOS DE LANCHONETE E RESTAURANTE,com exclusividade.",6/7/2017,"Publicado","Existe Resultado de Compra","07 Jul 2017","Não Subrogou Compra","301,1200"
26000,"MINISTERIO DA EDUCACAO",26421,"INST.FED.DE EDUC.,CIENC.E TEC. DE RONDONIA",158376,"INST.FED.DE RONDONIA/CAMPUS JI-PARANA/RO","RO","JI-PARANA","23243015975201731","Pregão","15837605000072017","Não se Aplica","NAO SE APLICA","SISPP","Objeto: Pregão Eletrônico -  Contratação de Serviços Comuns de Engenharia",27/11/2017,"Publicado","Existe Resultado de Compra","11 Dez 2017","Não Subrogou Compra","169.500,0000"
26000,"MINISTERIO DA EDUCACAO",26421,"INST.FED.DE EDUC.,CIENC.E TEC. DE RONDONIA",158376,"INST.FED.DE RONDONIA/CAMPUS JI-PARANA/RO","RO","JI-PARANA","23243006674201636","Pregão","15837605000092016","Não se Aplica","NAO SE APLICA","SISRP","Objeto: Pregão Eletrônico -  Aquisição conjunta de materiais Elétricos.",5/12/2016,"Publicado","Existe Resultado de Compra","20 Dez 2016","Não Subrogou Compra","860.816,3700"
26000,"MINISTERIO DA EDUCACAO",26421,"INST.FED.DE EDUC.,CIENC.E TEC. DE RONDONIA",158376,"INST.FED.DE RONDONIA/CAMPUS JI-PARANA/RO","RO","JI-PARANA","23243003202201621","Pregão","15837605000012017","Não se Aplica","NAO SE APLICA","SISRP","Objeto: Pregão Eletrônico -  Aquisição (Futura) Materiais de TI",21/3/2017,"Publicado","Existe Resultado de Compra","03 Abr 2017","Não Subrogou Compra","715.161,5300"
26000,"MINISTERIO DA EDUCACAO",26421,"INST.FED.DE EDUC.,CIENC.E TEC. DE RONDONIA",158376,"INST.FED.DE RONDONIA/CAMPUS JI-PARANA/RO","RO","JI-PARANA","23243002471201751","Pregão","15837605000022017","Não se Aplica","NAO SE APLICA","SISRP","Objeto: Pregão Eletrônico -  Futura Contratação Conjunta Assinaturas Jornais, Revistas e Periódicos",9/6/2017,"Publicado","Existe Resultado de Compra","09 Jun 2017","Não Subrogou Compra","78.841,0000"
26000,"MINISTERIO DA EDUCACAO",26421,"INST.FED.DE EDUC.,CIENC.E TEC. DE RONDONIA",158376,"INST.FED.DE RONDONIA/CAMPUS JI-PARANA/RO","RO","JI-PARANA","23243000407201736","Dispensa de Licitação","15837606000012017","Não se Aplica","INCISO II","SISPP","Objeto: Aquisição de recarga de gás GLP.",31/12/1899,"Encerrado","Existe Resultado de Compra","01 Jan 1900","Não Subrogou Compra","198,0000"
26000,"MINISTERIO DA EDUCACAO",26421,"INST.FED.DE EDUC.,CIENC.E TEC. DE RONDONIA",158376,"INST.FED.DE RONDONIA/CAMPUS JI-PARANA/RO","RO","JI-PARANA","23243000798201799","Dispensa de Licitação","15837606000022017","Não se Aplica","INCISO II","SISPP","Objeto: Aquisição de materiais de consumo para laboratórios de Química do Campus.",31/12/1899,"Encerrado","Existe Resultado de Compra","01 Jan 1900","Não Subrogou Compra","2.051,6000"
26000,"MINISTERIO DA EDUCACAO",26421,"INST.FED.DE EDUC.,CIENC.E TEC. DE RONDONIA",158376,"INST.FED.DE RONDONIA/CAMPUS JI-PARANA/RO","RO","JI-PARANA","23243001088201786","Dispensa de Licitação","15837606000032017","Não se Aplica","INCISO II","SISPP","Objeto: Contratação de Serviços de Decoração de Ambiente - Colação de Grau",31/12/1899,"Encerrado","Existe Resultado de Compra","01 Jan 1900","Não Subrogou Compra","1.500,0000"
26000,"MINISTERIO DA EDUCACAO",26421,"INST.FED.DE EDUC.,CIENC.E TEC. DE RONDONIA",158376,"INST.FED.DE RONDONIA/CAMPUS JI-PARANA/RO","RO","JI-PARANA","23243001163201717","Dispensa de Licitação","15837606000042017","Não se Aplica","INCISO II","SISPP","Objeto: Aquisição de Materiais de Consumo para Enfermaria do Campus",31/12/1899,"Encerrado","Existe Resultado de Compra","01 Jan 1900","Não Subrogou Compra","76,9000"
26000,"MINISTERIO DA EDUCACAO",26421,"INST.FED.DE EDUC.,CIENC.E TEC. DE RONDONIA",158376,"INST.FED.DE RONDONIA/CAMPUS JI-PARANA/RO","RO","JI-PARANA","23243002376201758","Dispensa de Licitação","15837606000052017","Não se Aplica","INCISO II","SISPP","Objeto: Execução do Plano de Capacitação: Curso de Cromatografia Gasosa Moderna (Teoria e Pratica) Período de realização 26 a 28/04.",31/12/1899,"Encerrado","Existe Resultado de Compra","01 Jan 1900","Não Subrogou Compra","1.700,0000"
26000,"MINISTERIO DA EDUCACAO",26421,"INST.FED.DE EDUC.,CIENC.E TEC. DE RONDONIA",158376,"INST.FED.DE RONDONIA/CAMPUS JI-PARANA/RO","RO","JI-PARANA","23243002774201774","Dispensa de Licitação","15837606000062017","Não se Aplica","INCISO II","SISPP","Objeto: Aquisição de recarga de gás GLP.",31/12/1899,"Encerrado","Existe Resultado de Compra","01 Jan 1900","Não Subrogou Compra","271,0000"
26000,"MINISTERIO DA EDUCACAO",26421,"INST.FED.DE EDUC.,CIENC.E TEC. DE RONDONIA",158376,"INST.FED.DE RONDONIA/CAMPUS JI-PARANA/RO","RO","JI-PARANA","23243002376201758","Inexigibilidade de Licitação","15837607000012017","Não se Aplica","INCISO II","SISPP","Objeto: Execução do Plano de Capacitação: Curso de Cromatografia Gasosa Moderna (Teoria e Pratica) Período de realização 26 a 28/04.",31/12/1899,"Encerrado","Existe Resultado de Compra","01 Jan 1900","Não Subrogou Compra","1.700,0000"
26000,"MINISTERIO DA EDUCACAO",26421,"INST.FED.DE EDUC.,CIENC.E TEC. DE RONDONIA",158376,"INST.FED.DE RONDONIA/CAMPUS JI-PARANA/RO","RO","JI-PARANA","23243003499201714","Dispensa de Licitação","15837606000072017","Não se Aplica","INCISO II","SISPP","Objeto: Aquisição de medicamentos para enfermaria do campus.",31/12/1899,"Encerrado","Existe Resultado de Compra","01 Jan 1900","Não Subrogou Compra","163,5500"
26000,"MINISTERIO DA EDUCACAO",26421,"INST.FED.DE EDUC.,CIENC.E TEC. DE RONDONIA",158376,"INST.FED.DE RONDONIA/CAMPUS JI-PARANA/RO","RO","JI-PARANA","23243003618201721","Dispensa de Licitação","15837606000082017","Não se Aplica","INCISO II","SISPP","Objeto: Aquisição de medicamentos de primeiros socorros para jogos do JIFRO.",31/12/1899,"Encerrado","Existe Resultado de Compra","01 Jan 1900","Não Subrogou Compra","1.207,7000"
26000,"MINISTERIO DA EDUCACAO",26421,"INST.FED.DE EDUC.,CIENC.E TEC. DE RONDONIA",158376,"INST.FED.DE RONDONIA/CAMPUS JI-PARANA/RO","RO","JI-PARANA","23243003714201779","Dispensa de Licitação","15837606000092017","Não se Aplica","INCISO II","SISPP","Objeto: Contratação de empresa especializada em confecção de banner para evento.",31/12/1899,"Encerrado","Existe Resultado de Compra","01 Jan 1900","Não Subrogou Compra","48,0000"
26000,"MINISTERIO DA EDUCACAO",26421,"INST.FED.DE EDUC.,CIENC.E TEC. DE RONDONIA",158376,"INST.FED.DE RONDONIA/CAMPUS JI-PARANA/RO","RO","JI-PARANA","23243003702201744","Inexigibilidade de Licitação","15837607000022017","Não se Aplica","INCISO II","SISPP","Objeto: Inscrição do servidor Fernando Antônio Rebouças Sampaio  Congresso Brasileiro de Ciências do Solo (CBCS) , a ser realizado de 30/07 a 04/08/2017, em Belém/PA.",31/12/1899,"Encerrado","Existe Resultado de Compra","01 Jan 1900","Não Subrogou Compra","440,0000"
26000,"MINISTERIO DA EDUCACAO",26421,"INST.FED.DE EDUC.,CIENC.E TEC. DE RONDONIA",158376,"INST.FED.DE RONDONIA/CAMPUS JI-PARANA/RO","RO","JI-PARANA","23243000392620175","Inexigibilidade de Licitação","15837607000032017","Não se Aplica","INCISO II","SISPP","Objeto: Pacote de Cursos Altura.com (393 cursos e 23.108 atividades)(10 assinaturas) , a ser realizado de 01/07 a 30/06/2018.",31/12/1899,"Retificação","Existe Resultado de Compra","01 Jan 1900","Não Subrogou Compra","6.300,0000"
26000,"MINISTERIO DA EDUCACAO",26421,"INST.FED.DE EDUC.,CIENC.E TEC. DE RONDONIA",158376,"INST.FED.DE RONDONIA/CAMPUS JI-PARANA/RO","RO","JI-PARANA","23243.011151/2017","Dispensa de Licitação","15837606000102017","Não se Aplica","INCISO II","SISPP","Objeto: Aquisição de recarga de gás glp para o campus.",31/12/1899,"Encerrado","Existe Resultado de Compra","01 Jan 1900","Não Subrogou Compra","264,0000"
26000,"MINISTERIO DA EDUCACAO",26421,"INST.FED.DE EDUC.,CIENC.E TEC. DE RONDONIA",158376,"INST.FED.DE RONDONIA/CAMPUS JI-PARANA/RO","RO","JI-PARANA","23243012124201737","Dispensa de Licitação","15837606000112017","Não se Aplica","INCISO II","SISPP","Objeto: Recargas de Extintores com manutenção",31/12/1899,"Encerrado","Existe Resultado de Compra","01 Jan 1900","Não Subrogou Compra","7.048,0000"
26000,"MINISTERIO DA EDUCACAO",26421,"INST.FED.DE EDUC.,CIENC.E TEC. DE RONDONIA",158376,"INST.FED.DE RONDONIA/CAMPUS JI-PARANA/RO","RO","JI-PARANA","23243012236201798","Inexigibilidade de Licitação","15837607000042017","Não se Aplica","CAPUT","SISPP","Objeto: Contratação de empresa especializada no fornecimento de assinatura de ferramenta de pesquisa e comparação de preços praticados pela Administração Pública.",31/12/1899,"Encerrado","Existe Resultado de Compra","01 Jan 1900","Não Subrogou Compra","7.990,0000"
26000,"MINISTERIO DA EDUCACAO",26421,"INST.FED.DE EDUC.,CIENC.E TEC. DE RONDONIA",158376,"INST.FED.DE RONDONIA/CAMPUS JI-PARANA/RO","RO","JI-PARANA","23243.012685/2017","Dispensa de Licitação","15837606000122017","Não se Aplica","INCISO II","SISPP","Objeto: Aquisição de materiais para confecção bancadas OBR - Olimpíada Brasileira de Robótica",31/12/1899,"Encerrado","Existe Resultado de Compra","01 Jan 1900","Não Subrogou Compra","7.901,1000"
26000,"MINISTERIO DA EDUCACAO",26421,"INST.FED.DE EDUC.,CIENC.E TEC. DE RONDONIA",158376,"INST.FED.DE RONDONIA/CAMPUS JI-PARANA/RO","RO","JI-PARANA","23243013150201782","Inexigibilidade de Licitação","15837607000052017","Não se Aplica","INCISO II","SISPP","Objeto: Inscrição para Participação no Curso de Geotecnologias Aplicadas a Engenharia Florestal Servidora Janice Ferreira do Nascimdento.",31/12/1899,"Encerrado","Existe Resultado de Compra","01 Jan 1900","Não Subrogou Compra","1.050,0000"
26000,"MINISTERIO DA EDUCACAO",26421,"INST.FED.DE EDUC.,CIENC.E TEC. DE RONDONIA",158376,"INST.FED.DE RONDONIA/CAMPUS JI-PARANA/RO","RO","JI-PARANA","23243.015627/2017","Dispensa de Licitação","15837606000132017","Não se Aplica","INCISO II","SISPP","Objeto: Aquisição de gás de cozinha GLP.",31/12/1899,"Encerrado","Existe Resultado de Compra","01 Jan 1900","Não Subrogou Compra","300,0000"
26000,"MINISTERIO DA EDUCACAO",26421,"INST.FED.DE EDUC.,CIENC.E TEC. DE RONDONIA",158376,"INST.FED.DE RONDONIA/CAMPUS JI-PARANA/RO","RO","JI-PARANA","23243.016790/2017","Dispensa de Licitação","15837606000142017","Não se Aplica","INCISO II","SISPP","Objeto: Contratação de serviço para realização da Colação de Grau.Locação de equipamentos.",31/12/1899,"Encerrado","Existe Resultado de Compra","01 Jan 1900","Não Subrogou Compra","2.250,0000"
26000,"MINISTERIO DA EDUCACAO",26421,"INST.FED.DE EDUC.,CIENC.E TEC. DE RONDONIA",158376,"INST.FED.DE RONDONIA/CAMPUS JI-PARANA/RO","RO","JI-PARANA","23243.017968/2017","Dispensa de Licitação","15837606000152017","Não se Aplica","INCISO II","SISPP","Objeto: Aquisição de tinta acrílica e esmalte sintético",31/12/1899,"Encerrado","Existe Resultado de Compra","01 Jan 1900","Não Subrogou Compra","7.475,4000"
26000,"MINISTERIO DA EDUCACAO",26421,"INST.FED.DE EDUC.,CIENC.E TEC. DE RONDONIA",158376,"INST.FED.DE RONDONIA/CAMPUS JI-PARANA/RO","RO","JI-PARANA","23243.017920/2017","Dispensa de Licitação","15837606000162017","Não se Aplica","INCISO II","SISPP","Objeto: Aquisição Materiais Consumo Curso FIC Manejo e Tecnologia de Sementes e Produção de Mudas como Ferramenta de Ensino-Aprendizagem.",31/12/1899,"Encerrado","Existe Resultado de Compra","01 Jan 1900","Não Subrogou Compra","3.792,0000"
26000,"MINISTERIO DA EDUCACAO",26421,"INST.FED.DE EDUC.,CIENC.E TEC. DE RONDONIA",158532,"CAMPUS ZONA NORTE IFECT RO","RO","PORTO VELHO","23243007884201641","Pregão","15853205000112016","Não se Aplica","NAO SE APLICA","SISPP","Objeto: Pregão Eletrônico -  A CONCESSÃO ADMINISTRATIVA DE USO DE BEM PÚBLICO PARA SERVIÇOS DE LANCHONETE E RESTAURANTE, por empresa especializada no ramo, nas dependências do Campus Porto Velho ZONA NORTE do Instituto Federal de Rondônia - IFRO, Campus Porto Velho Zona Norte.",20/2/2017,"Evento de Alteração Publicado","Existe Resultado de Compra","23 Fev 2017","Não Subrogou Compra","344,8100"
26000,"MINISTERIO DA EDUCACAO",26421,"INST.FED.DE EDUC.,CIENC.E TEC. DE RONDONIA",158532,"CAMPUS ZONA NORTE IFECT RO","RO","PORTO VELHO","23243003145201761","Pregão","15853205000052017","Não se Aplica","NAO SE APLICA","SISPP","Objeto: Pregão Eletrônico -  Concessão Administrativa de uso de bem público para serviços de reprografia",9/8/2017,"Publicado","Existe Resultado de Compra","16 Ago 2017","Não Subrogou Compra","24,6300"
26000,"MINISTERIO DA EDUCACAO",26421,"INST.FED.DE EDUC.,CIENC.E TEC. DE RONDONIA",158532,"CAMPUS ZONA NORTE IFECT RO","RO","PORTO VELHO","23243007209201612","Pregão","15853205000092016","Não se Aplica","NAO SE APLICA","SISRP","Objeto: Pregão Eletrônico -  Contratação de Up Link e Banda Satelital",13/1/2017,"Evento de Resultado de Julgamento Publicado","Existe Resultado de Compra","25 Jan 2017","Não Subrogou Compra","1.096.560,0000"
26000,"MINISTERIO DA EDUCACAO",26421,"INST.FED.DE EDUC.,CIENC.E TEC. DE RONDONIA",158532,"CAMPUS ZONA NORTE IFECT RO","RO","PORTO VELHO","23243007208201678","Pregão","15853205000102016","Não se Aplica","NAO SE APLICA","SISRP","Objeto: Pregão Eletrônico -  Manutenção de Ar condicionado e aquisição de Peças",21/2/2017,"Evento de Resultado de Julgamento Publicado","Existe Resultado de Compra","21 Mar 2017","Não Subrogou Compra","740.275,7700"
26000,"MINISTERIO DA EDUCACAO",26421,"INST.FED.DE EDUC.,CIENC.E TEC. DE RONDONIA",158532,"CAMPUS ZONA NORTE IFECT RO","RO","PORTO VELHO","23243000960201779","Pregão","15853205000012017","Não se Aplica","NAO SE APLICA","SISRP","Objeto: Pregão Eletrônico -  Aquisição compartilhada para Confecção de Carimbos e  Materiais Acessórios.",13/4/2017,"Evento de Resultado de Julgamento Publicado","Existe Resultado de Compra","24 Abr 2017","Não Subrogou Compra","99.788,9100"
26000,"MINISTERIO DA EDUCACAO",26421,"INST.FED.DE EDUC.,CIENC.E TEC. DE RONDONIA",158532,"CAMPUS ZONA NORTE IFECT RO","RO","PORTO VELHO","23243007887201685","Pregão","15853205000022017","Não se Aplica","NAO SE APLICA","SISRP","Objeto: Pregão Eletrônico -  Aquisição de suprimentos de impressora e demais materiais para manutenção de impressoras",2/5/2017,"Evento de Resultado de Julgamento Publicado","Existe Resultado de Compra","16 Mai 2017","Não Subrogou Compra","154.718,5600"
26000,"MINISTERIO DA EDUCACAO",26421,"INST.FED.DE EDUC.,CIENC.E TEC. DE RONDONIA",158532,"CAMPUS ZONA NORTE IFECT RO","RO","PORTO VELHO","23243007208201678","Pregão","15853205000032017","Não se Aplica","NAO SE APLICA","SISRP","Objeto: Pregão Eletrônico -  Manutenção de Ar Condicionado e Demais equipamentos de refrigeração ( itens cancelados)",22/5/2017,"Publicado","Existe Resultado de Compra","29 Mai 2017","Não Subrogou Compra","84.970,6500"
26000,"MINISTERIO DA EDUCACAO",26421,"INST.FED.DE EDUC.,CIENC.E TEC. DE RONDONIA",158532,"CAMPUS ZONA NORTE IFECT RO","RO","PORTO VELHO","23243003142201728","Pregão","15853205000042017","Não se Aplica","NAO SE APLICA","SISRP","Objeto: Pregão Eletrônico -  Aquisição Conjunta de Suprimentos de Impressora",21/7/2017,"Evento de Resultado de Julgamento Publicado","Existe Resultado de Compra","21 Ago 2017","Não Subrogou Compra","1.001.914,7200"
26000,"MINISTERIO DA EDUCACAO",26421,"INST.FED.DE EDUC.,CIENC.E TEC. DE RONDONIA",158532,"CAMPUS ZONA NORTE IFECT RO","RO","PORTO VELHO","23243011534201761","Pregão","15853205000072017","Não se Aplica","NAO SE APLICA","SISRP","Objeto: Pregão Eletrônico -  Aquisição de equipamentos para infra estrutura do laboratório de redes e equipamentos para Produção de Aulas à Distância.",6/10/2017,"Evento de Resultado de Julgamento Publicado","Existe Resultado de Compra","08 Nov 2017","Não Subrogou Compra","1.044.502,4900"
26000,"MINISTERIO DA EDUCACAO",26421,"INST.FED.DE EDUC.,CIENC.E TEC. DE RONDONIA",158532,"CAMPUS ZONA NORTE IFECT RO","RO","PORTO VELHO","23243013355201768","Pregão","15853205000082017","Não se Aplica","NAO SE APLICA","SISRP","Objeto: Pregão Eletrônico -  Aquisição conjunta de material gráfico.",20/10/2017,"Publicado","Existe Resultado de Compra","27 Nov 2017","Não Subrogou Compra","2.687.378,6586"
26000,"MINISTERIO DA EDUCACAO",26421,"INST.FED.DE EDUC.,CIENC.E TEC. DE RONDONIA",158532,"CAMPUS ZONA NORTE IFECT RO","RO","PORTO VELHO","23243010874201731","Pregão","15853205000092017","Não se Aplica","NAO SE APLICA","SISRP","Objeto: Pregão Eletrônico -  Aquisição de licença de software",16/10/2017,"Evento de Resultado de Julgamento Publicado","Existe Resultado de Compra","18 Out 2017","Não Subrogou Compra","65.371,3200"
26000,"MINISTERIO DA EDUCACAO",26421,"INST.FED.DE EDUC.,CIENC.E TEC. DE RONDONIA",158532,"CAMPUS ZONA NORTE IFECT RO","RO","PORTO VELHO","23243000510201786","Dispensa de Licitação","15853206000012017","Não se Aplica","INCISO II","SISPP","Objeto: Serviço de Confecção de rede de duto em chapa de aço galvanizada, duplamente e isolada termicamente (Para instalação de central de ar-concionado)",31/12/1899,"Encerrado","Existe Resultado de Compra","01 Jan 1900","Não Subrogou Compra","6.990,0000"
26000,"MINISTERIO DA EDUCACAO",26421,"INST.FED.DE EDUC.,CIENC.E TEC. DE RONDONIA",158532,"CAMPUS ZONA NORTE IFECT RO","RO","PORTO VELHO","23243000978201771","Dispensa de Licitação","15853206000022017","Não se Aplica","INCISO II","SISPP","Objeto: Serviço de solda na condensadora de condicionador de ar Split, piso teto dutado da marca Hitachi 60.000 btus com carga de gás R410",31/12/1899,"Anulação","Existe Resultado de Compra","01 Jan 1900","Não Subrogou Compra","800,0000"
26000,"MINISTERIO DA EDUCACAO",26421,"INST.FED.DE EDUC.,CIENC.E TEC. DE RONDONIA",158532,"CAMPUS ZONA NORTE IFECT RO","RO","PORTO VELHO","23243001507201780","Dispensa de Licitação","15853206000032017","Não se Aplica","INCISO II","SISPP","Objeto: Aquisição de Placas de Fuga Anti-chamas, para atender as determinações estabelecidas pelo Copo de Bombeiro.",31/12/1899,"Encerrado","Existe Resultado de Compra","01 Jan 1900","Não Subrogou Compra","7.700,0000"
26000,"MINISTERIO DA EDUCACAO",26421,"INST.FED.DE EDUC.,CIENC.E TEC. DE RONDONIA",158532,"CAMPUS ZONA NORTE IFECT RO","RO","PORTO VELHO","23243000978201771","Dispensa de Licitação","15853206000042017","Não se Aplica","INCISO II","SISPP","Objeto: Contratação de empresa para manutenção corretiva em ar condicionado Dutado",31/12/1899,"Encerrado","Existe Resultado de Compra","01 Jan 1900","Não Subrogou Compra","800,0000"
26000,"MINISTERIO DA EDUCACAO",26421,"INST.FED.DE EDUC.,CIENC.E TEC. DE RONDONIA",158532,"CAMPUS ZONA NORTE IFECT RO","RO","PORTO VELHO","23243002946201718","Dispensa de Licitação","15853206000052017","Não se Aplica","INCISO II","SISPP","Objeto: Confecção de placas em acrílico.",31/12/1899,"Encerrado","Existe Resultado de Compra","01 Jan 1900","Não Subrogou Compra","600,0000"
26000,"MINISTERIO DA EDUCACAO",26421,"INST.FED.DE EDUC.,CIENC.E TEC. DE RONDONIA",158532,"CAMPUS ZONA NORTE IFECT RO","RO","PORTO VELHO","23243003455201786","Dispensa de Licitação","15853206000062017","Não se Aplica","INCISO II","SISPP","Objeto: A presente solicitação tem por objeto a aquisição medicamentos e materiais hospitalares para formação de Kits de Primeiros Socorros a serem utilizados nos Jogos do Instituto Federal de Rondônia 2017 - VI JIFRO que acontecerá na cidade de Porto Velho/RO.",31/12/1899,"Encerrado","Existe Resultado de Compra","01 Jan 1900","Não Subrogou Compra","1.451,5000"
26000,"MINISTERIO DA EDUCACAO",26421,"INST.FED.DE EDUC.,CIENC.E TEC. DE RONDONIA",158532,"CAMPUS ZONA NORTE IFECT RO","RO","PORTO VELHO","2324300190201781","Dispensa de Licitação","15853206000072017","Não se Aplica","INCISO II","SISPP","Objeto: Aquisição de Certificado Digital A3 CPF",31/12/1899,"Encerrado","Existe Resultado de Compra","01 Jan 1900","Não Subrogou Compra","500,0000"
26000,"MINISTERIO DA EDUCACAO",26421,"INST.FED.DE EDUC.,CIENC.E TEC. DE RONDONIA",158532,"CAMPUS ZONA NORTE IFECT RO","RO","PORTO VELHO","23243011500201776","Inexigibilidade de Licitação","15853207000012017","Não se Aplica","INCISO II","SISPP","Objeto: Participação em evento de capacitação VII Congresso Internacional de Ensino de Matemática.",31/12/1899,"Encerrado","Existe Resultado de Compra","01 Jan 1900","Não Subrogou Compra","220,0000"
26000,"MINISTERIO DA EDUCACAO",26421,"INST.FED.DE EDUC.,CIENC.E TEC. DE RONDONIA",158532,"CAMPUS ZONA NORTE IFECT RO","RO","PORTO VELHO","23243011502201765","Inexigibilidade de Licitação","15853207000022017","Não se Aplica","INCISO II","SISPP","Objeto: Participação em evento de capacitação 23º CIED - Congresso Internacional de Educação à Distância.",31/12/1899,"Encerrado","Existe Resultado de Compra","01 Jan 1900","Não Subrogou Compra","775,0000"
26000,"MINISTERIO DA EDUCACAO",26421,"INST.FED.DE EDUC.,CIENC.E TEC. DE RONDONIA",158532,"CAMPUS ZONA NORTE IFECT RO","RO","PORTO VELHO","23243011523201781","Inexigibilidade de Licitação","15853207000032017","Não se Aplica","INCISO II","SISPP","Objeto: Participação em evento de capacitação - VII Congresso Internacional de Ensino de Matemática.",31/12/1899,"Encerrado","Existe Resultado de Compra","01 Jan 1900","Não Subrogou Compra","220,0000"
26000,"MINISTERIO DA EDUCACAO",26421,"INST.FED.DE EDUC.,CIENC.E TEC. DE RONDONIA",158532,"CAMPUS ZONA NORTE IFECT RO","RO","PORTO VELHO","23243012575201774","Inexigibilidade de Licitação","15853207000042017","Não se Aplica","INCISO II","SISPP","Objeto: Participação em evento de capacitação - XXVII Congresso Brasileiro de Biblioteconomia e Documentação - CBBD.",31/12/1899,"Encerrado","Existe Resultado de Compra","01 Jan 1900","Não Subrogou Compra","875,0000"
26000,"MINISTERIO DA EDUCACAO",26421,"INST.FED.DE EDUC.,CIENC.E TEC. DE RONDONIA",158532,"CAMPUS ZONA NORTE IFECT RO","RO","PORTO VELHO","23243012634201712","Dispensa de Licitação","15853206000082017","Não se Aplica","INCISO II","SISPP","Objeto: Serviço para reparação de NOBREAK NB SMS MSS 5000BI DOUBLE II por meio de manutenção preventiva, configuração e troca de 16 baterias 12V/18Ah",31/12/1899,"Encerrado","Existe Resultado de Compra","01 Jan 1900","Não Subrogou Compra","4.800,0000"
26000,"MINISTERIO DA EDUCACAO",26421,"INST.FED.DE EDUC.,CIENC.E TEC. DE RONDONIA",158532,"CAMPUS ZONA NORTE IFECT RO","RO","PORTO VELHO","23243012982201781","Dispensa de Licitação","15853206000092017","Não se Aplica","INCISO II","SISPP","Objeto: A contratação de serviço para reparação de 05(cinco) Datashow Epson Modelo Power Lite X14+ e 01(um) Datashow Espson Modelo Pomer Lite 1835 por meio de manutenção corretiva",31/12/1899,"Encerrado","Existe Resultado de Compra","01 Jan 1900","Não Subrogou Compra","5.235,0000"
26000,"MINISTERIO DA EDUCACAO",26421,"INST.FED.DE EDUC.,CIENC.E TEC. DE RONDONIA",158532,"CAMPUS ZONA NORTE IFECT RO","RO","PORTO VELHO","23243013004201757","Inexigibilidade de Licitação","15853207000052017","Não se Aplica","INCISO II","SISPP","Objeto: Participação em evento de capacitação - XIV Semana de Administração Orçamentaria, Financeira e de Contratações Públicas, etapa Brasília II.",31/12/1899,"Encerrado","Existe Resultado de Compra","01 Jan 1900","Não Subrogou Compra","400,0000"
26000,"MINISTERIO DA EDUCACAO",26421,"INST.FED.DE EDUC.,CIENC.E TEC. DE RONDONIA",158532,"CAMPUS ZONA NORTE IFECT RO","RO","PORTO VELHO","23243013107201717","Inexigibilidade de Licitação","15853207000062017","Não se Aplica","INCISO II","SISPP","Objeto: Pagamento de inscrição em evento de capacitação - XIV Semana de Administração Orçamentaria, Financeira e de Contratações Públicas, etapa Brasília II.",31/12/1899,"Encerrado","Existe Resultado de Compra","01 Jan 1900","Não Subrogou Compra","400,0000"
26000,"MINISTERIO DA EDUCACAO",26421,"INST.FED.DE EDUC.,CIENC.E TEC. DE RONDONIA",158532,"CAMPUS ZONA NORTE IFECT RO","RO","PORTO VELHO","23243013403201718","Inexigibilidade de Licitação","15853207000072017","Não se Aplica","INCISO II","SISPP","Objeto: Pagamento de Inscrição em Evento de Capacitação - XIV Congresso Brasileiro de Ensino Superior a Distância e o III Congresso Internacional de Educação Superior a Distância - ESUD.",31/12/1899,"Encerrado","Existe Resultado de Compra","01 Jan 1900","Não Subrogou Compra","380,0000"
26000,"MINISTERIO DA EDUCACAO",26421,"INST.FED.DE EDUC.,CIENC.E TEC. DE RONDONIA",158532,"CAMPUS ZONA NORTE IFECT RO","RO","PORTO VELHO","23243014469201725","Inexigibilidade de Licitação","15853207000082017","Não se Aplica","INCISO II","SISPP","Objeto: Participação em evento de capacitação XIX Encontro Nacional da ABRAPSO - Democracia participativa, Estado e Laicidade: Psicologia Social e Enfrentamento de Exceção.",31/12/1899,"Encerrado","Existe Resultado de Compra","01 Jan 1900","Não Subrogou Compra","580,0000"
26000,"MINISTERIO DA EDUCACAO",26421,"INST.FED.DE EDUC.,CIENC.E TEC. DE RONDONIA",158532,"CAMPUS ZONA NORTE IFECT RO","RO","PORTO VELHO","23243015155201740","Inexigibilidade de Licitação","15853207000092017","Não se Aplica","INCISO II","SISPP","Objeto: Inscrição de Servidor em Curso de Capacitação - Designe Educacional.",31/12/1899,"Encerrado","Existe Resultado de Compra","01 Jan 1900","Não Subrogou Compra","399,0000"
26000,"MINISTERIO DA EDUCACAO",26421,"INST.FED.DE EDUC.,CIENC.E TEC. DE RONDONIA",158532,"CAMPUS ZONA NORTE IFECT RO","RO","PORTO VELHO","23243015276201791","Dispensa de Licitação","15853206000102017","Não se Aplica","INCISO II","SISPP","Objeto: Remoção de entulho com caçamba metálica inclusive carga manual e descarga com capacidade de no mínimo 5m3 (cinco metros cúbicos ) sendo que a caçamba coletora deverá permanecer na instituição no mínimo 4 dias. Sendo de responsabilidade da empresa contratada adequada conforme as normas ambientes vigentes",31/12/1899,"Encerrado","Existe Resultado de Compra","01 Jan 1900","Não Subrogou Compra","1.050,0000"
26000,"MINISTERIO DA EDUCACAO",26421,"INST.FED.DE EDUC.,CIENC.E TEC. DE RONDONIA",158532,"CAMPUS ZONA NORTE IFECT RO","RO","PORTO VELHO","23243016524201711","Inexigibilidade de Licitação","15853207000102017","Não se Aplica","INCISO II","SISPP","Objeto: Inscrição em curso de capacitação em execução orçamentária, financeira e contábil de forma integrada na administração pública.",31/12/1899,"Encerrado","Existe Resultado de Compra","01 Jan 1900","Não Subrogou Compra","2.990,0000"
26000,"MINISTERIO DA EDUCACAO",26421,"INST.FED.DE EDUC.,CIENC.E TEC. DE RONDONIA",158532,"CAMPUS ZONA NORTE IFECT RO","RO","PORTO VELHO","23243002946201718","Dispensa de Licitação","15853206000112017","Não se Aplica","INCISO II","SISPP","Objeto: A aquisição dos materiais e contratação de empresa de ornamentação, para cerimonia de colação de Graus 2017.2, no campus Porto velho Zona Norte.",31/12/1899,"Encerrado","Existe Resultado de Compra","01 Jan 1900","Não Subrogou Compra","1.420,0000"
26000,"MINISTERIO DA EDUCACAO",26421,"INST.FED.DE EDUC.,CIENC.E TEC. DE RONDONIA",158532,"CAMPUS ZONA NORTE IFECT RO","RO","PORTO VELHO","23243019174201745","Dispensa de Licitação","15853206000122017","Não se Aplica","INCISO II","SISPP","Objeto: Aquisição lixeira para instalação externa a área do IFRO Campus Porto Velho Zona Norte.",31/12/1899,"Encerrado","Existe Resultado de Compra","01 Jan 1900","Não Subrogou Compra","660,0000"
26000,"MINISTERIO DA EDUCACAO",26421,"INST.FED.DE EDUC.,CIENC.E TEC. DE RONDONIA",158532,"CAMPUS ZONA NORTE IFECT RO","RO","PORTO VELHO","23243019966201710","Dispensa de Licitação","15853206000152017","Não se Aplica","INCISO II","SISPP","Objeto: Contratação de empresa especializada para realização de serviço de construção de estrutura metálica para portão de correr em treliça.",31/12/1899,"Encerrado","Existe Resultado de Compra","01 Jan 1900","Não Subrogou Compra","6.000,0000"
26000,"MINISTERIO DA EDUCACAO",26421,"INST.FED.DE EDUC.,CIENC.E TEC. DE RONDONIA",158532,"CAMPUS ZONA NORTE IFECT RO","RO","PORTO VELHO","23243016984201740","Inexigibilidade de Licitação","15853207000112017","Não se Aplica","INCISO II","SISPP","Objeto: Capacitação de Servidor - Participação no Curso de Confecção de Projeto Básico, Termo de Referência e Planilha de Custos na Administração Pública.",31/12/1899,"Encerrado","Existe Resultado de Compra","01 Jan 1900","Não Subrogou Compra","2.790,0000"
26000,"MINISTERIO DA EDUCACAO",26421,"INST.FED.DE EDUC.,CIENC.E TEC. DE RONDONIA",158533,"CAMPUS CACOAL IFECT RO","RO","CACOAL","000466/2017-12","Pregão","15853305000012017","Não se Aplica","NAO SE APLICA","SISRP","Objeto: Pregão Eletrônico -  Aquisição de Gêneros Alimentícios",2/3/2017,"Evento de Resultado de Julgamento Publicado","Existe Resultado de Compra","17 Mar 2017","Não Subrogou Compra","167.022,0000"
26000,"MINISTERIO DA EDUCACAO",26421,"INST.FED.DE EDUC.,CIENC.E TEC. DE RONDONIA",158533,"CAMPUS CACOAL IFECT RO","RO","CACOAL","001504/2017-46","Pregão","15853305000032017","Não se Aplica","NAO SE APLICA","SISRP","Objeto: Pregão Eletrônico -  Serviços de Esgotamento e Limpeza de Fossas.",11/5/2017,"Evento de Suspensão Publicado","Existe Resultado de Compra","29 Mai 2017","Não Subrogou Compra","81.350,0500"
26000,"MINISTERIO DA EDUCACAO",26421,"INST.FED.DE EDUC.,CIENC.E TEC. DE RONDONIA",158533,"CAMPUS CACOAL IFECT RO","RO","CACOAL","001656/2017-49","Pregão","15853305000042017","Não se Aplica","NAO SE APLICA","SISRP","Objeto: Pregão Eletrônico -  Aquisição de Conjuntos Moto Bomba Elétricas.",24/5/2017,"Evento de Suspensão Publicado","Existe Resultado de Compra","30 Mai 2017","Não Subrogou Compra","37.041,9100"
26000,"MINISTERIO DA EDUCACAO",26421,"INST.FED.DE EDUC.,CIENC.E TEC. DE RONDONIA",158533,"CAMPUS CACOAL IFECT RO","RO","CACOAL","002186/2017-31","Pregão","15853305000052017","Não se Aplica","NAO SE APLICA","SISRP","Objeto: Pregão Eletrônico -  Aquisição de madeiras",16/5/2017,"Publicado","Existe Resultado de Compra","29 Mai 2017","Não Subrogou Compra","19.173,5000"
26000,"MINISTERIO DA EDUCACAO",26421,"INST.FED.DE EDUC.,CIENC.E TEC. DE RONDONIA",158533,"CAMPUS CACOAL IFECT RO","RO","CACOAL","002819/2017-19","Pregão","15853305000062017","Não se Aplica","NAO SE APLICA","SISRP","Objeto: Pregão Eletrônico -  Aquisição de Equipamentos Diversos",16/8/2017,"Evento de Resultado de Julgamento Publicado","Existe Resultado de Compra","29 Ago 2017","Não Subrogou Compra","117.983,6400"
26000,"MINISTERIO DA EDUCACAO",26421,"INST.FED.DE EDUC.,CIENC.E TEC. DE RONDONIA",158533,"CAMPUS CACOAL IFECT RO","RO","CACOAL","003037/2017-99","Pregão","15853305000072017","Não se Aplica","NAO SE APLICA","SISRP","Objeto: Pregão Eletrônico -  Aquisição de Materiais para Eventos e Artes",11/8/2017,"Evento de Resultado de Julgamento Publicado","Existe Resultado de Compra","18 Ago 2017","Não Subrogou Compra","88.917,8900"
26000,"MINISTERIO DA EDUCACAO",26421,"INST.FED.DE EDUC.,CIENC.E TEC. DE RONDONIA",158533,"CAMPUS CACOAL IFECT RO","RO","CACOAL","003336/2017-23","Pregão","15853305000082017","Não se Aplica","NAO SE APLICA","SISRP","Objeto: Pregão Eletrônico -  Aquisição de Filtro e Elemento Filtrante.",9/8/2017,"Evento de Resultado de Julgamento Publicado","Existe Resultado de Compra","28 Ago 2017","Não Subrogou Compra","32.215,2700"
26000,"MINISTERIO DA EDUCACAO",26421,"INST.FED.DE EDUC.,CIENC.E TEC. DE RONDONIA",158533,"CAMPUS CACOAL IFECT RO","RO","CACOAL","012252/2017-81","Pregão","15853305000102017","Não se Aplica","NAO SE APLICA","SISRP","Objeto: Pregão Eletrônico -  Contratação de serviços de perfuração de poço artesiano com fornecimento de materiais e equipamentos necessários a sua utilização.",5/10/2017,"Evento de Resultado de Julgamento Publicado","Existe Resultado de Compra","10 Out 2017","Não Subrogou Compra","132.838,0000"
26000,"MINISTERIO DA EDUCACAO",26421,"INST.FED.DE EDUC.,CIENC.E TEC. DE RONDONIA",158533,"CAMPUS CACOAL IFECT RO","RO","CACOAL","000353/2017-17","Dispensa de Licitação","15853306000012017","Não se Aplica","INCISO II","SISPP","Objeto: Contratação de serviços de instalação e de manutenção corretivas de aparelhos condicionadores de ar.",31/12/1899,"Encerrado","Existe Resultado de Compra","01 Jan 1900","Não Subrogou Compra","3.600,0000"
26000,"MINISTERIO DA EDUCACAO",26421,"INST.FED.DE EDUC.,CIENC.E TEC. DE RONDONIA",158533,"CAMPUS CACOAL IFECT RO","RO","CACOAL","001278/2017-01","Dispensa de Licitação","15853306000022017","Não se Aplica","INCISO II","SISPP","Objeto: Contratação de Serviço de substituição de bomba submersa em poço artesiano.",31/12/1899,"Encerrado","Existe Resultado de Compra","01 Jan 1900","Não Subrogou Compra","3.600,0000"
26000,"MINISTERIO DA EDUCACAO",26421,"INST.FED.DE EDUC.,CIENC.E TEC. DE RONDONIA",158533,"CAMPUS CACOAL IFECT RO","RO","CACOAL","23243002300201722","Inexigibilidade de Licitação","15853307000012017","Não se Aplica","INCISO I","SISPP","Objeto: Contratação de Serviços de Telefonia Fixa Comutado (STFC) para ligações ilimitadas locais e nacionais Fixo-Fixo e Fixo-Móvel (05 linhas telefônicas)",31/12/1899,"Publicado","Existe Resultado de Compra","01 Jan 1900","Não Subrogou Compra","6.189,0000"
26000,"MINISTERIO DA EDUCACAO",26421,"INST.FED.DE EDUC.,CIENC.E TEC. DE RONDONIA",158533,"CAMPUS CACOAL IFECT RO","RO","CACOAL","013028/2017-14","Dispensa de Licitação","15853306000032017","Não se Aplica","INCISO II","SISPP","Objeto: Aquisição de material pedagógico para ensino da matemática.",31/12/1899,"Encerrado","Existe Resultado de Compra","01 Jan 1900","Não Subrogou Compra","6.449,9000"
26000,"MINISTERIO DA EDUCACAO",26421,"INST.FED.DE EDUC.,CIENC.E TEC. DE RONDONIA",158533,"CAMPUS CACOAL IFECT RO","RO","CACOAL","016189/2017-51","Inexigibilidade de Licitação","15853307000022017","Não se Aplica","CAPUT","SISPP","Objeto: Contratação do serviço de publicação de atos oficiais e demais matérias, conforme especificações e quantitativos estabelecidos neste Projeto básico, edições normais e extras, no Diário Oficial da União preponderantemente na Seção 3, seja por meio do Sistema Integrado de Administração de Serviços Gerais   SIASG, do Sistema de Envio Eletrônico de Matérias - INCom ou do Comprasnet.",31/12/1899,"Publicado","Existe Resultado de Compra","01 Jan 1900","Não Subrogou Compra","25.000,0000"
26000,"MINISTERIO DA EDUCACAO",26421,"INST.FED.DE EDUC.,CIENC.E TEC. DE RONDONIA",158635,"INST FED EDUC CIE E TEC RONDONIA C GUAJARÁ MI","RO","GUAJARA-MIRIM","23243001839201764","Pregão","15863505000022017","Não se Aplica","NAO SE APLICA","SISPP","Objeto: Pregão Eletrônico -  Concessão onerosa de uso de bem público para serviços de lanchonete e Restaurante",12/4/2017,"Publicado","Existe Resultado de Compra","13 Abr 2017","Não Subrogou Compra","268,5300"
26000,"MINISTERIO DA EDUCACAO",26421,"INST.FED.DE EDUC.,CIENC.E TEC. DE RONDONIA",158635,"INST FED EDUC CIE E TEC RONDONIA C GUAJARÁ MI","RO","GUAJARA-MIRIM","23243006981201617","Pregão","15863505000012017","Não se Aplica","NAO SE APLICA","SISRP","Objeto: Pregão Eletrônico -  Aquisição de Kit Rasp Barry, Quadro de Vidro Temperado, Toner, Carrinho de transporte",14/3/2017,"Publicado","Existe Resultado de Compra","30 Mar 2017","Não Subrogou Compra","254.644,6925"
26000,"MINISTERIO DA EDUCACAO",26421,"INST.FED.DE EDUC.,CIENC.E TEC. DE RONDONIA",158635,"INST FED EDUC CIE E TEC RONDONIA C GUAJARÁ MI","RO","GUAJARA-MIRIM","23243006305201643","Pregão","15863505000032017","Não se Aplica","NAO SE APLICA","SISRP","Objeto: Pregão Eletrônico -  Aquisição de Equipamentos de Laboratório",8/5/2017,"Publicado","Existe Resultado de Compra","13 Jun 2017","Não Subrogou Compra","125.921,9200"
26000,"MINISTERIO DA EDUCACAO",26421,"INST.FED.DE EDUC.,CIENC.E TEC. DE RONDONIA",158635,"INST FED EDUC CIE E TEC RONDONIA C GUAJARÁ MI","RO","GUAJARA-MIRIM","000450/2017-00","Pregão","15863505000042017","Não se Aplica","NAO SE APLICA","SISRP","Objeto: Pregão Eletrônico -  Aquisição de pincel marcador para quadro branco, refil, carteirinha estudantil e crachá",5/6/2017,"Publicado","Existe Resultado de Compra","13 Jun 2017","Não Subrogou Compra","129.650,7500"
26000,"MINISTERIO DA EDUCACAO",26421,"INST.FED.DE EDUC.,CIENC.E TEC. DE RONDONIA",158635,"INST FED EDUC CIE E TEC RONDONIA C GUAJARÁ MI","RO","GUAJARA-MIRIM","23243003152201763","Pregão","15863505000062017","Não se Aplica","NAO SE APLICA","SISRP","Objeto: Pregão Eletrônico -  Aquisição de quadro, vidro temperado, estante gaveteiro, botão francês (Itens cancelados PE 01/2017).",29/6/2017,"Evento de Alteração Publicado","Existe Resultado de Compra","25 Jul 2017","Não Subrogou Compra","31.919,0000"
26000,"MINISTERIO DA EDUCACAO",26421,"INST.FED.DE EDUC.,CIENC.E TEC. DE RONDONIA",158635,"INST FED EDUC CIE E TEC RONDONIA C GUAJARÁ MI","RO","GUAJARA-MIRIM","23243003231201774","Pregão","15863505000072017","Não se Aplica","NAO SE APLICA","SISRP","Objeto: Pregão Eletrônico -  Aquisição de uniformes.",4/8/2017,"Publicado","Existe Resultado de Compra","28 Ago 2017","Não Subrogou Compra","487.976,2000"
26000,"MINISTERIO DA EDUCACAO",26421,"INST.FED.DE EDUC.,CIENC.E TEC. DE RONDONIA",158635,"INST FED EDUC CIE E TEC RONDONIA C GUAJARÁ MI","RO","GUAJARA-MIRIM","23243001908201730","Pregão","15863505000102017","Não se Aplica","NAO SE APLICA","SISRP","Objeto: Pregão Eletrônico -  Aquisição de Equipamentos, Reagentes e Vidrarias.",21/9/2017,"Publicado","Existe Resultado de Compra","16 Out 2017","Não Subrogou Compra","376.930,8640"
26000,"MINISTERIO DA EDUCACAO",26421,"INST.FED.DE EDUC.,CIENC.E TEC. DE RONDONIA",158635,"INST FED EDUC CIE E TEC RONDONIA C GUAJARÁ MI","RO","GUAJARA-MIRIM","23243001139201770","Dispensa de Licitação","15863506000022017","Não se Aplica","INCISO XXII","SISPP","Objeto: Serviço de fornecimento de energia elétrica pela concessionária ao consumidor",31/12/1899,"Publicado","Existe Resultado de Compra","01 Jan 1900","Não Subrogou Compra","180.000,0000"
26000,"MINISTERIO DA EDUCACAO",26421,"INST.FED.DE EDUC.,CIENC.E TEC. DE RONDONIA",158635,"INST FED EDUC CIE E TEC RONDONIA C GUAJARÁ MI","RO","GUAJARA-MIRIM","23243000733201743","Inexigibilidade de Licitação","15863507000012017","Não se Aplica","CAPUT","SISPP","Objeto: Contratação do serviço de publicação no Diário Oficial da União, de atos oficiais e demais matérias de interesse do IFRO",31/12/1899,"Encerrado","Existe Resultado de Compra","01 Jan 1900","Não Subrogou Compra","7.592,5000"
26000,"MINISTERIO DA EDUCACAO",26421,"INST.FED.DE EDUC.,CIENC.E TEC. DE RONDONIA",158635,"INST FED EDUC CIE E TEC RONDONIA C GUAJARÁ MI","RO","GUAJARA-MIRIM","002532/2017-81","Inexigibilidade de Licitação","15863507000252017","Não se Aplica","CAPUT","SISPP","Objeto: Contratação do serviço de publicidade legal/institucional impressa e/ou eletrônica, que envolve publicação em jornais de grande circulação, TV, rádio e internet de interesse do IFRO - Campus Guajará-Mirim, por intermédio da Empresa Brasil de Comunicação   EBC",31/12/1899,"Evento de Retificação Publicado","Existe Resultado de Compra","01 Jan 1900","Não Subrogou Compra","50.000,0000"
26000,"MINISTERIO DA EDUCACAO",26421,"INST.FED.DE EDUC.,CIENC.E TEC. DE RONDONIA",158635,"INST FED EDUC CIE E TEC RONDONIA C GUAJARÁ MI","RO","GUAJARA-MIRIM","23243003968201797","Dispensa de Licitação","15863506000032017","Não se Aplica","INCISO II","SISPP","Objeto: Aquisição de produtos para limpeza de piscina.",31/12/1899,"Encerrado","Existe Resultado de Compra","01 Jan 1900","Não Subrogou Compra","5.208,0000"
26000,"MINISTERIO DA EDUCACAO",26421,"INST.FED.DE EDUC.,CIENC.E TEC. DE RONDONIA",158635,"INST FED EDUC CIE E TEC RONDONIA C GUAJARÁ MI","RO","GUAJARA-MIRIM","23243003978201722","Inexigibilidade de Licitação","15863507000032017","Não se Aplica","CAPUT","SISPP","Objeto: Contratação de serviço telefônico fixo comutado (STFC), para atender ao interesse do IFRO-Campus Guajará-Mirim.",31/12/1899,"Publicado","Existe Resultado de Compra","01 Jan 1900","Não Subrogou Compra","12.510,5300"
26000,"MINISTERIO DA EDUCACAO",26421,"INST.FED.DE EDUC.,CIENC.E TEC. DE RONDONIA",158635,"INST FED EDUC CIE E TEC RONDONIA C GUAJARÁ MI","RO","GUAJARA-MIRIM","23243.014284/2017","Inexigibilidade de Licitação","15863507000042017","Não se Aplica","INCISO II","SISPP","Objeto: Contratação de curso de capacitação para atender ao servidor LUIZ HENRIQUE MORAIS AGUIAR, para qualificação / requalificação com vistas ao aprendizado e aperfeiçoamento de conhecimentos para o desempenho eficiente e eficaz de suas atividades no âmbito do IFRO-Campus Guajará-Mirim.",31/12/1899,"Encerrado","Existe Resultado de Compra","01 Jan 1900","Não Subrogou Compra","500,0000"
26000,"MINISTERIO DA EDUCACAO",26421,"INST.FED.DE EDUC.,CIENC.E TEC. DE RONDONIA",158635,"INST FED EDUC CIE E TEC RONDONIA C GUAJARÁ MI","RO","GUAJARA-MIRIM","23243014672201700","Inexigibilidade de Licitação","15863507000052017","Não se Aplica","INCISO II","SISPP","Objeto: Contratação de curso de capacitação para atender ao servidor FERNANDA LÉA BATISTA SOUZA ESTEVÃO, para qualificação / requalificação com vistas ao aprendizado e aperfeiçoamento de conhecimentos para o desempenho eficiente e eficaz de suas atividades no âmbito do IFRO-Campus Guajará-Mirim.",31/12/1899,"Encerrado","Existe Resultado de Compra","01 Jan 1900","Não Subrogou Compra","210,0000"
26000,"MINISTERIO DA EDUCACAO",26421,"INST.FED.DE EDUC.,CIENC.E TEC. DE RONDONIA",158635,"INST FED EDUC CIE E TEC RONDONIA C GUAJARÁ MI","RO","GUAJARA-MIRIM","23243014461201769","Inexigibilidade de Licitação","15863507000062017","Não se Aplica","INCISO II","SISPP","Objeto: Contratação de curso de capacitação para atender ao servidor PHELLYPE KAYYAÃ DA LUZ, para qualificação / requalificação com vistas ao aprendizado e aperfeiçoamento de conhecimentos para o desempenho eficiente e eficaz de suas atividades no âmbito do IFRO-Campus Guajará-Mirim.",31/12/1899,"Encerrado","Existe Resultado de Compra","01 Jan 1900","Não Subrogou Compra","1.850,0000"
26000,"MINISTERIO DA EDUCACAO",26421,"INST.FED.DE EDUC.,CIENC.E TEC. DE RONDONIA",158635,"INST FED EDUC CIE E TEC RONDONIA C GUAJARÁ MI","RO","GUAJARA-MIRIM","23243.015344/2017","Dispensa de Licitação","15863506000012017","Não se Aplica","INCISO II","SISPP","Objeto: Contratação de empresa/pessoa física especializada para prestação do serviço de Instalação de PABX, central telefônica Digital Impacta 140, interface 1E1 R2/RDSI impacta 140/220 PLACA ramal analogico impacta placa ramal misto impacta 140/220 terminal inteligente - TI 830I. Guajará-Mirim/RO",31/12/1899,"Encerrado","Existe Resultado de Compra","01 Jan 1900","Não Subrogou Compra","1.520,0000"
26000,"MINISTERIO DA EDUCACAO",26421,"INST.FED.DE EDUC.,CIENC.E TEC. DE RONDONIA",158635,"INST FED EDUC CIE E TEC RONDONIA C GUAJARÁ MI","RO","GUAJARA-MIRIM","23243018040201715","Dispensa de Licitação","15863506000042017","Não se Aplica","INCISO IV","SISPP","Objeto: Contratação para prestação de serviço acesso à Internet e/ou serviço de rede ponto a ponto. Com instalação do Circuito e Assinatura mensal de acesso à internet, para dar continuidade ao processo de estruturação do Campus Guajará-Mirim do Instituto Federal de Educação, Ciência e Tecnologia de Rondônia.",31/12/1899,"Publicado","Existe Resultado de Compra","01 Jan 1900","Não Subrogou Compra","13.000,0000"
