"Órgão Sup UResp Compra ID","Órgão Vinc UResp Compra DESC","Órgão UResp Compra ID","Órgão UResp Compra DESC","Cod UResp Compra DESC","Cod UResp Compra NOME","UF UResp Compra DESC","Municipio UResp Compra DESC","Número Processo Compra DESC","Modalidade Compra DESC","Identif Compra DESC","Tipo Licitação DESC","Inciso Disp Legal DESC","Forma Compra DESC","Objeto Compra DESC","Dia Abert Sessão Publ ID","Sit Atual Compra DESC","Existência Result Compra DESC","Dia Homologação Compra DESC","Sub-rogação Compra DESC","Valor Total Homologado"
26000,"MINISTERIO DA EDUCACAO",26421,"INST.FED.DE EDUC.,CIENC.E TEC. DE RONDONIA",158148,"INST.FED.DE EDUC.,CIENC.E TEC.DE RONDONIA","RO","PORTO VELHO","23243000343201692","Pregão","15814805000052016","Não se Aplica","NAO SE APLICA","SISPP","Objeto: Pregão Eletrônico -  Contratação de empresa especializada na prestação de serviço de Seguro Total de Veículos Automotores para cobertura da Frota de veículos oficiais (automóveis, motocicletas, ônibus e caminhão) do Instituto Federal de Ciência Tecnologia e Educação de Rondônia ? IFRO.",12/4/2016,"Publicado","Existe Resultado de Compra","22 Abr 2016","Não Subrogou Compra","340.397,8300"
26000,"MINISTERIO DA EDUCACAO",26421,"INST.FED.DE EDUC.,CIENC.E TEC. DE RONDONIA",158148,"INST.FED.DE EDUC.,CIENC.E TEC.DE RONDONIA","RO","PORTO VELHO","23243003505201644","Pregão","15814805000082016","Não se Aplica","NAO SE APLICA","SISPP","Objeto: Pregão Eletrônico -  O presente Pregão Eletrônico tem como objeto a contratação de pessoa jurídica para prestação do serviço de arbitragem para atender aos JOGOS DO INSTITUTO FEDERAL DE RONDÔNIA ? JIFRO 2016, a ser realizado no município de Ji-Paraná/RO.",12/7/2016,"Publicado","Existe Resultado de Compra","14 Jul 2016","Não Subrogou Compra","29.497,8700"
26000,"MINISTERIO DA EDUCACAO",26421,"INST.FED.DE EDUC.,CIENC.E TEC. DE RONDONIA",158148,"INST.FED.DE EDUC.,CIENC.E TEC.DE RONDONIA","RO","PORTO VELHO","23243005043201519","Pregão","15814805000122015","Não se Aplica","NAO SE APLICA","SISRP","Objeto: Pregão Eletrônico -  Contratação dos Serviços Continuados de Apoio Administrativo e Manutenção Predial",20/11/2015,"Publicado","Existe Resultado de Compra","23 Dez 2015","Não Subrogou Compra","2.415.555,9600"
26000,"MINISTERIO DA EDUCACAO",26421,"INST.FED.DE EDUC.,CIENC.E TEC. DE RONDONIA",158148,"INST.FED.DE EDUC.,CIENC.E TEC.DE RONDONIA","RO","PORTO VELHO","23243003346201505","Pregão","15814805000012016","Não se Aplica","NAO SE APLICA","SISRP","Objeto: Pregão Eletrônico -  Contratação de Empresa para Realização de Exames Periódicos.",5/2/2016,"Publicado","Existe Resultado de Compra","16 Mai 2016","Não Subrogou Compra","244.524,8400"
26000,"MINISTERIO DA EDUCACAO",26421,"INST.FED.DE EDUC.,CIENC.E TEC. DE RONDONIA",158148,"INST.FED.DE EDUC.,CIENC.E TEC.DE RONDONIA","RO","PORTO VELHO","23243000377201687","Pregão","15814805000022016","Não se Aplica","NAO SE APLICA","SISRP","Objeto: Pregão Eletrônico -  Contratação de empresa especializada para prestação do serviço de hospedagem com fornecimento de alimentação nos municípios de Porto Velho/RO, Ariquemes/RO, Ji-Paraná/RO, Cacoal/RO, Vilhena/RO, Guajará-Mirim/RO e Colorado do Oeste/RO para atender as demandas da Reitoria e dos Campi do INSTITUTO FEDERAL DE RONDÔNIA   IFRO.",1/3/2016,"Publicado","Existe Resultado de Compra","15 Mar 2016","Não Subrogou Compra","2.016.833,8200"
26000,"MINISTERIO DA EDUCACAO",26421,"INST.FED.DE EDUC.,CIENC.E TEC. DE RONDONIA",158148,"INST.FED.DE EDUC.,CIENC.E TEC.DE RONDONIA","RO","PORTO VELHO","23243004874201573","Pregão","15814805000032016","Não se Aplica","NAO SE APLICA","SISRP","Objeto: Pregão Eletrônico -  Aquisição de Materiais Permanentes de TI - (Computadores e Outros).",17/3/2016,"Evento de Alteração Publicado","Existe Resultado de Compra","22 Jul 2016","Não Subrogou Compra","921.149,9600"
26000,"MINISTERIO DA EDUCACAO",26421,"INST.FED.DE EDUC.,CIENC.E TEC. DE RONDONIA",158148,"INST.FED.DE EDUC.,CIENC.E TEC.DE RONDONIA","RO","PORTO VELHO","000484/2016-13","Pregão","15814805000042016","Não se Aplica","NAO SE APLICA","SISRP","Objeto: Pregão Eletrônico -  Aquisição de Aparelho de Ar Condicionado 36.000 BTUs/h",12/4/2016,"Publicado","Existe Resultado de Compra","13 Mai 2016","Não Subrogou Compra","531.547,5000"
26000,"MINISTERIO DA EDUCACAO",26421,"INST.FED.DE EDUC.,CIENC.E TEC. DE RONDONIA",158148,"INST.FED.DE EDUC.,CIENC.E TEC.DE RONDONIA","RO","PORTO VELHO","002532/2016-08","Pregão","15814805000062016","Não se Aplica","NAO SE APLICA","SISRP","Objeto: Pregão Eletrônico -  Aquisição de material permanente, mobiliário",14/7/2016,"Evento de Alteração Publicado","Existe Resultado de Compra","25 Jul 2016","Não Subrogou Compra","113.875,1000"
26000,"MINISTERIO DA EDUCACAO",26421,"INST.FED.DE EDUC.,CIENC.E TEC. DE RONDONIA",158148,"INST.FED.DE EDUC.,CIENC.E TEC.DE RONDONIA","RO","PORTO VELHO","23243002798201642","Pregão","15814805000072016","Não se Aplica","NAO SE APLICA","SISRP","Objeto: Pregão Eletrônico -  Aquisição de película e persianas",20/7/2016,"Evento de Alteração Publicado","Existe Resultado de Compra","28 Jul 2016","Não Subrogou Compra","195.110,9000"
26000,"MINISTERIO DA EDUCACAO",26421,"INST.FED.DE EDUC.,CIENC.E TEC. DE RONDONIA",158148,"INST.FED.DE EDUC.,CIENC.E TEC.DE RONDONIA","RO","PORTO VELHO","002799/2016-97","Pregão","15814805000092016","Não se Aplica","NAO SE APLICA","SISRP","Objeto: Pregão Eletrônico -  Materias Diversos",17/8/2016,"Publicado","Existe Resultado de Compra","16 Set 2016","Não Subrogou Compra","124.018,0660"
26000,"MINISTERIO DA EDUCACAO",26421,"INST.FED.DE EDUC.,CIENC.E TEC. DE RONDONIA",158148,"INST.FED.DE EDUC.,CIENC.E TEC.DE RONDONIA","RO","PORTO VELHO","23243005593201619","Pregão","15814805000132016","Não se Aplica","NAO SE APLICA","SISRP","Objeto: Pregão Eletrônico -  Registro de Preços para eventual contratação do serviço de administração e gerenciamento informatizado do abastecimento de combustíveis dos veículos oficiais e equipamentos institucionais, com tecnologia de cartão eletrônico, em rede de postos credenciados em todo o território nacional visando atender às necessidades do Instituto Federal de Rondônia - IFRO.",18/10/2016,"Publicado","Existe Resultado de Compra","04 Nov 2016","Não Subrogou Compra","690.108,4278"
26000,"MINISTERIO DA EDUCACAO",26421,"INST.FED.DE EDUC.,CIENC.E TEC. DE RONDONIA",158148,"INST.FED.DE EDUC.,CIENC.E TEC.DE RONDONIA","RO","PORTO VELHO","2324300158201606","Dispensa de Licitação","15814806000012016","Não se Aplica","INCISO I","SISPP","Objeto: Contratação de Pessoa Jurídica para execução dos serviços técnicos profissionais de engenharia para elaboração, revisão, regularização e acompanhamento dos projetos de prevenção e combate a incêndio  no Campus Guajará- Mirim do INSTITUTO FEDERAL DE RONDÔNIA.",31/12/1899,"Encerrado","Existe Resultado de Compra","01 Jan 1900","Não Subrogou Compra","6.878,3400"
26000,"MINISTERIO DA EDUCACAO",26421,"INST.FED.DE EDUC.,CIENC.E TEC. DE RONDONIA",158148,"INST.FED.DE EDUC.,CIENC.E TEC.DE RONDONIA","RO","PORTO VELHO","23243000833201699","Dispensa de Licitação","15814806000022016","Não se Aplica","INCISO XXII","SISPP","Objeto: Contratação do Serviço de Fornecimento de Energia elétrica para atender ao IFRO/REITORIA e Campus Guajará-Mirim - Tipo B",31/12/1899,"Publicado","Existe Resultado de Compra","01 Jan 1900","Não Subrogou Compra","159.000,0000"
26000,"MINISTERIO DA EDUCACAO",26421,"INST.FED.DE EDUC.,CIENC.E TEC. DE RONDONIA",158148,"INST.FED.DE EDUC.,CIENC.E TEC.DE RONDONIA","RO","PORTO VELHO","23243004852201511","Inexigibilidade de Licitação","15814807000012016","Não se Aplica","INCISO II","SISPP","Objeto: Contratação de empresa para realização capacitação em Company Elaboração e Montagem de Artigo Científico.",31/12/1899,"Publicado","Existe Resultado de Compra","01 Jan 1900","Não Subrogou Compra","36.300,0000"
26000,"MINISTERIO DA EDUCACAO",26421,"INST.FED.DE EDUC.,CIENC.E TEC. DE RONDONIA",158148,"INST.FED.DE EDUC.,CIENC.E TEC.DE RONDONIA","RO","PORTO VELHO","23243002739201674","Inexigibilidade de Licitação","15814807000022016","Não se Aplica","INCISO II","SISPP","Objeto: Capacitação - Participação dos auditores internos 44º Fórum técnicos dos auditores internos do ministério de educação",31/12/1899,"Encerrado","Existe Resultado de Compra","01 Jan 1900","Não Subrogou Compra","1.000,0000"
26000,"MINISTERIO DA EDUCACAO",26421,"INST.FED.DE EDUC.,CIENC.E TEC. DE RONDONIA",158148,"INST.FED.DE EDUC.,CIENC.E TEC.DE RONDONIA","RO","PORTO VELHO","2324002686201691","Inexigibilidade de Licitação","15814807000032016","Não se Aplica","INCISO II","SISPP","Objeto: Capacitação - 16º Congresso de Stress; 18º Fórum internacional de qualidade no trabalho; 8ºEncontro nac. de qualidade de vida na segurança pública; 4º Encontro nac. de responsabilidade social e sustentabilidade",31/12/1899,"Encerrado","Existe Resultado de Compra","01 Jan 1900","Não Subrogou Compra","1.200,0000"
26000,"MINISTERIO DA EDUCACAO",26421,"INST.FED.DE EDUC.,CIENC.E TEC. DE RONDONIA",158148,"INST.FED.DE EDUC.,CIENC.E TEC.DE RONDONIA","RO","PORTO VELHO","23243002738201620","Inexigibilidade de Licitação","15814807000042016","Não se Aplica","INCISO II","SISPP","Objeto: Capacitação - Congresso Internacional de Bibliotecas",31/12/1899,"Encerrado","Existe Resultado de Compra","01 Jan 1900","Não Subrogou Compra","300,0000"
26000,"MINISTERIO DA EDUCACAO",26421,"INST.FED.DE EDUC.,CIENC.E TEC. DE RONDONIA",158148,"INST.FED.DE EDUC.,CIENC.E TEC.DE RONDONIA","RO","PORTO VELHO","23243002740201607","Inexigibilidade de Licitação","15814807000052016","Não se Aplica","INCISO II","SISPP","Objeto: Capacitação-Curso Ilustrador e Curso InDesign",31/12/1899,"Encerrado","Existe Resultado de Compra","01 Jan 1900","Não Subrogou Compra","180,0000"
26000,"MINISTERIO DA EDUCACAO",26421,"INST.FED.DE EDUC.,CIENC.E TEC. DE RONDONIA",158148,"INST.FED.DE EDUC.,CIENC.E TEC.DE RONDONIA","RO","PORTO VELHO","23243002622201691","Inexigibilidade de Licitação","15814807000062016","Não se Aplica","INCISO II","SISPP","Objeto: Pós-graduação: Educação especial e inclusiva",31/12/1899,"Encerrado","Existe Resultado de Compra","01 Jan 1900","Não Subrogou Compra","2.226,0000"
26000,"MINISTERIO DA EDUCACAO",26421,"INST.FED.DE EDUC.,CIENC.E TEC. DE RONDONIA",158148,"INST.FED.DE EDUC.,CIENC.E TEC.DE RONDONIA","RO","PORTO VELHO","003449/2016-48","Dispensa de Licitação","15814806000032016","Não se Aplica","INCISO II","SISPP","Objeto: Aquisição de placa - Identificação terreno reitoria",31/12/1899,"Anulação","Existe Resultado de Compra","01 Jan 1900","Não Subrogou Compra","3.200,0000"
26000,"MINISTERIO DA EDUCACAO",26421,"INST.FED.DE EDUC.,CIENC.E TEC. DE RONDONIA",158148,"INST.FED.DE EDUC.,CIENC.E TEC.DE RONDONIA","RO","PORTO VELHO","003160/2016-29","Inexigibilidade de Licitação","15814807000072016","Não se Aplica","INCISO II","SISPP","Objeto: Capacitação-Java One Latin América 2016/Oracle Open World",31/12/1899,"Encerrado","Existe Resultado de Compra","01 Jan 1900","Não Subrogou Compra","700,0000"
26000,"MINISTERIO DA EDUCACAO",26421,"INST.FED.DE EDUC.,CIENC.E TEC. DE RONDONIA",158148,"INST.FED.DE EDUC.,CIENC.E TEC.DE RONDONIA","RO","PORTO VELHO","003821/2016-16","Inexigibilidade de Licitação","15814807000082016","Não se Aplica","INCISO II","SISPP","Objeto: Capacitação-IX Encontro Nacional de Cerimonial Universitário",31/12/1899,"Encerrado","Existe Resultado de Compra","01 Jan 1900","Não Subrogou Compra","250,0000"
26000,"MINISTERIO DA EDUCACAO",26421,"INST.FED.DE EDUC.,CIENC.E TEC. DE RONDONIA",158148,"INST.FED.DE EDUC.,CIENC.E TEC.DE RONDONIA","RO","PORTO VELHO","003339/2016-86","Inexigibilidade de Licitação","15814807000092016","Não se Aplica","INCISO II","SISPP","Objeto: Capacitação-13º Semana de Administração Orçamentaria, Financeira e de Contratações Públicas",31/12/1899,"Encerrado","Existe Resultado de Compra","01 Jan 1900","Não Subrogou Compra","400,0000"
26000,"MINISTERIO DA EDUCACAO",26421,"INST.FED.DE EDUC.,CIENC.E TEC. DE RONDONIA",158148,"INST.FED.DE EDUC.,CIENC.E TEC.DE RONDONIA","RO","PORTO VELHO","003435/2016-24","Inexigibilidade de Licitação","15814807000102016","Não se Aplica","INCISO II","SISPP","Objeto: Capacitação-13º Semana de Administração Orçamentaria, financeira e de contratações públicas",31/12/1899,"Encerrado","Existe Resultado de Compra","01 Jan 1900","Não Subrogou Compra","400,0000"
26000,"MINISTERIO DA EDUCACAO",26421,"INST.FED.DE EDUC.,CIENC.E TEC. DE RONDONIA",158148,"INST.FED.DE EDUC.,CIENC.E TEC.DE RONDONIA","RO","PORTO VELHO","003436/2016-79","Inexigibilidade de Licitação","15814807000112016","Não se Aplica","INCISO II","SISPP","Objeto: Capacitação-13º Semana de Administração Orçamentaria, financeira e de contratações públicas",31/12/1899,"Encerrado","Existe Resultado de Compra","01 Jan 1900","Não Subrogou Compra","400,0000"
26000,"MINISTERIO DA EDUCACAO",26421,"INST.FED.DE EDUC.,CIENC.E TEC. DE RONDONIA",158148,"INST.FED.DE EDUC.,CIENC.E TEC.DE RONDONIA","RO","PORTO VELHO","003153/2016-27","Inexigibilidade de Licitação","15814807000122016","Não se Aplica","INCISO II","SISPP","Objeto: Capacitação-13º Semana de Administração Orçamentaria, financeira e de contratações públicas",31/12/1899,"Encerrado","Existe Resultado de Compra","01 Jan 1900","Não Subrogou Compra","800,0000"
26000,"MINISTERIO DA EDUCACAO",26421,"INST.FED.DE EDUC.,CIENC.E TEC. DE RONDONIA",158148,"INST.FED.DE EDUC.,CIENC.E TEC.DE RONDONIA","RO","PORTO VELHO","003159/2016-02","Inexigibilidade de Licitação","15814807000132016","Não se Aplica","INCISO II","SISPP","Objeto: VMware vSphere: Install, Configure, Maneger",31/12/1899,"Encerrado","Existe Resultado de Compra","01 Jan 1900","Não Subrogou Compra","6.371,6500"
26000,"MINISTERIO DA EDUCACAO",26421,"INST.FED.DE EDUC.,CIENC.E TEC. DE RONDONIA",158148,"INST.FED.DE EDUC.,CIENC.E TEC.DE RONDONIA","RO","PORTO VELHO","003449/2016-48","Dispensa de Licitação","15814806000042016","Não se Aplica","INCISO II","SISPP","Objeto: Aquisição de placa - Identificação Terreno Reitoria",31/12/1899,"Encerrado","Existe Resultado de Compra","01 Jan 1900","Não Subrogou Compra","4.000,0000"
26000,"MINISTERIO DA EDUCACAO",26421,"INST.FED.DE EDUC.,CIENC.E TEC. DE RONDONIA",158148,"INST.FED.DE EDUC.,CIENC.E TEC.DE RONDONIA","RO","PORTO VELHO","003838/2016-73","Inexigibilidade de Licitação","15814807000142016","Não se Aplica","INCISO II","SISPP","Objeto: Capacitação-Encontro Nacional de Dirigentes de Pessoas e Recursos Humano das Instituições Federais de Ensino",31/12/1899,"Encerrado","Existe Resultado de Compra","01 Jan 1900","Não Subrogou Compra","400,0000"
26000,"MINISTERIO DA EDUCACAO",26421,"INST.FED.DE EDUC.,CIENC.E TEC. DE RONDONIA",158148,"INST.FED.DE EDUC.,CIENC.E TEC.DE RONDONIA","RO","PORTO VELHO","004637/2016-93","Inexigibilidade de Licitação","15814807000152016","Não se Aplica","CAPUT","SISPP","Objeto: Assinatura Anual da Ferramenta-Banco de Preços",31/12/1899,"Encerrado","Existe Resultado de Compra","01 Jan 1900","Não Subrogou Compra","7.990,0000"
26000,"MINISTERIO DA EDUCACAO",26421,"INST.FED.DE EDUC.,CIENC.E TEC. DE RONDONIA",158148,"INST.FED.DE EDUC.,CIENC.E TEC.DE RONDONIA","RO","PORTO VELHO","004189/2016-28","Inexigibilidade de Licitação","15814807000162016","Não se Aplica","INCISO II","SISPP","Objeto: Capacitação-AngularJS para WebApps Restful",31/12/1899,"Encerrado","Existe Resultado de Compra","01 Jan 1900","Não Subrogou Compra","2.384,0000"
26000,"MINISTERIO DA EDUCACAO",26421,"INST.FED.DE EDUC.,CIENC.E TEC. DE RONDONIA",158148,"INST.FED.DE EDUC.,CIENC.E TEC.DE RONDONIA","RO","PORTO VELHO","23243004966201634","Dispensa de Licitação","15814806000052016","Não se Aplica","INCISO II","SISPP","Objeto: Contratação de Serviço de Decoração - JIFRO - 2016",31/12/1899,"Encerrado","Existe Resultado de Compra","01 Jan 1900","Não Subrogou Compra","2.350,0000"
26000,"MINISTERIO DA EDUCACAO",26421,"INST.FED.DE EDUC.,CIENC.E TEC. DE RONDONIA",158148,"INST.FED.DE EDUC.,CIENC.E TEC.DE RONDONIA","RO","PORTO VELHO","005227/2016-60","Dispensa de Licitação","15814806000062016","Não se Aplica","INCISO II","SISPP","Objeto: Aquisição de Livros para Registro de Diplomas",31/12/1899,"Anulação","Existe Resultado de Compra","01 Jan 1900","Não Subrogou Compra","430,0000"
26000,"MINISTERIO DA EDUCACAO",26421,"INST.FED.DE EDUC.,CIENC.E TEC. DE RONDONIA",158148,"INST.FED.DE EDUC.,CIENC.E TEC.DE RONDONIA","RO","PORTO VELHO","004977/2016-14","Inexigibilidade de Licitação","15814807000172016","Não se Aplica","INCISO II","SISPP","Objeto: Capacitação-XXXVI Encontro Nacional de Dirigenstes de Pessoal e Recursos Humanos dos Instituições de Ensino",31/12/1899,"Encerrado","Existe Resultado de Compra","01 Jan 1900","Não Subrogou Compra","400,0000"
26000,"MINISTERIO DA EDUCACAO",26421,"INST.FED.DE EDUC.,CIENC.E TEC. DE RONDONIA",158148,"INST.FED.DE EDUC.,CIENC.E TEC.DE RONDONIA","RO","PORTO VELHO","005227/2016-60","Dispensa de Licitação","15814806000072016","Não se Aplica","INCISO II","SISPP","Objeto: Aquisição de Livro de Registro de Diplomas",31/12/1899,"Encerrado","Existe Resultado de Compra","01 Jan 1900","Não Subrogou Compra","590,0000"
26000,"MINISTERIO DA EDUCACAO",26421,"INST.FED.DE EDUC.,CIENC.E TEC. DE RONDONIA",158148,"INST.FED.DE EDUC.,CIENC.E TEC.DE RONDONIA","RO","PORTO VELHO","005469/2016-53","Inexigibilidade de Licitação","15814807000182016","Não se Aplica","INCISO II","SISPP","Objeto: Capacitação-Encontro Nacional de Dirigentes de Pessoa",31/12/1899,"Encerrado","Existe Resultado de Compra","01 Jan 1900","Não Subrogou Compra","1.350,0000"
26000,"MINISTERIO DA EDUCACAO",26421,"INST.FED.DE EDUC.,CIENC.E TEC. DE RONDONIA",158148,"INST.FED.DE EDUC.,CIENC.E TEC.DE RONDONIA","RO","PORTO VELHO","005303/2016-37","Inexigibilidade de Licitação","15814807000192016","Não se Aplica","INCISO II","SISPP","Objeto: Capacitação-XIX Seminário Nacional de Bibliotecas Universitárias",31/12/1899,"Encerrado","Existe Resultado de Compra","01 Jan 1900","Não Subrogou Compra","830,0000"
26000,"MINISTERIO DA EDUCACAO",26421,"INST.FED.DE EDUC.,CIENC.E TEC. DE RONDONIA",158148,"INST.FED.DE EDUC.,CIENC.E TEC.DE RONDONIA","RO","PORTO VELHO","006066/2016-21","Inexigibilidade de Licitação","15814807000202016","Não se Aplica","INCISO II","SISPP","Objeto: Capacitação-10º Congresso de Comunicação Empresarial Aberje Rio de Janeiro",31/12/1899,"Encerrado","Existe Resultado de Compra","01 Jan 1900","Não Subrogou Compra","2.000,0000"
26000,"MINISTERIO DA EDUCACAO",26421,"INST.FED.DE EDUC.,CIENC.E TEC. DE RONDONIA",158148,"INST.FED.DE EDUC.,CIENC.E TEC.DE RONDONIA","RO","PORTO VELHO","005893/2016-06","Inexigibilidade de Licitação","15814807000212016","Não se Aplica","INCISO II","SISPP","Objeto: Capacitação-XIII Semana de Administração Orçamentaria, financeira e de contratações públicas",31/12/1899,"Encerrado","Existe Resultado de Compra","01 Jan 1900","Não Subrogou Compra","1.600,0000"
26000,"MINISTERIO DA EDUCACAO",26421,"INST.FED.DE EDUC.,CIENC.E TEC. DE RONDONIA",158148,"INST.FED.DE EDUC.,CIENC.E TEC.DE RONDONIA","RO","PORTO VELHO","006599/2016-11","Dispensa de Licitação","15814806000082016","Não se Aplica","INCISO II","SISPP","Objeto: Contratação do Serviço de BUSDOOR",31/12/1899,"Encerrado","Existe Resultado de Compra","01 Jan 1900","Não Subrogou Compra","7.680,0000"
26000,"MINISTERIO DA EDUCACAO",26421,"INST.FED.DE EDUC.,CIENC.E TEC. DE RONDONIA",158148,"INST.FED.DE EDUC.,CIENC.E TEC.DE RONDONIA","RO","PORTO VELHO","006626/2016-48","Dispensa de Licitação","15814806000092016","Não se Aplica","INCISO I","SISPP","Objeto: Contratação de instalação de trasformador-capus avançado Jaru",31/12/1899,"Encerrado","Existe Resultado de Compra","01 Jan 1900","Não Subrogou Compra","14.800,0000"
26000,"MINISTERIO DA EDUCACAO",26421,"INST.FED.DE EDUC.,CIENC.E TEC. DE RONDONIA",158148,"INST.FED.DE EDUC.,CIENC.E TEC.DE RONDONIA","RO","PORTO VELHO","006511/2016-53","Inexigibilidade de Licitação","15814807000222016","Não se Aplica","INCISO II","SISPP","Objeto: Capacitação-Gestão do Patrimônio Público",31/12/1899,"Encerrado","Existe Resultado de Compra","01 Jan 1900","Não Subrogou Compra","2.490,0000"
26000,"MINISTERIO DA EDUCACAO",26421,"INST.FED.DE EDUC.,CIENC.E TEC. DE RONDONIA",158148,"INST.FED.DE EDUC.,CIENC.E TEC.DE RONDONIA","RO","PORTO VELHO","006584/2016-45","Inexigibilidade de Licitação","15814807000232016","Não se Aplica","INCISO II","SISPP","Objeto: Capacitação-Participação dos auditores internos 45º Fórum técnicos dos auditores internos do Ministério da educação",31/12/1899,"Encerrado","Existe Resultado de Compra","01 Jan 1900","Não Subrogou Compra","1.000,0000"
26000,"MINISTERIO DA EDUCACAO",26421,"INST.FED.DE EDUC.,CIENC.E TEC. DE RONDONIA",158148,"INST.FED.DE EDUC.,CIENC.E TEC.DE RONDONIA","RO","PORTO VELHO","23243006470201603","Dispensa de Licitação","15814806000102016","Não se Aplica","INCISO II","SISPP","Objeto: Contratação de tradutor e interprete de libras",31/12/1899,"Encerrado","Existe Resultado de Compra","01 Jan 1900","Não Subrogou Compra","4.000,0000"
26000,"MINISTERIO DA EDUCACAO",26421,"INST.FED.DE EDUC.,CIENC.E TEC. DE RONDONIA",158148,"INST.FED.DE EDUC.,CIENC.E TEC.DE RONDONIA","RO","PORTO VELHO","006909/2016-90","Dispensa de Licitação","15814806000112016","Não se Aplica","INCISO II","SISPP","Objeto: Aquisição de adesivo em película PVC para as incubadoras dos campi PVH Calama e Zona norte",31/12/1899,"Encerrado","Existe Resultado de Compra","01 Jan 1900","Não Subrogou Compra","4.000,0000"
26000,"MINISTERIO DA EDUCACAO",26421,"INST.FED.DE EDUC.,CIENC.E TEC. DE RONDONIA",158148,"INST.FED.DE EDUC.,CIENC.E TEC.DE RONDONIA","RO","PORTO VELHO","006774/2016-62","Inexigibilidade de Licitação","15814807000242016","Não se Aplica","INCISO II","SISPP","Objeto: Capacitação-Regime Diferenciado de Contratações-RDC",31/12/1899,"Anulação","Existe Resultado de Compra","01 Jan 1900","Não Subrogou Compra","2.250,0000"
26000,"MINISTERIO DA EDUCACAO",26421,"INST.FED.DE EDUC.,CIENC.E TEC. DE RONDONIA",158148,"INST.FED.DE EDUC.,CIENC.E TEC.DE RONDONIA","RO","PORTO VELHO","23243006776201651","Inexigibilidade de Licitação","15814807000252016","Não se Aplica","INCISO II","SISPP","Objeto: Capacitação-Curso Online de Ilustração Digital - Servidora Viviane Cristina Camelo",31/12/1899,"Encerrado","Existe Resultado de Compra","01 Jan 1900","Não Subrogou Compra","995,0000"
26000,"MINISTERIO DA EDUCACAO",26421,"INST.FED.DE EDUC.,CIENC.E TEC. DE RONDONIA",158341,"INST.FED.DE RONDONIA/CAMPUS COLORADO DO OESTE","RO","COLORADO DO OESTE","23243000394201614","Pregão","15834105000082016","Não se Aplica","NAO SE APLICA","SISPP","Objeto: Pregão Eletrônico -  Contratação de Empresa para Manutenção de Condicionadores de AR",3/3/2016,"Evento de Resultado de Julgamento Publicado","Existe Resultado de Compra","16 Mar 2016","Não Subrogou Compra","45.227,7000"
26000,"MINISTERIO DA EDUCACAO",26421,"INST.FED.DE EDUC.,CIENC.E TEC. DE RONDONIA",158341,"INST.FED.DE RONDONIA/CAMPUS COLORADO DO OESTE","RO","COLORADO DO OESTE","23243001196201678","Pregão","15834105000122016","Não se Aplica","NAO SE APLICA","SISPP","Objeto: Pregão Eletrônico -  Contratação de coleta de lixo químico e residuos tóxicos",25/4/2016,"Evento de Resultado de Julgamento Publicado","Existe Resultado de Compra","26 Abr 2016","Não Subrogou Compra","18.212,0000"
26000,"MINISTERIO DA EDUCACAO",26421,"INST.FED.DE EDUC.,CIENC.E TEC. DE RONDONIA",158341,"INST.FED.DE RONDONIA/CAMPUS COLORADO DO OESTE","RO","COLORADO DO OESTE","23243002377201611","Pregão","15834105000182016","Não se Aplica","NAO SE APLICA","SISPP","Objeto: Pregão Eletrônico -  Aquisição de Materiais Permanentes",9/6/2016,"Evento de Resultado de Julgamento Publicado","Existe Resultado de Compra","14 Jun 2016","Não Subrogou Compra","183.598,4000"
26000,"MINISTERIO DA EDUCACAO",26421,"INST.FED.DE EDUC.,CIENC.E TEC. DE RONDONIA",158341,"INST.FED.DE RONDONIA/CAMPUS COLORADO DO OESTE","RO","COLORADO DO OESTE","23243002628201668","Pregão","15834105000192016","Não se Aplica","NAO SE APLICA","SISPP","Objeto: Pregão Eletrônico -  Manutenção Preventivaa e Corretiva de Microscópios",9/6/2016,"Evento de Resultado de Julgamento Publicado","Existe Resultado de Compra","24 Jun 2016","Não Subrogou Compra","31.710,0000"
26000,"MINISTERIO DA EDUCACAO",26421,"INST.FED.DE EDUC.,CIENC.E TEC. DE RONDONIA",158341,"INST.FED.DE RONDONIA/CAMPUS COLORADO DO OESTE","RO","COLORADO DO OESTE","23243002991201683","Pregão","15834105000212016","Não se Aplica","NAO SE APLICA","SISPP","Objeto: Pregão Eletrônico -  Contratação de Empresa para Elaboração de Projetos",17/6/2016,"Evento de Resultado de Julgamento Publicado","Existe Resultado de Compra","20 Jun 2016","Não Subrogou Compra","64.006,0000"
26000,"MINISTERIO DA EDUCACAO",26421,"INST.FED.DE EDUC.,CIENC.E TEC. DE RONDONIA",158341,"INST.FED.DE RONDONIA/CAMPUS COLORADO DO OESTE","RO","COLORADO DO OESTE","23243004261201617","Pregão","15834105000362016","Não se Aplica","NAO SE APLICA","SISPP","Objeto: Pregão Eletrônico -  Contratação  de Serviço de Mão de Obra",20/9/2016,"Evento de Resultado de Julgamento Publicado","Existe Resultado de Compra","29 Set 2016","Não Subrogou Compra","33.513,0300"
26000,"MINISTERIO DA EDUCACAO",26421,"INST.FED.DE EDUC.,CIENC.E TEC. DE RONDONIA",158341,"INST.FED.DE RONDONIA/CAMPUS COLORADO DO OESTE","RO","COLORADO DO OESTE","23243005101201512","Pregão","15834105000312015","Não se Aplica","NAO SE APLICA","SISRP","Objeto: Pregão Eletrônico -  Aquisição de ferramentas e equipamentos agropecuarios",28/12/2015,"Evento de Resultado de Julgamento Publicado","Existe Resultado de Compra","20 Jan 2016","Não Subrogou Compra","570.579,4600"
26000,"MINISTERIO DA EDUCACAO",26421,"INST.FED.DE EDUC.,CIENC.E TEC. DE RONDONIA",158341,"INST.FED.DE RONDONIA/CAMPUS COLORADO DO OESTE","RO","COLORADO DO OESTE","23243005437201577","Pregão","15834105000332015","Não se Aplica","NAO SE APLICA","SISRP","Objeto: Pregão Eletrônico -  Contratação de Mão de Obra",29/12/2015,"Evento de Resultado de Julgamento Publicado","Existe Resultado de Compra","14 Jan 2016","Não Subrogou Compra","316.800,0000"
26000,"MINISTERIO DA EDUCACAO",26421,"INST.FED.DE EDUC.,CIENC.E TEC. DE RONDONIA",158341,"INST.FED.DE RONDONIA/CAMPUS COLORADO DO OESTE","RO","COLORADO DO OESTE","23243006481201502","Pregão","15834105000012016","Não se Aplica","NAO SE APLICA","SISRP","Objeto: Pregão Eletrônico -  Contratação de Manutenção Preventiva e Corretiva em Rede Eletica",19/2/2016,"Evento de Resultado de Julgamento Publicado","Existe Resultado de Compra","25 Fev 2016","Não Subrogou Compra","56.323,0000"
26000,"MINISTERIO DA EDUCACAO",26421,"INST.FED.DE EDUC.,CIENC.E TEC. DE RONDONIA",158341,"INST.FED.DE RONDONIA/CAMPUS COLORADO DO OESTE","RO","COLORADO DO OESTE","23243006274201540","Pregão","15834105000032016","Não se Aplica","NAO SE APLICA","SISRP","Objeto: Pregão Eletrônico -  Aquisição de EPI'S",22/3/2016,"Evento de Resultado de Julgamento Publicado","Existe Resultado de Compra","06 Abr 2016","Não Subrogou Compra","165.833,5200"
26000,"MINISTERIO DA EDUCACAO",26421,"INST.FED.DE EDUC.,CIENC.E TEC. DE RONDONIA",158341,"INST.FED.DE RONDONIA/CAMPUS COLORADO DO OESTE","RO","COLORADO DO OESTE","23243000146201673","Pregão","15834105000042016","Não se Aplica","NAO SE APLICA","SISRP","Objeto: Pregão Eletrônico -  Aquisição de Generos Alimenticios",18/3/2016,"Evento de Resultado de Julgamento Publicado","Existe Resultado de Compra","08 Abr 2016","Não Subrogou Compra","463.650,7100"
26000,"MINISTERIO DA EDUCACAO",26421,"INST.FED.DE EDUC.,CIENC.E TEC. DE RONDONIA",158341,"INST.FED.DE RONDONIA/CAMPUS COLORADO DO OESTE","RO","COLORADO DO OESTE","23243000001201672","Pregão","15834105000052016","Não se Aplica","NAO SE APLICA","SISRP","Objeto: Contratação de Serviço de Mecanização e Transporte.",17/3/2016,"Evento de Resultado de Julgamento Publicado","Existe Resultado de Compra","17 Mar 2016","Não Subrogou Compra","60.782,1000"
26000,"MINISTERIO DA EDUCACAO",26421,"INST.FED.DE EDUC.,CIENC.E TEC. DE RONDONIA",158341,"INST.FED.DE RONDONIA/CAMPUS COLORADO DO OESTE","RO","COLORADO DO OESTE","23243000163201619","Pregão","15834105000062016","Não se Aplica","NAO SE APLICA","SISRP","Objeto: Pregão Eletrônico -  Aquisição de Produtos de Limpeza e Higienização",8/3/2016,"Evento de Resultado de Julgamento Publicado","Existe Resultado de Compra","18 Mar 2016","Não Subrogou Compra","455.993,5150"
26000,"MINISTERIO DA EDUCACAO",26421,"INST.FED.DE EDUC.,CIENC.E TEC. DE RONDONIA",158341,"INST.FED.DE RONDONIA/CAMPUS COLORADO DO OESTE","RO","COLORADO DO OESTE","23243000452201618","Pregão","15834105000072016","Não se Aplica","NAO SE APLICA","SISRP","Objeto: Pregão Eletrônico -  Aquisição de Combustíveis",11/3/2016,"Evento de Resultado de Julgamento Publicado","Existe Resultado de Compra","11 Mar 2016","Não Subrogou Compra","130.140,0000"
26000,"MINISTERIO DA EDUCACAO",26421,"INST.FED.DE EDUC.,CIENC.E TEC. DE RONDONIA",158341,"INST.FED.DE RONDONIA/CAMPUS COLORADO DO OESTE","RO","COLORADO DO OESTE","23243000356201661","Pregão","15834105000092016","Não se Aplica","NAO SE APLICA","SISRP","Objeto: Pregão Eletrônico -  Aquisição de Placas de Material Gráfico para Divulgação",10/3/2016,"Evento de Resultado de Julgamento Publicado","Existe Resultado de Compra","16 Mar 2016","Não Subrogou Compra","137.096,0900"
26000,"MINISTERIO DA EDUCACAO",26421,"INST.FED.DE EDUC.,CIENC.E TEC. DE RONDONIA",158341,"INST.FED.DE RONDONIA/CAMPUS COLORADO DO OESTE","RO","COLORADO DO OESTE","23243000668201675","Pregão","15834105000102016","Não se Aplica","NAO SE APLICA","SISRP","Objeto: Pregão Eletrônico -  Aquisição de Ração e Concentrado",17/3/2016,"Evento de Resultado de Julgamento Publicado","Existe Resultado de Compra","23 Mar 2016","Não Subrogou Compra","552.318,8300"
26000,"MINISTERIO DA EDUCACAO",26421,"INST.FED.DE EDUC.,CIENC.E TEC. DE RONDONIA",158341,"INST.FED.DE RONDONIA/CAMPUS COLORADO DO OESTE","RO","COLORADO DO OESTE","23243000560201682","Pregão","15834105000112016","Não se Aplica","NAO SE APLICA","SISRP","Objeto: Pregão Eletrônico -  Aquisição de material para manutenção e adequação predial com emprego de serviço de instalação.",13/5/2016,"Evento de Resultado de Julgamento Publicado","Existe Resultado de Compra","31 Mai 2016","Não Subrogou Compra","182.964,7500"
26000,"MINISTERIO DA EDUCACAO",26421,"INST.FED.DE EDUC.,CIENC.E TEC. DE RONDONIA",158341,"INST.FED.DE RONDONIA/CAMPUS COLORADO DO OESTE","RO","COLORADO DO OESTE","23243000224201630","Pregão","15834105000132016","Não se Aplica","NAO SE APLICA","SISRP","Objeto: Pregão Eletrônico -  Aquisição de material de construção",5/5/2016,"Evento de Resultado de Julgamento Publicado","Existe Resultado de Compra","01 Jun 2016","Não Subrogou Compra","763.535,4450"
26000,"MINISTERIO DA EDUCACAO",26421,"INST.FED.DE EDUC.,CIENC.E TEC. DE RONDONIA",158341,"INST.FED.DE RONDONIA/CAMPUS COLORADO DO OESTE","RO","COLORADO DO OESTE","23243001768201619","Pregão","15834105000152016","Não se Aplica","NAO SE APLICA","SISRP","Objeto: Pregão Eletrônico -  Aquisição de toners, tintas e suprimentos para impressora",9/5/2016,"Evento de Resultado de Julgamento Publicado","Existe Resultado de Compra","17 Mai 2016","Não Subrogou Compra","83.423,9500"
26000,"MINISTERIO DA EDUCACAO",26421,"INST.FED.DE EDUC.,CIENC.E TEC. DE RONDONIA",158341,"INST.FED.DE RONDONIA/CAMPUS COLORADO DO OESTE","RO","COLORADO DO OESTE","23243002145201663","Pregão","15834105000162016","Não se Aplica","NAO SE APLICA","SISRP","Objeto: Pregão Eletrônico -  Aquisição de rações, ferramentas e insumos agricolas",31/5/2016,"Evento de Resultado de Julgamento Publicado","Existe Resultado de Compra","02 Jun 2016","Não Subrogou Compra","282.458,2200"
26000,"MINISTERIO DA EDUCACAO",26421,"INST.FED.DE EDUC.,CIENC.E TEC. DE RONDONIA",158341,"INST.FED.DE RONDONIA/CAMPUS COLORADO DO OESTE","RO","COLORADO DO OESTE","23243002137201455","Pregão","15834105000172016","Não se Aplica","NAO SE APLICA","SISRP","Objeto: Pregão Eletrônico -  Contratação de Manutenção em Equipamentos de Cozinha e Central de Gás.",17/5/2016,"Evento de Resultado de Julgamento Publicado","Existe Resultado de Compra","24 Mai 2016","Não Subrogou Compra","65.946,0000"
26000,"MINISTERIO DA EDUCACAO",26421,"INST.FED.DE EDUC.,CIENC.E TEC. DE RONDONIA",158341,"INST.FED.DE RONDONIA/CAMPUS COLORADO DO OESTE","RO","COLORADO DO OESTE","23243002631201681","Pregão","15834105000202016","Não se Aplica","NAO SE APLICA","SISRP","Objeto: Pregão Eletrônico -  Aquisição de Gases, Sêmem e Nitrogênio Líquido.",13/7/2016,"Evento de Resultado de Julgamento Publicado","Existe Resultado de Compra","14 Jul 2016","Não Subrogou Compra","94.021,4000"
26000,"MINISTERIO DA EDUCACAO",26421,"INST.FED.DE EDUC.,CIENC.E TEC. DE RONDONIA",158341,"INST.FED.DE RONDONIA/CAMPUS COLORADO DO OESTE","RO","COLORADO DO OESTE","23243002588201654","Pregão","15834105000222016","Não se Aplica","NAO SE APLICA","SISRP","Objeto: Pregão Eletrônico -  Aquisição de Reagentes e Vidrarias para Laboratórios.",6/7/2016,"Evento de Resultado de Julgamento Publicado","Existe Resultado de Compra","29 Jul 2016","Não Subrogou Compra","457.383,6400"
26000,"MINISTERIO DA EDUCACAO",26421,"INST.FED.DE EDUC.,CIENC.E TEC. DE RONDONIA",158341,"INST.FED.DE RONDONIA/CAMPUS COLORADO DO OESTE","RO","COLORADO DO OESTE","23243003823201613","Pregão","15834105000242016","Não se Aplica","NAO SE APLICA","SISRP","Objeto: Pregão Eletrônico -  Aquisição de Gêneros Alimentícios.",6/7/2016,"Evento de Resultado de Julgamento Publicado","Existe Resultado de Compra","11 Jul 2016","Não Subrogou Compra","807.970,9500"
26000,"MINISTERIO DA EDUCACAO",26421,"INST.FED.DE EDUC.,CIENC.E TEC. DE RONDONIA",158341,"INST.FED.DE RONDONIA/CAMPUS COLORADO DO OESTE","RO","COLORADO DO OESTE","23243003361201626","Pregão","15834105000252016","Não se Aplica","NAO SE APLICA","SISRP","Objeto: Pregão Eletrônico -  Aquisição de livros",5/8/2016,"Evento de Resultado de Julgamento Publicado","Existe Resultado de Compra","12 Ago 2016","Não Subrogou Compra","129.317,5000"
26000,"MINISTERIO DA EDUCACAO",26421,"INST.FED.DE EDUC.,CIENC.E TEC. DE RONDONIA",158341,"INST.FED.DE RONDONIA/CAMPUS COLORADO DO OESTE","RO","COLORADO DO OESTE","23243004019201643","Pregão","15834105000262016","Não se Aplica","NAO SE APLICA","SISRP","Objeto: Pregão Eletrônico -  Aquisição de Produtos e materiais para Irrigação",29/7/2016,"Evento de Resultado de Julgamento Publicado","Existe Resultado de Compra","17 Ago 2016","Não Subrogou Compra","100.251,8000"
26000,"MINISTERIO DA EDUCACAO",26421,"INST.FED.DE EDUC.,CIENC.E TEC. DE RONDONIA",158341,"INST.FED.DE RONDONIA/CAMPUS COLORADO DO OESTE","RO","COLORADO DO OESTE","23243003333201617","Pregão","15834105000282016","Não se Aplica","NAO SE APLICA","SISRP","Objeto: Pregão Eletrônico -  Aquisição de Acondicionamento, Embalagem, Copa e Cozinha.",4/8/2016,"Evento de Resultado de Julgamento Publicado","Existe Resultado de Compra","12 Ago 2016","Não Subrogou Compra","46.127,4600"
26000,"MINISTERIO DA EDUCACAO",26421,"INST.FED.DE EDUC.,CIENC.E TEC. DE RONDONIA",158341,"INST.FED.DE RONDONIA/CAMPUS COLORADO DO OESTE","RO","COLORADO DO OESTE","23243004383201611","Pregão","15834105000302016","Não se Aplica","NAO SE APLICA","SISRP","Objeto: Pregão Eletrônico -  Aquisição de equipamentos permanentes para atender a demanda do Departamento de Integração Ensino, Pesquisa e Extensão do IFRO",23/8/2016,"Evento de Resultado de Julgamento Publicado","Existe Resultado de Compra","24 Ago 2016","Não Subrogou Compra","149.704,7700"
26000,"MINISTERIO DA EDUCACAO",26421,"INST.FED.DE EDUC.,CIENC.E TEC. DE RONDONIA",158341,"INST.FED.DE RONDONIA/CAMPUS COLORADO DO OESTE","RO","COLORADO DO OESTE","23243004798201687","Pregão","15834105000322016","Não se Aplica","NAO SE APLICA","SISRP","Objeto: Pregão Eletrônico -  Aquisição de Reagentes e Vidrarias para Laboratórios.",13/9/2016,"Evento de Resultado de Julgamento Publicado","Existe Resultado de Compra","03 Out 2016","Não Subrogou Compra","90.835,8000"
26000,"MINISTERIO DA EDUCACAO",26421,"INST.FED.DE EDUC.,CIENC.E TEC. DE RONDONIA",158341,"INST.FED.DE RONDONIA/CAMPUS COLORADO DO OESTE","RO","COLORADO DO OESTE","23243004717201649","Pregão","15834105000332016","Não se Aplica","NAO SE APLICA","SISRP","Objeto: Pregão Eletrônico -  Aquisição de Sementes e Mudas.",19/9/2016,"Evento de Resultado de Julgamento Publicado","Existe Resultado de Compra","05 Out 2016","Não Subrogou Compra","120.517,5400"
26000,"MINISTERIO DA EDUCACAO",26421,"INST.FED.DE EDUC.,CIENC.E TEC. DE RONDONIA",158341,"INST.FED.DE RONDONIA/CAMPUS COLORADO DO OESTE","RO","COLORADO DO OESTE","23243004928201681","Pregão","15834105000342016","Não se Aplica","NAO SE APLICA","SISRP","Objeto: Pregão Eletrônico -  Aquisição gas GLP, gas Refrigerante, agua mineral.carvão",9/9/2016,"Evento de Resultado de Julgamento Publicado","Existe Resultado de Compra","12 Set 2016","Não Subrogou Compra","86.452,9800"
26000,"MINISTERIO DA EDUCACAO",26421,"INST.FED.DE EDUC.,CIENC.E TEC. DE RONDONIA",158341,"INST.FED.DE RONDONIA/CAMPUS COLORADO DO OESTE","RO","COLORADO DO OESTE","23243005095201676","Pregão","15834105000352016","Não se Aplica","NAO SE APLICA","SISRP","Objeto: Pregão Eletrônico -  Aquisção de materiais de Construção, ferramentas e de equipamentos de proteção indiviual EPI",29/9/2016,"Evento de Resultado de Julgamento Publicado","Existe Resultado de Compra","06 Out 2016","Não Subrogou Compra","55.934,2300"
26000,"MINISTERIO DA EDUCACAO",26421,"INST.FED.DE EDUC.,CIENC.E TEC. DE RONDONIA",158341,"INST.FED.DE RONDONIA/CAMPUS COLORADO DO OESTE","RO","COLORADO DO OESTE","23243005506201623","Pregão","15834105000372016","Não se Aplica","NAO SE APLICA","SISRP","Objeto: Pregão Eletrônico -  Aquisição futura de medicamentos e instrumentos veterinários",19/10/2016,"Evento de Resultado de Julgamento Publicado","Existe Resultado de Compra","25 Out 2016","Não Subrogou Compra","107.481,9000"
26000,"MINISTERIO DA EDUCACAO",26421,"INST.FED.DE EDUC.,CIENC.E TEC. DE RONDONIA",158341,"INST.FED.DE RONDONIA/CAMPUS COLORADO DO OESTE","RO","COLORADO DO OESTE","23243005507201678","Pregão","15834105000382016","Não se Aplica","NAO SE APLICA","SISRP","Objeto: Pregão Eletrônico -  Aquisição de Adubos, Fertilizantes e Defensivos Agrícolas.",8/11/2016,"Evento de Resultado de Julgamento Publicado","Existe Resultado de Compra","11 Nov 2016","Não Subrogou Compra","290.029,5800"
26000,"MINISTERIO DA EDUCACAO",26421,"INST.FED.DE EDUC.,CIENC.E TEC. DE RONDONIA",158341,"INST.FED.DE RONDONIA/CAMPUS COLORADO DO OESTE","RO","COLORADO DO OESTE","23243006348201629","Pregão","15834105000392016","Não se Aplica","NAO SE APLICA","SISRP","Objeto: Pregão Eletrônico -  Aquisição de Ferramentas e Materiais Agropecuarios",6/12/2016,"Evento de Resultado de Julgamento Publicado","Existe Resultado de Compra","26 Dez 2016","Não Subrogou Compra","446.782,6299"
26000,"MINISTERIO DA EDUCACAO",26421,"INST.FED.DE EDUC.,CIENC.E TEC. DE RONDONIA",158341,"INST.FED.DE RONDONIA/CAMPUS COLORADO DO OESTE","RO","COLORADO DO OESTE","23243006441201633","Pregão","15834105000402016","Não se Aplica","NAO SE APLICA","SISRP","Objeto: Pregão Eletrônico -  Aquisição de Gêneros Alimentícios",9/12/2016,"Evento de Resultado de Julgamento Publicado","Existe Resultado de Compra","26 Dez 2016","Não Subrogou Compra","2.868.144,4600"
26000,"MINISTERIO DA EDUCACAO",26421,"INST.FED.DE EDUC.,CIENC.E TEC. DE RONDONIA",158341,"INST.FED.DE RONDONIA/CAMPUS COLORADO DO OESTE","RO","COLORADO DO OESTE","23243000011201616","Dispensa de Licitação","15834106000012016","Não se Aplica","INCISO II","SISPP","Objeto: Substituição de calhas de zinco do Centro de Convenções.",31/12/1899,"Encerrado","Existe Resultado de Compra","01 Jan 1900","Não Subrogou Compra","7.500,0000"
26000,"MINISTERIO DA EDUCACAO",26421,"INST.FED.DE EDUC.,CIENC.E TEC. DE RONDONIA",158341,"INST.FED.DE RONDONIA/CAMPUS COLORADO DO OESTE","RO","COLORADO DO OESTE","23243000347201671","Dispensa de Licitação","15834106000022016","Não se Aplica","INCISO II","SISPP","Objeto: Aquisição e instalação de forro de gesso e molduras.",31/12/1899,"Encerrado","Existe Resultado de Compra","01 Jan 1900","Não Subrogou Compra","5.894,6600"
26000,"MINISTERIO DA EDUCACAO",26421,"INST.FED.DE EDUC.,CIENC.E TEC. DE RONDONIA",158341,"INST.FED.DE RONDONIA/CAMPUS COLORADO DO OESTE","RO","COLORADO DO OESTE","23243000667201621","Dispensa de Licitação","15834106000032016","Não se Aplica","INCISO II","SISPP","Objeto: Aquisição com instalação de películas auto adesivas arquitetônicas.",31/12/1899,"Encerrado","Existe Resultado de Compra","01 Jan 1900","Não Subrogou Compra","7.750,0000"
26000,"MINISTERIO DA EDUCACAO",26421,"INST.FED.DE EDUC.,CIENC.E TEC. DE RONDONIA",158341,"INST.FED.DE RONDONIA/CAMPUS COLORADO DO OESTE","RO","COLORADO DO OESTE","23243000674201622","Dispensa de Licitação","15834106000042016","Não se Aplica","INCISO II","SISPP","Objeto: Aquisição de Pães",31/12/1899,"Encerrado","Existe Resultado de Compra","01 Jan 1900","Não Subrogou Compra","5.961,0000"
26000,"MINISTERIO DA EDUCACAO",26421,"INST.FED.DE EDUC.,CIENC.E TEC. DE RONDONIA",158341,"INST.FED.DE RONDONIA/CAMPUS COLORADO DO OESTE","RO","COLORADO DO OESTE","23243000676201611","Dispensa de Licitação","15834106000052016","Não se Aplica","INCISO II","SISPP","Objeto: Reforma de Cadeiras e acentos da sala de TV",31/12/1899,"Encerrado","Existe Resultado de Compra","01 Jan 1900","Não Subrogou Compra","4.620,0000"
26000,"MINISTERIO DA EDUCACAO",26421,"INST.FED.DE EDUC.,CIENC.E TEC. DE RONDONIA",158341,"INST.FED.DE RONDONIA/CAMPUS COLORADO DO OESTE","RO","COLORADO DO OESTE","23243000723201627","Dispensa de Licitação","15834106000062016","Não se Aplica","INCISO II","SISPP","Objeto: Contratação de Serviços de Coleta de Resíduos Químicos.",31/12/1899,"Encerrado","Existe Resultado de Compra","01 Jan 1900","Não Subrogou Compra","7.975,0000"
26000,"MINISTERIO DA EDUCACAO",26421,"INST.FED.DE EDUC.,CIENC.E TEC. DE RONDONIA",158341,"INST.FED.DE RONDONIA/CAMPUS COLORADO DO OESTE","RO","COLORADO DO OESTE","23243000964201676","Dispensa de Licitação","15834106000072016","Não se Aplica","INCISO II","SISPP","Objeto: Aquisição de vidro canelado",31/12/1899,"Encerrado","Existe Resultado de Compra","01 Jan 1900","Não Subrogou Compra","2.090,0000"
26000,"MINISTERIO DA EDUCACAO",26421,"INST.FED.DE EDUC.,CIENC.E TEC. DE RONDONIA",158341,"INST.FED.DE RONDONIA/CAMPUS COLORADO DO OESTE","RO","COLORADO DO OESTE","23243001245201672","Dispensa de Licitação","15834106000082016","Não se Aplica","INCISO II","SISPP","Objeto: Contratação de Serviços Metalurgicos",31/12/1899,"Encerrado","Existe Resultado de Compra","01 Jan 1900","Não Subrogou Compra","6.200,0000"
26000,"MINISTERIO DA EDUCACAO",26421,"INST.FED.DE EDUC.,CIENC.E TEC. DE RONDONIA",158341,"INST.FED.DE RONDONIA/CAMPUS COLORADO DO OESTE","RO","COLORADO DO OESTE","23243001273201690","Dispensa de Licitação","15834106000092016","Não se Aplica","INCISO II","SISPP","Objeto: Aquisição de Copos Descartaveis",31/12/1899,"Encerrado","Existe Resultado de Compra","01 Jan 1900","Não Subrogou Compra","5.550,0000"
26000,"MINISTERIO DA EDUCACAO",26421,"INST.FED.DE EDUC.,CIENC.E TEC. DE RONDONIA",158341,"INST.FED.DE RONDONIA/CAMPUS COLORADO DO OESTE","RO","COLORADO DO OESTE","23243001383201651","Dispensa de Licitação","15834106000102016","Não se Aplica","INCISO II","SISPP","Objeto: Aquisição de bolas de futsal e de espiribol",31/12/1899,"Encerrado","Existe Resultado de Compra","01 Jan 1900","Não Subrogou Compra","5.577,5000"
26000,"MINISTERIO DA EDUCACAO",26421,"INST.FED.DE EDUC.,CIENC.E TEC. DE RONDONIA",158341,"INST.FED.DE RONDONIA/CAMPUS COLORADO DO OESTE","RO","COLORADO DO OESTE","23243001647201677","Dispensa de Licitação","15834106000112016","Não se Aplica","INCISO II","SISPP","Objeto: Serviço de montagem de Instalação de Sistems de Distribuição de Grãos",31/12/1899,"Encerrado","Existe Resultado de Compra","01 Jan 1900","Não Subrogou Compra","5.000,0000"
26000,"MINISTERIO DA EDUCACAO",26421,"INST.FED.DE EDUC.,CIENC.E TEC. DE RONDONIA",158341,"INST.FED.DE RONDONIA/CAMPUS COLORADO DO OESTE","RO","COLORADO DO OESTE","23243001685201620","Dispensa de Licitação","15834106000122016","Não se Aplica","INCISO II","SISPP","Objeto: Serviço de Manutenção corretiva de Rede interna de Telefones",31/12/1899,"Encerrado","Existe Resultado de Compra","01 Jan 1900","Não Subrogou Compra","3.000,0000"
26000,"MINISTERIO DA EDUCACAO",26421,"INST.FED.DE EDUC.,CIENC.E TEC. DE RONDONIA",158341,"INST.FED.DE RONDONIA/CAMPUS COLORADO DO OESTE","RO","COLORADO DO OESTE","23243001383201651","Dispensa de Licitação","15834106000132016","Não se Aplica","INCISO II","SISPP","Objeto: Aquisição de Bolas de Futsal e de Espiribol",31/12/1899,"Encerrado","Existe Resultado de Compra","01 Jan 1900","Não Subrogou Compra","7.462,8000"
26000,"MINISTERIO DA EDUCACAO",26421,"INST.FED.DE EDUC.,CIENC.E TEC. DE RONDONIA",158341,"INST.FED.DE RONDONIA/CAMPUS COLORADO DO OESTE","RO","COLORADO DO OESTE","23243001891201630","Dispensa de Licitação","15834106000142016","Não se Aplica","INCISO II","SISPP","Objeto: Aquisição e instalação de divisórias de mármores para sanitarios",31/12/1899,"Encerrado","Existe Resultado de Compra","01 Jan 1900","Não Subrogou Compra","7.131,2900"
26000,"MINISTERIO DA EDUCACAO",26421,"INST.FED.DE EDUC.,CIENC.E TEC. DE RONDONIA",158341,"INST.FED.DE RONDONIA/CAMPUS COLORADO DO OESTE","RO","COLORADO DO OESTE","23243002069201696","Dispensa de Licitação","15834106000152016","Não se Aplica","INCISO II","SISPP","Objeto: Inscrição em Curso de Capacitação",31/12/1899,"Encerrado","Existe Resultado de Compra","01 Jan 1900","Não Subrogou Compra","1.050,0000"
26000,"MINISTERIO DA EDUCACAO",26421,"INST.FED.DE EDUC.,CIENC.E TEC. DE RONDONIA",158341,"INST.FED.DE RONDONIA/CAMPUS COLORADO DO OESTE","RO","COLORADO DO OESTE","23243002070201611","Dispensa de Licitação","15834106000162016","Não se Aplica","INCISO II","SISPP","Objeto: Inscrição em Curso de Capacitação Curso de Gestão e Fiscalização de Contratos",31/12/1899,"Encerrado","Existe Resultado de Compra","01 Jan 1900","Não Subrogou Compra","490,0000"
26000,"MINISTERIO DA EDUCACAO",26421,"INST.FED.DE EDUC.,CIENC.E TEC. DE RONDONIA",158341,"INST.FED.DE RONDONIA/CAMPUS COLORADO DO OESTE","RO","COLORADO DO OESTE","23243002244201645","Dispensa de Licitação","15834106000172016","Não se Aplica","INCISO II","SISPP","Objeto: Inscrição para participação na 30º JOPEF Brasil.",31/12/1899,"Encerrado","Existe Resultado de Compra","01 Jan 1900","Não Subrogou Compra","390,0000"
26000,"MINISTERIO DA EDUCACAO",26421,"INST.FED.DE EDUC.,CIENC.E TEC. DE RONDONIA",158341,"INST.FED.DE RONDONIA/CAMPUS COLORADO DO OESTE","RO","COLORADO DO OESTE","23243002325201645","Dispensa de Licitação","15834106000182016","Não se Aplica","INCISO II","SISPP","Objeto: Inscrição de Servidor no 13º Curso de Micropropagação de Plantas pela Embrapa",31/12/1899,"Encerrado","Existe Resultado de Compra","01 Jan 1900","Não Subrogou Compra","600,0000"
26000,"MINISTERIO DA EDUCACAO",26421,"INST.FED.DE EDUC.,CIENC.E TEC. DE RONDONIA",158341,"INST.FED.DE RONDONIA/CAMPUS COLORADO DO OESTE","RO","COLORADO DO OESTE","23243002379201619","Dispensa de Licitação","15834106000192016","Não se Aplica","INCISO II","SISPP","Objeto: Aquisição de Livro e Contratação de Licença de anuarios",31/12/1899,"Encerrado","Existe Resultado de Compra","01 Jan 1900","Não Subrogou Compra","4.238,0000"
26000,"MINISTERIO DA EDUCACAO",26421,"INST.FED.DE EDUC.,CIENC.E TEC. DE RONDONIA",158341,"INST.FED.DE RONDONIA/CAMPUS COLORADO DO OESTE","RO","COLORADO DO OESTE","23243002761201614","Dispensa de Licitação","15834106000202016","Não se Aplica","INCISO II","SISPP","Objeto: Aquisição de materiais para desenvolvimento das atividades do projeto de produção de chocolate a base de cacau e cupuaçu.",31/12/1899,"Encerrado","Existe Resultado de Compra","01 Jan 1900","Não Subrogou Compra","967,1800"
26000,"MINISTERIO DA EDUCACAO",26421,"INST.FED.DE EDUC.,CIENC.E TEC. DE RONDONIA",158341,"INST.FED.DE RONDONIA/CAMPUS COLORADO DO OESTE","RO","COLORADO DO OESTE","23243002766201647","Dispensa de Licitação","15834106000212016","Não se Aplica","INCISO II","SISPP","Objeto: Aquisição de TNT, EVA e Tinta Guache.",31/12/1899,"Encerrado","Existe Resultado de Compra","01 Jan 1900","Não Subrogou Compra","3.643,1000"
26000,"MINISTERIO DA EDUCACAO",26421,"INST.FED.DE EDUC.,CIENC.E TEC. DE RONDONIA",158341,"INST.FED.DE RONDONIA/CAMPUS COLORADO DO OESTE","RO","COLORADO DO OESTE","23243003004","Dispensa de Licitação","15834106000232016","Não se Aplica","INCISO II","SISPP","Objeto: Revisão veículo Amarok.",31/12/1899,"Encerrado","Existe Resultado de Compra","01 Jan 1900","Não Subrogou Compra","2.434,5700"
26000,"MINISTERIO DA EDUCACAO",26421,"INST.FED.DE EDUC.,CIENC.E TEC. DE RONDONIA",158341,"INST.FED.DE RONDONIA/CAMPUS COLORADO DO OESTE","RO","COLORADO DO OESTE","23243002789201651","Dispensa de Licitação","15834106000222016","Não se Aplica","INCISO II","SISPP","Objeto: Serviços de manutenção de Central Telefônica.",31/12/1899,"Encerrado","Existe Resultado de Compra","01 Jan 1900","Não Subrogou Compra","4.200,0000"
26000,"MINISTERIO DA EDUCACAO",26421,"INST.FED.DE EDUC.,CIENC.E TEC. DE RONDONIA",158341,"INST.FED.DE RONDONIA/CAMPUS COLORADO DO OESTE","RO","COLORADO DO OESTE","23243003981201665","Dispensa de Licitação","15834106000242016","Não se Aplica","INCISO II","SISPP","Objeto: Aquisição de Óleo Comestível origem Vegetal - Soja",31/12/1899,"Encerrado","Existe Resultado de Compra","01 Jan 1900","Não Subrogou Compra","2.106,5000"
26000,"MINISTERIO DA EDUCACAO",26421,"INST.FED.DE EDUC.,CIENC.E TEC. DE RONDONIA",158341,"INST.FED.DE RONDONIA/CAMPUS COLORADO DO OESTE","RO","COLORADO DO OESTE","23243003261201608","Inexigibilidade de Licitação","15834107000012016","Não se Aplica","INCISO I","SISPP","Objeto: Contratação de serviços de telefonia fixa",31/12/1899,"Publicado","Existe Resultado de Compra","01 Jan 1900","Não Subrogou Compra","27.673,1200"
26000,"MINISTERIO DA EDUCACAO",26421,"INST.FED.DE EDUC.,CIENC.E TEC. DE RONDONIA",158341,"INST.FED.DE RONDONIA/CAMPUS COLORADO DO OESTE","RO","COLORADO DO OESTE","23243004288201618","Dispensa de Licitação","15834106000252016","Não se Aplica","INCISO II","SISPP","Objeto: Curso de Capacitação Cleide Aparecida da Silva.",31/12/1899,"Encerrado","Existe Resultado de Compra","01 Jan 1900","Não Subrogou Compra","400,0000"
26000,"MINISTERIO DA EDUCACAO",26421,"INST.FED.DE EDUC.,CIENC.E TEC. DE RONDONIA",158341,"INST.FED.DE RONDONIA/CAMPUS COLORADO DO OESTE","RO","COLORADO DO OESTE","23243004391201650","Dispensa de Licitação","15834106000262016","Não se Aplica","INCISO II","SISPP","Objeto: Contratação de Manutenção Corretiva de Motores Elétricos.",31/12/1899,"Encerrado","Existe Resultado de Compra","01 Jan 1900","Não Subrogou Compra","7.693,0000"
26000,"MINISTERIO DA EDUCACAO",26421,"INST.FED.DE EDUC.,CIENC.E TEC. DE RONDONIA",158341,"INST.FED.DE RONDONIA/CAMPUS COLORADO DO OESTE","RO","COLORADO DO OESTE","23243004290201689","Dispensa de Licitação","15834106000272016","Não se Aplica","INCISO II","SISPP","Objeto: Inscrição em Curso de Capacitação""Curso de Manejo Avançado em Criação de Abelhas""",31/12/1899,"Encerrado","Existe Resultado de Compra","01 Jan 1900","Não Subrogou Compra","360,0000"
26000,"MINISTERIO DA EDUCACAO",26421,"INST.FED.DE EDUC.,CIENC.E TEC. DE RONDONIA",158341,"INST.FED.DE RONDONIA/CAMPUS COLORADO DO OESTE","RO","COLORADO DO OESTE","23243004560201651","Dispensa de Licitação","15834106000282016","Não se Aplica","INCISO II","SISPP","Objeto: Inscrição em curso de capacitação.",31/12/1899,"Encerrado","Existe Resultado de Compra","01 Jan 1900","Não Subrogou Compra","1.720,0000"
26000,"MINISTERIO DA EDUCACAO",26421,"INST.FED.DE EDUC.,CIENC.E TEC. DE RONDONIA",158341,"INST.FED.DE RONDONIA/CAMPUS COLORADO DO OESTE","RO","COLORADO DO OESTE","23243004287201665","Dispensa de Licitação","15834106000292016","Não se Aplica","INCISO II","SISPP","Objeto: Inscrição no 13º Curso de Atualização em Avicultura de Postura Comercial - FUNEP.",31/12/1899,"Encerrado","Existe Resultado de Compra","01 Jan 1900","Não Subrogou Compra","220,0000"
26000,"MINISTERIO DA EDUCACAO",26421,"INST.FED.DE EDUC.,CIENC.E TEC. DE RONDONIA",158341,"INST.FED.DE RONDONIA/CAMPUS COLORADO DO OESTE","RO","COLORADO DO OESTE","23243004804201604","Dispensa de Licitação","15834106000302016","Não se Aplica","INCISO II","SISPP","Objeto: Aquisição de Capas de Processo e de Fichas para Biblioteca para atender as demandas do IFRO - Câmpus Colorado do Oeste.",31/12/1899,"Encerrado","Existe Resultado de Compra","01 Jan 1900","Não Subrogou Compra","7.590,0000"
26000,"MINISTERIO DA EDUCACAO",26421,"INST.FED.DE EDUC.,CIENC.E TEC. DE RONDONIA",158341,"INST.FED.DE RONDONIA/CAMPUS COLORADO DO OESTE","RO","COLORADO DO OESTE","23243003261201608","Inexigibilidade de Licitação","15834107000022016","Não se Aplica","CAPUT","SISPP","Objeto: Contratação de Serviço de Telefonia Fixa.",31/12/1899,"Publicado","Existe Resultado de Compra","01 Jan 1900","Não Subrogou Compra","27.673,1200"
26000,"MINISTERIO DA EDUCACAO",26421,"INST.FED.DE EDUC.,CIENC.E TEC. DE RONDONIA",158341,"INST.FED.DE RONDONIA/CAMPUS COLORADO DO OESTE","RO","COLORADO DO OESTE","23243004805201641","Dispensa de Licitação","15834106000312016","Não se Aplica","INCISO I","SISPP","Objeto: Construção e Instalação de estrutura pré-moldada para barracão.",31/12/1899,"Encerrado","Existe Resultado de Compra","01 Jan 1900","Não Subrogou Compra","10.920,0000"
26000,"MINISTERIO DA EDUCACAO",26421,"INST.FED.DE EDUC.,CIENC.E TEC. DE RONDONIA",158341,"INST.FED.DE RONDONIA/CAMPUS COLORADO DO OESTE","RO","COLORADO DO OESTE","23243004968201623","Dispensa de Licitação","15834106000322016","Não se Aplica","INCISO II","SISPP","Objeto: Peças e Serviços para Manutenção Preventiva Amarok",31/12/1899,"Encerrado","Existe Resultado de Compra","01 Jan 1900","Não Subrogou Compra","1.983,3100"
26000,"MINISTERIO DA EDUCACAO",26421,"INST.FED.DE EDUC.,CIENC.E TEC. DE RONDONIA",158341,"INST.FED.DE RONDONIA/CAMPUS COLORADO DO OESTE","RO","COLORADO DO OESTE","23243004968201623","Dispensa de Licitação","15834106000332016","Não se Aplica","INCISO II","SISPP","Objeto: Peças e serviços para manutenção Preventiva Amarok",31/12/1899,"Encerrado","Existe Resultado de Compra","01 Jan 1900","Não Subrogou Compra","1.983,3100"
26000,"MINISTERIO DA EDUCACAO",26421,"INST.FED.DE EDUC.,CIENC.E TEC. DE RONDONIA",158341,"INST.FED.DE RONDONIA/CAMPUS COLORADO DO OESTE","RO","COLORADO DO OESTE","23243005479201699","Dispensa de Licitação","15834106000342016","Não se Aplica","INCISO II","SISPP","Objeto: Inscrição em Curso de Capacitação",31/12/1899,"Encerrado","Existe Resultado de Compra","01 Jan 1900","Não Subrogou Compra","800,0000"
26000,"MINISTERIO DA EDUCACAO",26421,"INST.FED.DE EDUC.,CIENC.E TEC. DE RONDONIA",158341,"INST.FED.DE RONDONIA/CAMPUS COLORADO DO OESTE","RO","COLORADO DO OESTE","23243005649201635","Dispensa de Licitação","15834106000352016","Não se Aplica","INCISO II","SISPP","Objeto: Exames de Brucelose e Tuberculose dos animais que serão leiloados.",31/12/1899,"Encerrado","Existe Resultado de Compra","01 Jan 1900","Não Subrogou Compra","2.856,0000"
26000,"MINISTERIO DA EDUCACAO",26421,"INST.FED.DE EDUC.,CIENC.E TEC. DE RONDONIA",158341,"INST.FED.DE RONDONIA/CAMPUS COLORADO DO OESTE","RO","COLORADO DO OESTE","23243005649201635","Dispensa de Licitação","15834106000362016","Não se Aplica","INCISO II","SISPP","Objeto: Exames de Brucelose e Tuberculose em animais a serem leiloados.",31/12/1899,"Encerrado","Existe Resultado de Compra","01 Jan 1900","Não Subrogou Compra","2.856,0000"
26000,"MINISTERIO DA EDUCACAO",26421,"INST.FED.DE EDUC.,CIENC.E TEC. DE RONDONIA",158341,"INST.FED.DE RONDONIA/CAMPUS COLORADO DO OESTE","RO","COLORADO DO OESTE","23243006059201620","Dispensa de Licitação","15834106000372016","Não se Aplica","INCISO II","SISPP","Objeto: Inscrição em Curso de Capacitação",31/12/1899,"Encerrado","Existe Resultado de Compra","01 Jan 1900","Não Subrogou Compra","800,0000"
26000,"MINISTERIO DA EDUCACAO",26421,"INST.FED.DE EDUC.,CIENC.E TEC. DE RONDONIA",158341,"INST.FED.DE RONDONIA/CAMPUS COLORADO DO OESTE","RO","COLORADO DO OESTE","23243006058201685","Dispensa de Licitação","15834106000382016","Não se Aplica","INCISO II","SISPP","Objeto: Inscrição na XIII Semana de Administração Orçamentaria, Financeira e de Contartaçõse Públicas",31/12/1899,"Encerrado","Existe Resultado de Compra","01 Jan 1900","Não Subrogou Compra","800,0000"
26000,"MINISTERIO DA EDUCACAO",26421,"INST.FED.DE EDUC.,CIENC.E TEC. DE RONDONIA",158341,"INST.FED.DE RONDONIA/CAMPUS COLORADO DO OESTE","RO","COLORADO DO OESTE","23243006058201685","Dispensa de Licitação","15834106000392016","Não se Aplica","INCISO II","SISPP","Objeto: Inscrição na XIII Semana de Administração orçamentaria, Financeira e de Contartações Públicas",31/12/1899,"Encerrado","Existe Resultado de Compra","01 Jan 1900","Não Subrogou Compra","800,0000"
26000,"MINISTERIO DA EDUCACAO",26421,"INST.FED.DE EDUC.,CIENC.E TEC. DE RONDONIA",158341,"INST.FED.DE RONDONIA/CAMPUS COLORADO DO OESTE","RO","COLORADO DO OESTE","23243006059201620","Dispensa de Licitação","15834106000402016","Não se Aplica","INCISO II","SISPP","Objeto: Inscrição na XIII Semana de Administração Orçamentaria, Financeira e de Contartações Públicas",31/12/1899,"Encerrado","Existe Resultado de Compra","01 Jan 1900","Não Subrogou Compra","800,0000"
26000,"MINISTERIO DA EDUCACAO",26421,"INST.FED.DE EDUC.,CIENC.E TEC. DE RONDONIA",158341,"INST.FED.DE RONDONIA/CAMPUS COLORADO DO OESTE","RO","COLORADO DO OESTE","23243006328201658","Dispensa de Licitação","15834106000412016","Não se Aplica","INCISO II","SISPP","Objeto: Inscrição em curso de Capacitação",31/12/1899,"Encerrado","Existe Resultado de Compra","01 Jan 1900","Não Subrogou Compra","830,0000"
26000,"MINISTERIO DA EDUCACAO",26421,"INST.FED.DE EDUC.,CIENC.E TEC. DE RONDONIA",158341,"INST.FED.DE RONDONIA/CAMPUS COLORADO DO OESTE","RO","COLORADO DO OESTE","23243006355201621","Dispensa de Licitação","15834106000422016","Não se Aplica","INCISO II","SISPP","Objeto: Inscrição em Curso de Capacitação",31/12/1899,"Encerrado","Existe Resultado de Compra","01 Jan 1900","Não Subrogou Compra","2.340,0000"
26000,"MINISTERIO DA EDUCACAO",26421,"INST.FED.DE EDUC.,CIENC.E TEC. DE RONDONIA",158341,"INST.FED.DE RONDONIA/CAMPUS COLORADO DO OESTE","RO","COLORADO DO OESTE","23243006526201611","Dispensa de Licitação","15834106000432016","Não se Aplica","INCISO II","SISPP","Objeto: Inscrição em Curso de Capacitação Curso Pos Graduação Lato Senso, Especialização em Gestão de Agronegocios e Legislação Ambiental- Modalidade Ad",31/12/1899,"Encerrado","Existe Resultado de Compra","01 Jan 1900","Não Subrogou Compra","1.870,0000"
26000,"MINISTERIO DA EDUCACAO",26421,"INST.FED.DE EDUC.,CIENC.E TEC. DE RONDONIA",158341,"INST.FED.DE RONDONIA/CAMPUS COLORADO DO OESTE","RO","COLORADO DO OESTE","23243006690201629","Dispensa de Licitação","15834106000442016","Não se Aplica","INCISO II","SISPP","Objeto: Aquisição de Materiais de Expediente para Coordenação de Tecnologia da Informação.",31/12/1899,"Encerrado","Existe Resultado de Compra","01 Jan 1900","Não Subrogou Compra","7.981,5000"
26000,"MINISTERIO DA EDUCACAO",26421,"INST.FED.DE EDUC.,CIENC.E TEC. DE RONDONIA",158341,"INST.FED.DE RONDONIA/CAMPUS COLORADO DO OESTE","RO","COLORADO DO OESTE","23243006806201620","Dispensa de Licitação","15834106000452016","Não se Aplica","INCISO II","SISPP","Objeto: Aquisição de Sementes de Milho",31/12/1899,"Encerrado","Existe Resultado de Compra","01 Jan 1900","Não Subrogou Compra","1.445,8400"
26000,"MINISTERIO DA EDUCACAO",26421,"INST.FED.DE EDUC.,CIENC.E TEC. DE RONDONIA",158341,"INST.FED.DE RONDONIA/CAMPUS COLORADO DO OESTE","RO","COLORADO DO OESTE","23243006805201685","Dispensa de Licitação","15834106000462016","Não se Aplica","INCISO II","SISPP","Objeto: Aquisição de material de construção",31/12/1899,"Encerrado","Existe Resultado de Compra","01 Jan 1900","Não Subrogou Compra","6.569,7500"
26000,"MINISTERIO DA EDUCACAO",26421,"INST.FED.DE EDUC.,CIENC.E TEC. DE RONDONIA",158341,"INST.FED.DE RONDONIA/CAMPUS COLORADO DO OESTE","RO","COLORADO DO OESTE","23243006819201607","Dispensa de Licitação","15834106000472016","Não se Aplica","INCISO II","SISPP","Objeto: Serviço de Desdroba de Madeira",31/12/1899,"Encerrado","Existe Resultado de Compra","01 Jan 1900","Não Subrogou Compra","3.420,0000"
26000,"MINISTERIO DA EDUCACAO",26421,"INST.FED.DE EDUC.,CIENC.E TEC. DE RONDONIA",158341,"INST.FED.DE RONDONIA/CAMPUS COLORADO DO OESTE","RO","COLORADO DO OESTE","23243006687201613","Dispensa de Licitação","15834106000482016","Não se Aplica","INCISO II","SISPP","Objeto: Contratação de Serviço de Limpeza de Fossas Séptica",31/12/1899,"Encerrado","Existe Resultado de Compra","01 Jan 1900","Não Subrogou Compra","850,0000"
26000,"MINISTERIO DA EDUCACAO",26421,"INST.FED.DE EDUC.,CIENC.E TEC. DE RONDONIA",158341,"INST.FED.DE RONDONIA/CAMPUS COLORADO DO OESTE","RO","COLORADO DO OESTE","23243006689201602","Dispensa de Licitação","15834106000492016","Não se Aplica","INCISO II","SISPP","Objeto: Aquisição de Material de Limpeza itens remanescentes de fornecedor Impedido de  Licitar",31/12/1899,"Encerrado","Existe Resultado de Compra","01 Jan 1900","Não Subrogou Compra","4.602,0500"
26000,"MINISTERIO DA EDUCACAO",26421,"INST.FED.DE EDUC.,CIENC.E TEC. DE RONDONIA",158341,"INST.FED.DE RONDONIA/CAMPUS COLORADO DO OESTE","RO","COLORADO DO OESTE","23243006902201678","Dispensa de Licitação","15834106000502016","Não se Aplica","INCISO II","SISPP","Objeto: Aquisição de semen de Touros",31/12/1899,"Encerrado","Existe Resultado de Compra","01 Jan 1900","Não Subrogou Compra","7.980,0000"
26000,"MINISTERIO DA EDUCACAO",26421,"INST.FED.DE EDUC.,CIENC.E TEC. DE RONDONIA",158341,"INST.FED.DE RONDONIA/CAMPUS COLORADO DO OESTE","RO","COLORADO DO OESTE","23243006901201623","Dispensa de Licitação","15834106000512016","Não se Aplica","INCISO II","SISPP","Objeto: Aquisição de pães",31/12/1899,"Encerrado","Existe Resultado de Compra","01 Jan 1900","Não Subrogou Compra","4.735,0000"
26000,"MINISTERIO DA EDUCACAO",26421,"INST.FED.DE EDUC.,CIENC.E TEC. DE RONDONIA",158341,"INST.FED.DE RONDONIA/CAMPUS COLORADO DO OESTE","RO","COLORADO DO OESTE","23243006129201640","Dispensa de Licitação","15834106000522016","Não se Aplica","INCISO II","SISPP","Objeto: Inscrição em Curso de Capacitação",31/12/1899,"Encerrado","Existe Resultado de Compra","01 Jan 1900","Não Subrogou Compra","200,0000"
26000,"MINISTERIO DA EDUCACAO",26421,"INST.FED.DE EDUC.,CIENC.E TEC. DE RONDONIA",158341,"INST.FED.DE RONDONIA/CAMPUS COLORADO DO OESTE","RO","COLORADO DO OESTE","23243006991201652","Dispensa de Licitação","15834106000532016","Não se Aplica","INCISO I","SISPP","Objeto: Elaboração de Projeto de Subestação de Energia eletrica",31/12/1899,"Encerrado","Existe Resultado de Compra","01 Jan 1900","Não Subrogou Compra","3.750,0000"
26000,"MINISTERIO DA EDUCACAO",26421,"INST.FED.DE EDUC.,CIENC.E TEC. DE RONDONIA",158341,"INST.FED.DE RONDONIA/CAMPUS COLORADO DO OESTE","RO","COLORADO DO OESTE","23243007082201631","Dispensa de Licitação","15834106000542016","Não se Aplica","INCISO II","SISPP","Objeto: Aquisição de Materiais elétricos, hidraulico e tintas",31/12/1899,"Encerrado","Existe Resultado de Compra","01 Jan 1900","Não Subrogou Compra","4.235,0000"
26000,"MINISTERIO DA EDUCACAO",26421,"INST.FED.DE EDUC.,CIENC.E TEC. DE RONDONIA",158341,"INST.FED.DE RONDONIA/CAMPUS COLORADO DO OESTE","RO","COLORADO DO OESTE","23243007624201676","Dispensa de Licitação","15834106000552016","Não se Aplica","INCISO II","SISPP","Objeto: Revisão de Garantia de Quilometragem Amarok (70.000 km).",31/12/1899,"Encerrado","Existe Resultado de Compra","01 Jan 1900","Não Subrogou Compra","1.910,1200"
26000,"MINISTERIO DA EDUCACAO",26421,"INST.FED.DE EDUC.,CIENC.E TEC. DE RONDONIA",158341,"INST.FED.DE RONDONIA/CAMPUS COLORADO DO OESTE","RO","COLORADO DO OESTE","23243007721201669","Dispensa de Licitação","15834106000562016","Não se Aplica","INCISO II","SISPP","Objeto: Aquisição de Rádios Transmissores e Acessórios",31/12/1899,"Encerrado","Existe Resultado de Compra","01 Jan 1900","Não Subrogou Compra","7.976,3000"
26000,"MINISTERIO DA EDUCACAO",26421,"INST.FED.DE EDUC.,CIENC.E TEC. DE RONDONIA",158341,"INST.FED.DE RONDONIA/CAMPUS COLORADO DO OESTE","RO","COLORADO DO OESTE","23243007722201611","Dispensa de Licitação","15834106000572016","Não se Aplica","INCISO II","SISPP","Objeto: Renovação da Licença do Software Urânia.",31/12/1899,"Encerrado","Existe Resultado de Compra","01 Jan 1900","Não Subrogou Compra","1.260,0000"
26000,"MINISTERIO DA EDUCACAO",26421,"INST.FED.DE EDUC.,CIENC.E TEC. DE RONDONIA",158341,"INST.FED.DE RONDONIA/CAMPUS COLORADO DO OESTE","RO","COLORADO DO OESTE","232430077222016-1","Dispensa de Licitação","15834106000582016","Não se Aplica","INCISO II","SISPP","Objeto: Renovação da Licença do Software Urânia.",31/12/1899,"Encerrado","Existe Resultado de Compra","01 Jan 1900","Não Subrogou Compra","1.260,0000"
26000,"MINISTERIO DA EDUCACAO",26421,"INST.FED.DE EDUC.,CIENC.E TEC. DE RONDONIA",158342,"INST.FED.DE RONDONIA/CAMPUS VILHENA/RO","RO","VILHENA","23243000666201686","Pregão","15834205000032016","Não se Aplica","NAO SE APLICA","SISPP","Objeto: Pregão Eletrônico -  Contratação de empresa especializada para prestação continuada de serviços de limpeza",19/4/2016,"Evento de Resultado de Julgamento Publicado","Existe Resultado de Compra","27 Jun 2016","Subrogou Compra","1.247.125,3200"
26000,"MINISTERIO DA EDUCACAO",26421,"INST.FED.DE EDUC.,CIENC.E TEC. DE RONDONIA",158342,"INST.FED.DE RONDONIA/CAMPUS VILHENA/RO","RO","VILHENA","23243002507201616","Pregão","15834205000092016","Não se Aplica","NAO SE APLICA","SISPP","Objeto: Pregão Eletrônico -  Contratação de empresa especializada para prestação continuada de serviços de copeiragem, jardinagem, manutenção de edificações, piscinas e motorista, que compreenderá o fornecimento de mão de obra e material de consumo e o emprego de equipamentos necessários e adequados à execução dos serviços, sob regime de execução indireta, pelo período de 12 (doze) meses",22/7/2016,"Evento de Resultado de Julgamento Publicado","Existe Resultado de Compra","23 Ago 2016","Não Subrogou Compra","469.735,0800"
26000,"MINISTERIO DA EDUCACAO",26421,"INST.FED.DE EDUC.,CIENC.E TEC. DE RONDONIA",158342,"INST.FED.DE RONDONIA/CAMPUS VILHENA/RO","RO","VILHENA","23243006344201641","Pregão","15834205000112016","Não se Aplica","NAO SE APLICA","SISPP","Objeto: Pregão Eletrônico -  Contratação de empresa especializada em serviços de decoração",16/12/2016,"Evento de Resultado de Julgamento Publicado","Existe Resultado de Compra","27 Dez 2016","Não Subrogou Compra","7.630,0000"
26000,"MINISTERIO DA EDUCACAO",26421,"INST.FED.DE EDUC.,CIENC.E TEC. DE RONDONIA",158342,"INST.FED.DE RONDONIA/CAMPUS VILHENA/RO","RO","VILHENA","23243001265201643","Pregão","15834205000012016","Não se Aplica","NAO SE APLICA","SISRP","Objeto: Pregão Eletrônico -  Contratação de empresa especializada para  prestação continuada de serviço de tradudor  e intérprete de libras",11/4/2016,"Publicado","Existe Resultado de Compra","01 Jun 2016","Não Subrogou Compra","686.034,7900"
26000,"MINISTERIO DA EDUCACAO",26421,"INST.FED.DE EDUC.,CIENC.E TEC. DE RONDONIA",158342,"INST.FED.DE RONDONIA/CAMPUS VILHENA/RO","RO","VILHENA","23243002620201600","Pregão","15834205000042016","Não se Aplica","NAO SE APLICA","SISRP","Objeto: Pregão Eletrônico -  Aquisição Conjunta de Material de Expediente para atender a Demanda da Reitoria e Campi do Instituto Federal de Rondônia.",1/7/2016,"Evento de Resultado de Julgamento Publicado","Existe Resultado de Compra","21 Jul 2016","Não Subrogou Compra","521.168,6255"
26000,"MINISTERIO DA EDUCACAO",26421,"INST.FED.DE EDUC.,CIENC.E TEC. DE RONDONIA",158342,"INST.FED.DE RONDONIA/CAMPUS VILHENA/RO","RO","VILHENA","23243002800201683","Pregão","15834205000052016","Não se Aplica","NAO SE APLICA","SISRP","Objeto: Pregão Eletrônico -  Aquisição futura de compressor de ar e outros materiais para o laboratório de usinagem",27/6/2016,"Evento de Resultado de Julgamento Publicado","Existe Resultado de Compra","06 Jul 2016","Não Subrogou Compra","16.620,1000"
26000,"MINISTERIO DA EDUCACAO",26421,"INST.FED.DE EDUC.,CIENC.E TEC. DE RONDONIA",158342,"INST.FED.DE RONDONIA/CAMPUS VILHENA/RO","RO","VILHENA","23243002857201682","Pregão","15834205000062016","Não se Aplica","NAO SE APLICA","SISRP","Objeto: Pregão Eletrônico -  Aquisição futura de impressoras",29/6/2016,"Evento de Resultado de Julgamento Publicado","Existe Resultado de Compra","15 Jul 2016","Não Subrogou Compra","97.420,0000"
26000,"MINISTERIO DA EDUCACAO",26421,"INST.FED.DE EDUC.,CIENC.E TEC. DE RONDONIA",158342,"INST.FED.DE RONDONIA/CAMPUS VILHENA/RO","RO","VILHENA","23243004154201699","Pregão","15834205000082016","Não se Aplica","NAO SE APLICA","SISRP","Objeto: Pregão Eletrônico -  Aquisição futura de materiais copa e cozinha.",15/8/2016,"Evento de Resultado de Julgamento Publicado","Existe Resultado de Compra","29 Ago 2016","Não Subrogou Compra","148.898,7600"
26000,"MINISTERIO DA EDUCACAO",26421,"INST.FED.DE EDUC.,CIENC.E TEC. DE RONDONIA",158342,"INST.FED.DE RONDONIA/CAMPUS VILHENA/RO","RO","VILHENA","23243005906201639","Pregão","15834205000102016","Não se Aplica","NAO SE APLICA","SISRP","Objeto: Pregão Eletrônico -  Aquisição Futura de materiais para manutenção de piscina.",24/11/2016,"Evento de Resultado de Julgamento Publicado","Existe Resultado de Compra","25 Nov 2016","Não Subrogou Compra","29.589,3200"
26000,"MINISTERIO DA EDUCACAO",26421,"INST.FED.DE EDUC.,CIENC.E TEC. DE RONDONIA",158342,"INST.FED.DE RONDONIA/CAMPUS VILHENA/RO","RO","VILHENA","23243000325201619","Inexigibilidade de Licitação","15834207000012016","Não se Aplica","CAPUT","SISPP","Objeto: Contratação de empresa especializada em serviços de publicação de matérias de caráter oficial no Diário Oficial da União ? DOU, para atender a demanda do IFRO-Campus Vilhena.",31/12/1899,"Publicado","Existe Resultado de Compra","01 Jan 1900","Não Subrogou Compra","25.814,5000"
26000,"MINISTERIO DA EDUCACAO",26421,"INST.FED.DE EDUC.,CIENC.E TEC. DE RONDONIA",158342,"INST.FED.DE RONDONIA/CAMPUS VILHENA/RO","RO","VILHENA","23243000699201626","Dispensa de Licitação","15834206000012016","Não se Aplica","INCISO II","SISPP","Objeto: Contratação de empresa especializada para prestação de serviços de chaveiro, para atender às necessidades do IFRO ? Campus Vilhena.",31/12/1899,"Encerrado","Existe Resultado de Compra","01 Jan 1900","Não Subrogou Compra","149,5000"
26000,"MINISTERIO DA EDUCACAO",26421,"INST.FED.DE EDUC.,CIENC.E TEC. DE RONDONIA",158342,"INST.FED.DE RONDONIA/CAMPUS VILHENA/RO","RO","VILHENA","23243000817201604","Dispensa de Licitação","15834206000022016","Não se Aplica","INCISO XXII","SISPP","Objeto: Contratação de empresa especializada no fornecimento de energia elétrica para o IFRO-Campus Vilhena.",31/12/1899,"Publicado","Existe Resultado de Compra","01 Jan 1900","Não Subrogou Compra","192.000,0000"
26000,"MINISTERIO DA EDUCACAO",26421,"INST.FED.DE EDUC.,CIENC.E TEC. DE RONDONIA",158342,"INST.FED.DE RONDONIA/CAMPUS VILHENA/RO","RO","VILHENA","23243002040201612","Dispensa de Licitação","15834206000032016","Não se Aplica","INCISO II","SISPP","Objeto: Gás liquefeito de petróleo - GLP (gás de cozinha), acondicionado em cilindro P-45.",31/12/1899,"Encerrado","Existe Resultado de Compra","01 Jan 1900","Não Subrogou Compra","744,0000"
26000,"MINISTERIO DA EDUCACAO",26421,"INST.FED.DE EDUC.,CIENC.E TEC. DE RONDONIA",158342,"INST.FED.DE RONDONIA/CAMPUS VILHENA/RO","RO","VILHENA","23243004301201540","Dispensa de Licitação","15834206000042016","Não se Aplica","INCISO II","SISPP","Objeto: Contratação de serviço de cerimonial com a finalidade de realizar a solenidade de colação de grau das turmas concluintes dos cursos técnicos 2015.",31/12/1899,"Encerrado","Existe Resultado de Compra","01 Jan 1900","Não Subrogou Compra","3.450,0000"
26000,"MINISTERIO DA EDUCACAO",26421,"INST.FED.DE EDUC.,CIENC.E TEC. DE RONDONIA",158342,"INST.FED.DE RONDONIA/CAMPUS VILHENA/RO","RO","VILHENA","23243002330201658","Inexigibilidade de Licitação","15834207000022016","Não se Aplica","INCISO II","SISPP","Objeto: Inscrição do servidor Michel Osmar Costa Paiva em curso de capacitação.",31/12/1899,"Encerrado","Existe Resultado de Compra","01 Jan 1900","Não Subrogou Compra","1.190,0000"
26000,"MINISTERIO DA EDUCACAO",26421,"INST.FED.DE EDUC.,CIENC.E TEC. DE RONDONIA",158342,"INST.FED.DE RONDONIA/CAMPUS VILHENA/RO","RO","VILHENA","23243002338201614","Inexigibilidade de Licitação","15834207000032016","Não se Aplica","INCISO II","SISPP","Objeto: Pagamento  de inscrição do servidor Roberto Simplício Guimarães no evento ""Layout de placas de circuito impresso PCB - com CAD Eagle"".",31/12/1899,"Encerrado","Existe Resultado de Compra","01 Jan 1900","Não Subrogou Compra","1.950,0000"
26000,"MINISTERIO DA EDUCACAO",26421,"INST.FED.DE EDUC.,CIENC.E TEC. DE RONDONIA",158342,"INST.FED.DE RONDONIA/CAMPUS VILHENA/RO","RO","VILHENA","23243002393201612","Inexigibilidade de Licitação","15834207000042016","Não se Aplica","INCISO II","SISPP","Objeto: Pagamento de inscrição dos servidores Hélio Souza de Oliveira e Aparecido Portela da Silva no curso ""SIAFI Operacional, atualizado com o PCASP"".",31/12/1899,"Encerrado","Existe Resultado de Compra","01 Jan 1900","Não Subrogou Compra","661,5600"
26000,"MINISTERIO DA EDUCACAO",26421,"INST.FED.DE EDUC.,CIENC.E TEC. DE RONDONIA",158342,"INST.FED.DE RONDONIA/CAMPUS VILHENA/RO","RO","VILHENA","23243002392201660","Inexigibilidade de Licitação","15834207000052016","Não se Aplica","INCISO II","SISPP","Objeto: Pagamento de inscrição do servidor Wesley Jhonnes Ramos Rolim no curso ""Segurança de Redes e Sistemas"".",31/12/1899,"Encerrado","Existe Resultado de Compra","01 Jan 1900","Não Subrogou Compra","1.536,0000"
26000,"MINISTERIO DA EDUCACAO",26421,"INST.FED.DE EDUC.,CIENC.E TEC. DE RONDONIA",158342,"INST.FED.DE RONDONIA/CAMPUS VILHENA/RO","RO","VILHENA","23243002416201681","Inexigibilidade de Licitação","15834207000062016","Não se Aplica","INCISO II","SISPP","Objeto: Pagamento de inscrição do servidor Ezequiel Ferreira Barbosa no evento 20º COLE - Congresso de Leitura.",31/12/1899,"Encerrado","Existe Resultado de Compra","01 Jan 1900","Não Subrogou Compra","310,0000"
26000,"MINISTERIO DA EDUCACAO",26421,"INST.FED.DE EDUC.,CIENC.E TEC. DE RONDONIA",158342,"INST.FED.DE RONDONIA/CAMPUS VILHENA/RO","RO","VILHENA","23243002484201640","Inexigibilidade de Licitação","15834207000072016","Não se Aplica","INCISO II","SISPP","Objeto: Pagamento de inscrição do servidor Douglas Legramante no curso ""Autodesk Revit Mep"".",31/12/1899,"Encerrado","Existe Resultado de Compra","01 Jan 1900","Não Subrogou Compra","3.300,0000"
26000,"MINISTERIO DA EDUCACAO",26421,"INST.FED.DE EDUC.,CIENC.E TEC. DE RONDONIA",158342,"INST.FED.DE RONDONIA/CAMPUS VILHENA/RO","RO","VILHENA","23243002485201694","Inexigibilidade de Licitação","15834207000082016","Não se Aplica","INCISO II","SISPP","Objeto: Pagamento de inscrição das servidoras Aline C. Elhke e Christiane Barbosa no evento ""100º Curso Sobre Controle e Registro Acadêmico de Instituições de Ensino Superior"".",31/12/1899,"Encerrado","Existe Resultado de Compra","01 Jan 1900","Não Subrogou Compra","6.820,0000"
26000,"MINISTERIO DA EDUCACAO",26421,"INST.FED.DE EDUC.,CIENC.E TEC. DE RONDONIA",158342,"INST.FED.DE RONDONIA/CAMPUS VILHENA/RO","RO","VILHENA","23243002500201602","Inexigibilidade de Licitação","15834207000092016","Não se Aplica","INCISO II","SISPP","Objeto: Pagamento de inscrição do servidor Ezedequias Dias de Souza no curso ""Secretária Executiva e Assessores Públicos"".",31/12/1899,"Encerrado","Existe Resultado de Compra","01 Jan 1900","Não Subrogou Compra","2.490,0000"
26000,"MINISTERIO DA EDUCACAO",26421,"INST.FED.DE EDUC.,CIENC.E TEC. DE RONDONIA",158342,"INST.FED.DE RONDONIA/CAMPUS VILHENA/RO","RO","VILHENA","23243002582201687","Dispensa de Licitação","15834206000052016","Não se Aplica","INCISO IV","SISPP","Objeto: Contratação emergencial de empresa especializada serviços de limpeza, asseio e conservação, que compreenderá o fornecimento de mão de obra, todo o material de consumo e equipamentos necessários e adequados à execução dos serviços, em regime de empreitada por preço unitário, sob regime de execução indireta, pelo período de 3 (três) meses.",31/12/1899,"Publicado","Existe Resultado de Compra","01 Jan 1900","Não Subrogou Compra","128.459,7000"
26000,"MINISTERIO DA EDUCACAO",26421,"INST.FED.DE EDUC.,CIENC.E TEC. DE RONDONIA",158342,"INST.FED.DE RONDONIA/CAMPUS VILHENA/RO","RO","VILHENA","23243001868201645","Dispensa de Licitação","15834206000062016","Não se Aplica","INCISO II","SISPP","Objeto: Contratação de empresa especializada para fornecimento de placas, para atender às necessidades do IFRO ? Campus Vilhena.",31/12/1899,"Encerrado","Existe Resultado de Compra","01 Jan 1900","Não Subrogou Compra","3.100,0000"
26000,"MINISTERIO DA EDUCACAO",26421,"INST.FED.DE EDUC.,CIENC.E TEC. DE RONDONIA",158342,"INST.FED.DE RONDONIA/CAMPUS VILHENA/RO","RO","VILHENA","23243002614201644","Inexigibilidade de Licitação","15834207000102016","Não se Aplica","INCISO II","SISPP","Objeto: Pagamento de inscrição do servidor Clayton Ferraz Andrade no evento ""Desenvolvimento Web com PHP com MySQL"".",31/12/1899,"Encerrado","Existe Resultado de Compra","01 Jan 1900","Não Subrogou Compra","2.474,8000"
26000,"MINISTERIO DA EDUCACAO",26421,"INST.FED.DE EDUC.,CIENC.E TEC. DE RONDONIA",158342,"INST.FED.DE RONDONIA/CAMPUS VILHENA/RO","RO","VILHENA","23243003082201662","Inexigibilidade de Licitação","15834207000112016","Não se Aplica","INCISO I","SISPP","Objeto: Aquisição de testes psicológicos para atender as demandas de avaliação psicológica para diagnóstico de dificuldades de aprendizagem e socialização, entre outros.",31/12/1899,"Encerrado","Existe Resultado de Compra","01 Jan 1900","Não Subrogou Compra","5.795,0000"
26000,"MINISTERIO DA EDUCACAO",26421,"INST.FED.DE EDUC.,CIENC.E TEC. DE RONDONIA",158342,"INST.FED.DE RONDONIA/CAMPUS VILHENA/RO","RO","VILHENA","23243004012201621","Inexigibilidade de Licitação","15834207000122016","Não se Aplica","INCISO II","SISPP","Objeto: Pagamento de inscrição da servidora Naianne Machado Cavalcanti no evento ""V Congresso Brasileiro de Medicina de Emergência Adulto e Pediátrico"".",31/12/1899,"Encerrado","Existe Resultado de Compra","01 Jan 1900","Não Subrogou Compra","350,0000"
26000,"MINISTERIO DA EDUCACAO",26421,"INST.FED.DE EDUC.,CIENC.E TEC. DE RONDONIA",158342,"INST.FED.DE RONDONIA/CAMPUS VILHENA/RO","RO","VILHENA","23243003637201676","Inexigibilidade de Licitação","15834207000132016","Não se Aplica","INCISO II","SISPP","Objeto: Pagamento de inscrição da servidora Silvia Lopes de Oliveira no evento ""Curso de Capacitação e Formação de Pregoeiros Comprasnet"".",31/12/1899,"Encerrado","Existe Resultado de Compra","01 Jan 1900","Não Subrogou Compra","1.350,0000"
26000,"MINISTERIO DA EDUCACAO",26421,"INST.FED.DE EDUC.,CIENC.E TEC. DE RONDONIA",158342,"INST.FED.DE RONDONIA/CAMPUS VILHENA/RO","RO","VILHENA","23243004270201616","Inexigibilidade de Licitação","15834207000142016","Não se Aplica","INCISO II","SISPP","Objeto: Pagamento de inscrição do servidor Paulo César Macedo no evento ""Curso de Automação Hidráulica"".",31/12/1899,"Encerrado","Existe Resultado de Compra","01 Jan 1900","Não Subrogou Compra","595,0000"
26000,"MINISTERIO DA EDUCACAO",26421,"INST.FED.DE EDUC.,CIENC.E TEC. DE RONDONIA",158342,"INST.FED.DE RONDONIA/CAMPUS VILHENA/RO","RO","VILHENA","23243004795201643","Inexigibilidade de Licitação","15834207000152016","Não se Aplica","INCISO I","SISPP","Objeto: Contratação de assinatura anual para acesso aos serviços do Sistema Banco de Preços, ferramenta para pesquisa e comparação de preços praticados pela administração pública para subsidiar orçamento estimativo das contratações.",31/12/1899,"Encerrado","Existe Resultado de Compra","01 Jan 1900","Não Subrogou Compra","7.990,0000"
26000,"MINISTERIO DA EDUCACAO",26421,"INST.FED.DE EDUC.,CIENC.E TEC. DE RONDONIA",158342,"INST.FED.DE RONDONIA/CAMPUS VILHENA/RO","RO","VILHENA","23243004831201679","Dispensa de Licitação","15834206000072016","Não se Aplica","INCISO II","SISPP","Objeto: Aquisição de material ambulatorial.",31/12/1899,"Encerrado","Existe Resultado de Compra","01 Jan 1900","Não Subrogou Compra","2.524,3100"
26000,"MINISTERIO DA EDUCACAO",26421,"INST.FED.DE EDUC.,CIENC.E TEC. DE RONDONIA",158342,"INST.FED.DE RONDONIA/CAMPUS VILHENA/RO","RO","VILHENA","23243006367201655","Inexigibilidade de Licitação","15834207000162016","Não se Aplica","INCISO I","SISPP","Objeto: Pagamento de renovação de licença de uso de software (Urânia).",31/12/1899,"Encerrado","Existe Resultado de Compra","01 Jan 1900","Não Subrogou Compra","948,0000"
26000,"MINISTERIO DA EDUCACAO",26421,"INST.FED.DE EDUC.,CIENC.E TEC. DE RONDONIA",158342,"INST.FED.DE RONDONIA/CAMPUS VILHENA/RO","RO","VILHENA","23243006566201663","Dispensa de Licitação","15834206000082016","Não se Aplica","INCISO II","SISPP","Objeto: Contratação de empresa especializada para fornecimento de porta de vidro temperado, para atender às necessidades do IFRO   Campus Vilhena.",31/12/1899,"Encerrado","Existe Resultado de Compra","01 Jan 1900","Não Subrogou Compra","500,0000"
26000,"MINISTERIO DA EDUCACAO",26421,"INST.FED.DE EDUC.,CIENC.E TEC. DE RONDONIA",158342,"INST.FED.DE RONDONIA/CAMPUS VILHENA/RO","RO","VILHENA","23243006496201643","Inexigibilidade de Licitação","15834207000172016","Não se Aplica","INCISO I","SISPP","Objeto: Pagamento de inscrição de alunos para participação no evento ""II Semana de Engenharia Civil"" da Faculdade UNESC.",31/12/1899,"Encerrado","Existe Resultado de Compra","01 Jan 1900","Não Subrogou Compra","2.700,0000"
26000,"MINISTERIO DA EDUCACAO",26421,"INST.FED.DE EDUC.,CIENC.E TEC. DE RONDONIA",158342,"INST.FED.DE RONDONIA/CAMPUS VILHENA/RO","RO","VILHENA","23243006667201634","Inexigibilidade de Licitação","15834207000182016","Não se Aplica","INCISO II","SISPP","Objeto: Contratação de treinamento técnico em roteadores Mikrotik.",31/12/1899,"Encerrado","Existe Resultado de Compra","01 Jan 1900","Não Subrogou Compra","5.000,0000"
26000,"MINISTERIO DA EDUCACAO",26421,"INST.FED.DE EDUC.,CIENC.E TEC. DE RONDONIA",158342,"INST.FED.DE RONDONIA/CAMPUS VILHENA/RO","RO","VILHENA","23243006677201670","Inexigibilidade de Licitação","15834207000192016","Não se Aplica","INCISO II","SISPP","Objeto: Pagamento de inscrição do servidor Bruno Rover Dal Pra no curso ""Java Desenvolvimento Web"".",31/12/1899,"Encerrado","Existe Resultado de Compra","01 Jan 1900","Não Subrogou Compra","2.191,2000"
26000,"MINISTERIO DA EDUCACAO",26421,"INST.FED.DE EDUC.,CIENC.E TEC. DE RONDONIA",158342,"INST.FED.DE RONDONIA/CAMPUS VILHENA/RO","RO","VILHENA","23243006767201661","Inexigibilidade de Licitação","15834207000202016","Não se Aplica","INCISO II","SISPP","Objeto: Pagamento de inscrição do servidor Ezedequias Dias de Souza no curso ""Secretariado Executivo e Assessoria"".",31/12/1899,"Encerrado","Existe Resultado de Compra","01 Jan 1900","Não Subrogou Compra","2.290,0000"
26000,"MINISTERIO DA EDUCACAO",26421,"INST.FED.DE EDUC.,CIENC.E TEC. DE RONDONIA",158342,"INST.FED.DE RONDONIA/CAMPUS VILHENA/RO","RO","VILHENA","23243006908201645","Inexigibilidade de Licitação","15834207000212016","Não se Aplica","INCISO II","SISPP","Objeto: Pagamento de curso de capacitação na área de acessibilidade e inclusão para atender a demanda do Núcleo de Atendimento às Pessoas com Necessidades Especiais - NAPNE.",31/12/1899,"Encerrado","Existe Resultado de Compra","01 Jan 1900","Não Subrogou Compra","7.900,0000"
26000,"MINISTERIO DA EDUCACAO",26421,"INST.FED.DE EDUC.,CIENC.E TEC. DE RONDONIA",158343,"INST.FED.DE RONDONIA/CAMPUS ARIQUEMES/RO","RO","ARIQUEMES","23243002703201518","Pregão","15834305000082015","Não se Aplica","NAO SE APLICA","SISPP","Objeto: Pregão Eletrônico -  Aquisição de carroceria para caminhonete hillux simples NECI 2311, visando atender ao Departamento de Produção ? DEPROD do Campus Ariquemes do Instituto Federal de Rondônia - IFRO",29/7/2015,"Publicado","Existe Resultado de Compra","17 Mar 2016","Não Subrogou Compra","0,0000"
26000,"MINISTERIO DA EDUCACAO",26421,"INST.FED.DE EDUC.,CIENC.E TEC. DE RONDONIA",158343,"INST.FED.DE RONDONIA/CAMPUS ARIQUEMES/RO","RO","ARIQUEMES","23243005072201581","Pregão","15834305000022016","Não se Aplica","NAO SE APLICA","SISRP","Objeto: Pregão Eletrônico -  Aquisição Bens Permanentes para o Departamento de Pesquisa, Inovação e Pós-graduação do Instituto Federal de Educação, Ciência e Tecnologia de Rondônia.",2/3/2016,"Publicado","Existe Resultado de Compra","04 Mar 2016","Não Subrogou Compra","189.083,1400"
26000,"MINISTERIO DA EDUCACAO",26421,"INST.FED.DE EDUC.,CIENC.E TEC. DE RONDONIA",158343,"INST.FED.DE RONDONIA/CAMPUS ARIQUEMES/RO","RO","ARIQUEMES","23243005495201509","Pregão","15834305000032016","Não se Aplica","NAO SE APLICA","SISRP","Objeto: Pregão Eletrônico -  Aquisição de Equipamentos de Aquicultura e outros materiais para atender ao Núcleo de Pesquisa Aplicada em Pesca e Aquicultura   NUPA, do Instituto Federal de Educação, Ciência e Tecnologia de Rondônia.",7/3/2016,"Publicado","Existe Resultado de Compra","09 Mar 2016","Não Subrogou Compra","178.874,0000"
26000,"MINISTERIO DA EDUCACAO",26421,"INST.FED.DE EDUC.,CIENC.E TEC. DE RONDONIA",158343,"INST.FED.DE RONDONIA/CAMPUS ARIQUEMES/RO","RO","ARIQUEMES","23243005492201567","Pregão","15834305000042016","Não se Aplica","NAO SE APLICA","SISRP","Objeto: Pregão Eletrônico -  Aquisição de Materiais de Construção, para atender a demanda do Instituto Federal de Educação, Ciência  e  Tecnologia de Rondônia.",10/3/2016,"Publicado","Existe Resultado de Compra","17 Mar 2016","Não Subrogou Compra","130.221,1000"
26000,"MINISTERIO DA EDUCACAO",26421,"INST.FED.DE EDUC.,CIENC.E TEC. DE RONDONIA",158343,"INST.FED.DE RONDONIA/CAMPUS ARIQUEMES/RO","RO","ARIQUEMES","23243005073201525","Pregão","15834305000052016","Não se Aplica","NAO SE APLICA","SISRP","Objeto: Pregão Eletrônico -  Aquisição de materiais hidráulicos.",4/4/2016,"Publicado","Existe Resultado de Compra","25 Abr 2016","Não Subrogou Compra","515.542,0740"
26000,"MINISTERIO DA EDUCACAO",26421,"INST.FED.DE EDUC.,CIENC.E TEC. DE RONDONIA",158343,"INST.FED.DE RONDONIA/CAMPUS ARIQUEMES/RO","RO","ARIQUEMES","23243000473201625","Pregão","15834305000062016","Não se Aplica","NAO SE APLICA","SISRP","Objeto: Pregão Eletrônico -  Aquisição conjunta de animais.",11/4/2016,"Publicado","Existe Resultado de Compra","13 Abr 2016","Não Subrogou Compra","348.576,5300"
26000,"MINISTERIO DA EDUCACAO",26421,"INST.FED.DE EDUC.,CIENC.E TEC. DE RONDONIA",158343,"INST.FED.DE RONDONIA/CAMPUS ARIQUEMES/RO","RO","ARIQUEMES","23243001751201661","Pregão","15834305000082016","Não se Aplica","NAO SE APLICA","SISRP","Objeto: Pregão Eletrônico -  Contratação continuada de Serviço de apoio administrativo (motorista) e manutenção (piscineiro).",3/6/2016,"Publicado","Existe Resultado de Compra","13 Jun 2016","Não Subrogou Compra","487.644,0000"
26000,"MINISTERIO DA EDUCACAO",26421,"INST.FED.DE EDUC.,CIENC.E TEC. DE RONDONIA",158343,"INST.FED.DE RONDONIA/CAMPUS ARIQUEMES/RO","RO","ARIQUEMES","23243002498201663","Pregão","15834305000092016","Não se Aplica","NAO SE APLICA","SISRP","Objeto: Pregão Eletrônico -  Formalização de Processos para contratação de Serviços de Dedetização.",29/6/2016,"Evento de Alteração Publicado","Existe Resultado de Compra","01 Jul 2016","Não Subrogou Compra","144.677,2260"
26000,"MINISTERIO DA EDUCACAO",26421,"INST.FED.DE EDUC.,CIENC.E TEC. DE RONDONIA",158343,"INST.FED.DE RONDONIA/CAMPUS ARIQUEMES/RO","RO","ARIQUEMES","23243002587201618","Pregão","15834305000102016","Não se Aplica","NAO SE APLICA","SISRP","Objeto: Pregão Eletrônico -  Aquisição conjunta de Medicamentos e Material Farmacológico.",10/8/2016,"Publicado","Existe Resultado de Compra","19 Ago 2016","Não Subrogou Compra","21.489,4500"
26000,"MINISTERIO DA EDUCACAO",26421,"INST.FED.DE EDUC.,CIENC.E TEC. DE RONDONIA",158343,"INST.FED.DE RONDONIA/CAMPUS ARIQUEMES/RO","RO","ARIQUEMES","23243003212201667","Pregão","15834305000112016","Não se Aplica","NAO SE APLICA","SISRP","Objeto: Pregão Eletrônico -  Aquisição de extintores, peças e recargas.",15/8/2016,"Publicado","Existe Resultado de Compra","19 Ago 2016","Não Subrogou Compra","119.010,4470"
26000,"MINISTERIO DA EDUCACAO",26421,"INST.FED.DE EDUC.,CIENC.E TEC. DE RONDONIA",158343,"INST.FED.DE RONDONIA/CAMPUS ARIQUEMES/RO","RO","ARIQUEMES","23243005791201682","Pregão","15834305000122016","Não se Aplica","NAO SE APLICA","SISRP","Objeto: Pregão Eletrônico -  O objeto da presente licitação é o registro de preços para eventual aquisição de gêneros alimentícios, conforme condições, quantidades e exigências estabelecidas neste Edital e seus anexos.",13/10/2016,"Publicado","Existe Resultado de Compra","14 Out 2016","Não Subrogou Compra","506.380,8200"
26000,"MINISTERIO DA EDUCACAO",26421,"INST.FED.DE EDUC.,CIENC.E TEC. DE RONDONIA",158343,"INST.FED.DE RONDONIA/CAMPUS ARIQUEMES/RO","RO","ARIQUEMES","23243000293201643","Dispensa de Licitação","15834306000012016","Não se Aplica","INCISO II","SISPP","Objeto: Aquisição de CANECAS PERSONALIZADAS, para atender a demanda do IFRO/Campus Ariquemes.",31/12/1899,"Encerrado","Existe Resultado de Compra","01 Jan 1900","Não Subrogou Compra","3.080,0000"
26000,"MINISTERIO DA EDUCACAO",26421,"INST.FED.DE EDUC.,CIENC.E TEC. DE RONDONIA",158343,"INST.FED.DE RONDONIA/CAMPUS ARIQUEMES/RO","RO","ARIQUEMES","23243001751201661","Dispensa de Licitação","15834306000022016","Não se Aplica","INCISO I","SISPP","Objeto: Contratação de empresa, para prestação, dos serviços de reprografia monocromática.",31/12/1899,"Encerrado","Existe Resultado de Compra","01 Jan 1900","Não Subrogou Compra","6.000,0000"
26000,"MINISTERIO DA EDUCACAO",26421,"INST.FED.DE EDUC.,CIENC.E TEC. DE RONDONIA",158343,"INST.FED.DE RONDONIA/CAMPUS ARIQUEMES/RO","RO","ARIQUEMES","23243.00401420161","Dispensa de Licitação","15834306000032016","Não se Aplica","INCISO II","SISPP","Objeto: Contratação de serviços de locação de aparelhagem de som e iluminação para atender demanda do Departamento de Extensão - DEPEX do Instituto federal de Rondônia/Campus Ariquemes.",31/12/1899,"Encerrado","Existe Resultado de Compra","01 Jan 1900","Não Subrogou Compra","3.400,0000"
26000,"MINISTERIO DA EDUCACAO",26421,"INST.FED.DE EDUC.,CIENC.E TEC. DE RONDONIA",158343,"INST.FED.DE RONDONIA/CAMPUS ARIQUEMES/RO","RO","ARIQUEMES","23243004013201676","Dispensa de Licitação","15834306000042016","Não se Aplica","INCISO II","SISPP","Objeto: Contratação de serviços de banheiros químicos para atender demanda do Departamento de Extensão do Instituto federal de Rondônia/Campus Ariquemes.",31/12/1899,"Encerrado","Existe Resultado de Compra","01 Jan 1900","Não Subrogou Compra","800,0000"
26000,"MINISTERIO DA EDUCACAO",26421,"INST.FED.DE EDUC.,CIENC.E TEC. DE RONDONIA",158343,"INST.FED.DE RONDONIA/CAMPUS ARIQUEMES/RO","RO","ARIQUEMES","23243003225201636","Inexigibilidade de Licitação","15834307000012016","Não se Aplica","INCISO II","SISPP","Objeto: Capacitação do servidor Luciano dos  Reis  Venturoso. Evento: 49º Congresso Brasileiro de Fitopatologia, no período de 29/08/2016 a 01/09/2016, na cidade de Maceió - AL, realizado pela Sociedade Brasileira de Fitopatologia.",31/12/1899,"Encerrado","Existe Resultado de Compra","01 Jan 1900","Não Subrogou Compra","600,0000"
26000,"MINISTERIO DA EDUCACAO",26421,"INST.FED.DE EDUC.,CIENC.E TEC. DE RONDONIA",158343,"INST.FED.DE RONDONIA/CAMPUS ARIQUEMES/RO","RO","ARIQUEMES","23243003224201691","Inexigibilidade de Licitação","15834307000022016","Não se Aplica","INCISO II","SISPP","Objeto: Capacitação da servidora Lenita aparecida Conus Venturoso. Evento: 49º Congresso Brasileiro de Fitopatologia, no período de 29/08/2016 a 01/09/2016, na cidade de Maceió - AL, realizado pela Sociedade Brasileira de Fitopatologia.",31/12/1899,"Encerrado","Existe Resultado de Compra","01 Jan 1900","Não Subrogou Compra","600,0000"
26000,"MINISTERIO DA EDUCACAO",26421,"INST.FED.DE EDUC.,CIENC.E TEC. DE RONDONIA",158343,"INST.FED.DE RONDONIA/CAMPUS ARIQUEMES/RO","RO","ARIQUEMES","23243003210201678","Inexigibilidade de Licitação","15834307000032016","Não se Aplica","INCISO II","SISPP","Objeto: Capacitação da servidora Maria do Socorro Calixto de Oliveira. Evento: 52º Congresso da Sociedade Brasileira de Medicina Tropical, no período de 21/08/2016 a 24/08/2016, na cidade de Maceió - AL, realizado pela Sociedade Brasileira de Medicina Tropical.",31/12/1899,"Retificação","Existe Resultado de Compra","01 Jan 1900","Não Subrogou Compra","700,0000"
26000,"MINISTERIO DA EDUCACAO",26421,"INST.FED.DE EDUC.,CIENC.E TEC. DE RONDONIA",158343,"INST.FED.DE RONDONIA/CAMPUS ARIQUEMES/RO","RO","ARIQUEMES","23243003058201623","Inexigibilidade de Licitação","15834307000042016","Não se Aplica","INCISO II","SISPP","Objeto: Capacitação da servidora Marcia Mendes de Lima. Evento: 68ª Reunião da Sociedade Brasileira para o Progresso da Ciência SBPC no período de 03/07/2016 a 09/07/2016, na cidade de Porto Seguro - BA, realizado pela  Sociedade Brasileira para o Progresso da Ciência SBPC.",31/12/1899,"Encerrado","Existe Resultado de Compra","01 Jan 1900","Não Subrogou Compra","185,0000"
26000,"MINISTERIO DA EDUCACAO",26421,"INST.FED.DE EDUC.,CIENC.E TEC. DE RONDONIA",158343,"INST.FED.DE RONDONIA/CAMPUS ARIQUEMES/RO","RO","ARIQUEMES","23243003331201610","Inexigibilidade de Licitação","15834307000052016","Não se Aplica","INCISO II","SISPP","Objeto: Capacitação da servidora Gisele Renata de Castro. Evento: 68ª Reunião da Sociedade Brasileira para o Progresso da Ciência SBPC no período de 03/07/2016 a 09/07/2016, na cidade de Porto Seguro - BA, realizado pela  Sociedade Brasileira para o Progresso da Ciência SBPC.",31/12/1899,"Encerrado","Existe Resultado de Compra","01 Jan 1900","Não Subrogou Compra","185,0000"
26000,"MINISTERIO DA EDUCACAO",26421,"INST.FED.DE EDUC.,CIENC.E TEC. DE RONDONIA",158343,"INST.FED.DE RONDONIA/CAMPUS ARIQUEMES/RO","RO","ARIQUEMES","23243003025201683","Inexigibilidade de Licitação","15834307000062016","Não se Aplica","INCISO II","SISPP","Objeto: Capacitação da servidora Maria Angela Justino Maschio. Evento: 15º Congresso Brasileiro de Assistentes Sociais-CBAS, no período de 05/09/2016 a 09/09/2016, na cidade de Olinda - PE, realizado pela  Empresa Alvo Eventos.",31/12/1899,"Encerrado","Existe Resultado de Compra","01 Jan 1900","Não Subrogou Compra","660,0000"
26000,"MINISTERIO DA EDUCACAO",26421,"INST.FED.DE EDUC.,CIENC.E TEC. DE RONDONIA",158343,"INST.FED.DE RONDONIA/CAMPUS ARIQUEMES/RO","RO","ARIQUEMES","23243003055201690","Inexigibilidade de Licitação","15834307000072016","Não se Aplica","INCISO II","SISPP","Objeto: Capacitação da servidora Bruna Estefani Machado Barbosa. Curso: Especialização em Gestão de Bibliotecas Públicas, no período de 12 meses e será realizado na modalidade de ensino EaD. Realizado pela  Empresa Unyleya Editora e Cursos S.A.",31/12/1899,"Encerrado","Existe Resultado de Compra","01 Jan 1900","Não Subrogou Compra","3.344,0000"
26000,"MINISTERIO DA EDUCACAO",26421,"INST.FED.DE EDUC.,CIENC.E TEC. DE RONDONIA",158343,"INST.FED.DE RONDONIA/CAMPUS ARIQUEMES/RO","RO","ARIQUEMES","23243003026201628","Inexigibilidade de Licitação","15834307000082016","Não se Aplica","INCISO II","SISPP","Objeto: Capacitação do servidor Maikon Fabrício Ferreira Viana. Curso: Especialização em Gestão de Bibliotecas Públicas, no período de 12 meses e será realizado na modalidade de ensino EaD. Realizado pela  Empresa Unyleya Editora e Cursos S.A.",31/12/1899,"Encerrado","Existe Resultado de Compra","01 Jan 1900","Não Subrogou Compra","3.344,0000"
26000,"MINISTERIO DA EDUCACAO",26421,"INST.FED.DE EDUC.,CIENC.E TEC. DE RONDONIA",158343,"INST.FED.DE RONDONIA/CAMPUS ARIQUEMES/RO","RO","ARIQUEMES","23243003027201672","Inexigibilidade de Licitação","15834307000092016","Não se Aplica","INCISO II","SISPP","Objeto: Capacitação da servidora Rosangela Carvalho da Costa. Curso: Especialização em Gestão de Bibliotecas Públicas, no período de 12 meses e será realizado na modalidade de ensino EaD. Realizado pela  Empresa Unyleya Editora e Cursos S.A.",31/12/1899,"Encerrado","Existe Resultado de Compra","01 Jan 1900","Não Subrogou Compra","3.344,0000"
26000,"MINISTERIO DA EDUCACAO",26421,"INST.FED.DE EDUC.,CIENC.E TEC. DE RONDONIA",158343,"INST.FED.DE RONDONIA/CAMPUS ARIQUEMES/RO","RO","ARIQUEMES","23243003496201691","Inexigibilidade de Licitação","15834307000102016","Não se Aplica","INCISO II","SISPP","Objeto: Capacitação do Servidor Pedro Felipe Costa Ruggeri. Curso Teste de Invasão de Aplicações WEB.",31/12/1899,"Encerrado","Existe Resultado de Compra","01 Jan 1900","Não Subrogou Compra","2.048,0000"
26000,"MINISTERIO DA EDUCACAO",26421,"INST.FED.DE EDUC.,CIENC.E TEC. DE RONDONIA",158343,"INST.FED.DE RONDONIA/CAMPUS ARIQUEMES/RO","RO","ARIQUEMES","23243003434201680","Inexigibilidade de Licitação","15834307000112016","Não se Aplica","INCISO II","SISPP","Objeto: Capacitação da Servidora Débora de Mattos Branth.",31/12/1899,"Encerrado","Existe Resultado de Compra","01 Jan 1900","Não Subrogou Compra","890,0000"
26000,"MINISTERIO DA EDUCACAO",26421,"INST.FED.DE EDUC.,CIENC.E TEC. DE RONDONIA",158343,"INST.FED.DE RONDONIA/CAMPUS ARIQUEMES/RO","RO","ARIQUEMES","23243004502201628","Inexigibilidade de Licitação","15834307000122016","Não se Aplica","INCISO II","SISPP","Objeto: Capacitação do servidor Alexandre Thomé da Silva de Almeida.",31/12/1899,"Encerrado","Existe Resultado de Compra","01 Jan 1900","Não Subrogou Compra","1.190,0000"
26000,"MINISTERIO DA EDUCACAO",26421,"INST.FED.DE EDUC.,CIENC.E TEC. DE RONDONIA",158343,"INST.FED.DE RONDONIA/CAMPUS ARIQUEMES/RO","RO","ARIQUEMES","23243004045201671","Inexigibilidade de Licitação","15834307000132016","Não se Aplica","INCISO II","SISPP","Objeto: Contratação de empresa especializada, para capacitação do servidor Eliel Cesar da Silva Lima.",31/12/1899,"Encerrado","Existe Resultado de Compra","01 Jan 1900","Não Subrogou Compra","1.152,0000"
26000,"MINISTERIO DA EDUCACAO",26421,"INST.FED.DE EDUC.,CIENC.E TEC. DE RONDONIA",158343,"INST.FED.DE RONDONIA/CAMPUS ARIQUEMES/RO","RO","ARIQUEMES","23243005077201694","Inexigibilidade de Licitação","15834307000142016","Não se Aplica","INCISO II","SISPP","Objeto: Contratação de empresa especializada em treinamento e capacitação denominada Federação Brasileira de Plantio Direto e Irrigação, para atender às necessidades do IFRO.",31/12/1899,"Encerrado","Existe Resultado de Compra","01 Jan 1900","Não Subrogou Compra","325,0000"
26000,"MINISTERIO DA EDUCACAO",26421,"INST.FED.DE EDUC.,CIENC.E TEC. DE RONDONIA",158343,"INST.FED.DE RONDONIA/CAMPUS ARIQUEMES/RO","RO","ARIQUEMES","23243005478201644","Inexigibilidade de Licitação","15834307000152016","Não se Aplica","INCISO II","SISPP","Objeto: Contratação de empresa especializada em treinamento e capacitação denominada Instituto Brasileiro de Estudos Ambientais e de Saneamento para capacitar servidor João Abílio Diniz.",31/12/1899,"Encerrado","Existe Resultado de Compra","01 Jan 1900","Não Subrogou Compra","400,0000"
26000,"MINISTERIO DA EDUCACAO",26421,"INST.FED.DE EDUC.,CIENC.E TEC. DE RONDONIA",158343,"INST.FED.DE RONDONIA/CAMPUS ARIQUEMES/RO","RO","ARIQUEMES","23243005420201609","Inexigibilidade de Licitação","15834307000162016","Não se Aplica","INCISO II","SISPP","Objeto: Contratação de empresa especializada em treinamentos e capacitação denominada Consae Consultorias em Assuntos Educionais Simples Ltda para capacitar a servidora Adnréia Correia de Souza.",31/12/1899,"Encerrado","Existe Resultado de Compra","01 Jan 1900","Não Subrogou Compra","3.410,0000"
26000,"MINISTERIO DA EDUCACAO",26421,"INST.FED.DE EDUC.,CIENC.E TEC. DE RONDONIA",158343,"INST.FED.DE RONDONIA/CAMPUS ARIQUEMES/RO","RO","ARIQUEMES","23243006118201660","Inexigibilidade de Licitação","15834307000172016","Não se Aplica","INCISO II","SISPP","Objeto: Contratação de empresa especializada em treinamentos e capacitação denominada REALIZE EVENTOS CIENTÍFICOS E EDITORA LTDA para capacitar a servidora Clotilde Tânia Rodrigues Luz.",31/12/1899,"Encerrado","Existe Resultado de Compra","01 Jan 1900","Não Subrogou Compra","175,0000"
26000,"MINISTERIO DA EDUCACAO",26421,"INST.FED.DE EDUC.,CIENC.E TEC. DE RONDONIA",158343,"INST.FED.DE RONDONIA/CAMPUS ARIQUEMES/RO","RO","ARIQUEMES","23243006720201605","Dispensa de Licitação","15834306000052016","Não se Aplica","INCISO I","SISPP","Objeto: Contratação de serviços de instrutoria de Mestre em Capoeira. Para atendimento ao projeto "" Jogando Capoeira e Tocando Berimbau 2016"" de Coordenação e Apoio ao Educando do IFRO - Campus Ariquemes.",31/12/1899,"Revogação","Existe Resultado de Compra","01 Jan 1900","Não Subrogou Compra","3.913,0000"
26000,"MINISTERIO DA EDUCACAO",26421,"INST.FED.DE EDUC.,CIENC.E TEC. DE RONDONIA",158343,"INST.FED.DE RONDONIA/CAMPUS ARIQUEMES/RO","RO","ARIQUEMES","23243006525201677","Inexigibilidade de Licitação","15834307000182016","Não se Aplica","INCISO II","SISPP","Objeto: Contratar empresa especializada em capacitação denominada ESAF, para atender as necessidades do IFRO/CAMPUS ARIQUEMES, para capacitar o servidor Aleksander Luiz Silva.",31/12/1899,"Encerrado","Existe Resultado de Compra","01 Jan 1900","Não Subrogou Compra","800,0000"
26000,"MINISTERIO DA EDUCACAO",26421,"INST.FED.DE EDUC.,CIENC.E TEC. DE RONDONIA",158343,"INST.FED.DE RONDONIA/CAMPUS ARIQUEMES/RO","RO","ARIQUEMES","23243006720201605","Dispensa de Licitação","15834306000062016","Não se Aplica","INCISO I","SISPP","Objeto: Contratação de serviços de instrutor de Mestre em Capoeira. Para atendimento ao projeto ""Jogando Capoeira e Tocando Berimbau 2016"" de coordenação e Apoio ao Educando do IFRO - Campus Ariquemes.",31/12/1899,"Encerrado","Existe Resultado de Compra","01 Jan 1900","Não Subrogou Compra","3.913,0000"
26000,"MINISTERIO DA EDUCACAO",26421,"INST.FED.DE EDUC.,CIENC.E TEC. DE RONDONIA",158343,"INST.FED.DE RONDONIA/CAMPUS ARIQUEMES/RO","RO","ARIQUEMES","23243006826201609","Dispensa de Licitação","15834306000072016","Não se Aplica","INCISO I","SISPP","Objeto: Contratação de Serviços de Abate de Animais.",31/12/1899,"Encerrado","Existe Resultado de Compra","01 Jan 1900","Não Subrogou Compra","5.000,0000"
26000,"MINISTERIO DA EDUCACAO",26421,"INST.FED.DE EDUC.,CIENC.E TEC. DE RONDONIA",158343,"INST.FED.DE RONDONIA/CAMPUS ARIQUEMES/RO","RO","ARIQUEMES","23243007077201629","Dispensa de Licitação","15834306000082016","Não se Aplica","INCISO II","SISPP","Objeto: Aquisição de sementes de milho e pastagem.",31/12/1899,"Encerrado","Existe Resultado de Compra","01 Jan 1900","Não Subrogou Compra","7.130,0000"
26000,"MINISTERIO DA EDUCACAO",26421,"INST.FED.DE EDUC.,CIENC.E TEC. DE RONDONIA",158343,"INST.FED.DE RONDONIA/CAMPUS ARIQUEMES/RO","RO","ARIQUEMES","23243006658201643","Inexigibilidade de Licitação","15834307000192016","Não se Aplica","INCISO II","SISPP","Objeto: Contratação de Empresa especializada em treinamento e capacitação (Consultre Consultoria e Treinamento LTDA), para atender às necessidades do IFRO-Campus Ariquemes referente a capacitação da servidora Rosiane Simões em Curso de Secretariado Executivo e Assessoria.",31/12/1899,"Encerrado","Existe Resultado de Compra","01 Jan 1900","Não Subrogou Compra","2.490,0000"
26000,"MINISTERIO DA EDUCACAO",26421,"INST.FED.DE EDUC.,CIENC.E TEC. DE RONDONIA",158345,"INST.FED.DE RONDONIA/CAMPUS PORTO VELHO/RO","RO","PORTO VELHO","23243000827201631","Pregão","15834505000022016","Não se Aplica","NAO SE APLICA","SISPP","Objeto: Pregão Eletrônico -  O objeto desta licitação é a CONCESSÃO DE USO DE ESPAÇO FÍSICO PARA EXPLORAÇÃO DE SERVIÇOS DE LANCHONETE E RESTAURANTE, por empresa especializada no ramo, nas dependências do Campus Porto Velho Calama do Instituto Federal de Rondônia - IFRO, conforme especificações e quantidades estabelecidas no Termo de Referência, no Edital e em seus Anexos.",29/3/2016,"Publicado","Existe Resultado de Compra","30 Mar 2016","Não Subrogou Compra","185,5500"
26000,"MINISTERIO DA EDUCACAO",26421,"INST.FED.DE EDUC.,CIENC.E TEC. DE RONDONIA",158345,"INST.FED.DE RONDONIA/CAMPUS PORTO VELHO/RO","RO","PORTO VELHO","23243000144201684","Pregão","15834505000042016","Não se Aplica","NAO SE APLICA","SISPP","Objeto: Pregão Eletrônico -  AQUISIÇÃO E INSTALAÇÃO DE BORDA DE GRANITO PARA CONTENÇÃO DE ÁGUA NOS LAVATÓRIOS, visando atender ao Campus Porto Velho Calama do Instituto Federal de Rondônia - IFRO, conforme especificações e quantidades estabelecidas no Termo de Referência, no Edital e em seus Anexos.",12/4/2016,"Publicado","Existe Resultado de Compra","15 Abr 2016","Não Subrogou Compra","13.722,0000"
26000,"MINISTERIO DA EDUCACAO",26421,"INST.FED.DE EDUC.,CIENC.E TEC. DE RONDONIA",158345,"INST.FED.DE RONDONIA/CAMPUS PORTO VELHO/RO","RO","PORTO VELHO","23243003456201640","Pregão","15834505000132016","Não se Aplica","NAO SE APLICA","SISPP","Objeto: Pregão Eletrônico -  Contratação de empresa especializada na prestação de serviços de limpeza, asseio e conservação, e supervisão administrativa (encarregado), que compreenderá mão-de-obra, todo o material de consumo e equipamentos necessários e adequados à execução dos serviços, bem como a supervisão dos serviços, sob o regime de execução indireta, pelo período de 12 (doze) meses, admitida a prorrogação nos termos da lei.",21/7/2016,"Evento de Alteração Publicado","Existe Resultado de Compra","29 Ago 2016","Não Subrogou Compra","609.747,7200"
26000,"MINISTERIO DA EDUCACAO",26421,"INST.FED.DE EDUC.,CIENC.E TEC. DE RONDONIA",158345,"INST.FED.DE RONDONIA/CAMPUS PORTO VELHO/RO","RO","PORTO VELHO","23243005040201585","Pregão","15834505000182015","Não se Aplica","NAO SE APLICA","SISRP","Objeto: Pregão Eletrônico -  REGISTRO DE PREÇOS PARA FUTURA E EVENTUAL CONTRATAÇÃO DE EMPRESA ESPECIALIZADA NA ORGANIZAÇÃO DE EVENTOS, INCLUINDO ESPORTIVOS, COM FORNECIMENTO DE MATERIAIS E/OU AQUISIÇÃO DE MATERIAIS PARA SUBSIDIAR AS SOLENIDADES E EVENTOS OFICIAIS, visando atender às necessidades das Unidades do Instituto Federal de Rondônia - IFRO.",22/1/2016,"Publicado","Existe Resultado de Compra","29 Jan 2016","Não Subrogou Compra","622.429,0700"
26000,"MINISTERIO DA EDUCACAO",26421,"INST.FED.DE EDUC.,CIENC.E TEC. DE RONDONIA",158345,"INST.FED.DE RONDONIA/CAMPUS PORTO VELHO/RO","RO","PORTO VELHO","23243005836201538","Pregão","15834505000202015","Não se Aplica","NAO SE APLICA","SISRP","Objeto: Pregão Eletrônico -  Registro de preços para futura e eventual aquisição de materiais de saúde - repetição",21/1/2016,"Publicado","Existe Resultado de Compra","17 Fev 2016","Não Subrogou Compra","54.154,7700"
26000,"MINISTERIO DA EDUCACAO",26421,"INST.FED.DE EDUC.,CIENC.E TEC. DE RONDONIA",158345,"INST.FED.DE RONDONIA/CAMPUS PORTO VELHO/RO","RO","PORTO VELHO","23243005824201511","Pregão","15834505000212015","Não se Aplica","NAO SE APLICA","SISRP","Objeto: Pregão Eletrônico -  Registro de preços para eventual e futura contratação de empresa especializada para prestação de serviços de lavanderia",8/1/2016,"Publicado","Existe Resultado de Compra","12 Jan 2016","Não Subrogou Compra","24.299,2700"
26000,"MINISTERIO DA EDUCACAO",26421,"INST.FED.DE EDUC.,CIENC.E TEC. DE RONDONIA",158345,"INST.FED.DE RONDONIA/CAMPUS PORTO VELHO/RO","RO","PORTO VELHO","23243.005357/2015","Pregão","15834505000012016","Não se Aplica","NAO SE APLICA","SISRP","Objeto: Pregão Eletrônico -  Registro de Preços para eventual aquisição de materiais para laboratório (botijão para transporte de nitrogênio, luvas para criogenia, avental de proteção para criogenia e outros).",19/2/2016,"Publicado","Existe Resultado de Compra","09 Mar 2016","Não Subrogou Compra","8.753,0000"
26000,"MINISTERIO DA EDUCACAO",26421,"INST.FED.DE EDUC.,CIENC.E TEC. DE RONDONIA",158345,"INST.FED.DE RONDONIA/CAMPUS PORTO VELHO/RO","RO","PORTO VELHO","23243000602201685","Pregão","15834505000032016","Não se Aplica","NAO SE APLICA","SISRP","Objeto: Pregão Eletrônico -  Registro de preços para eventual e futura aquisição de materiais de acondicionamento e embalagem.",1/4/2016,"Publicado","Existe Resultado de Compra","11 Abr 2016","Não Subrogou Compra","290.103,7300"
26000,"MINISTERIO DA EDUCACAO",26421,"INST.FED.DE EDUC.,CIENC.E TEC. DE RONDONIA",158345,"INST.FED.DE RONDONIA/CAMPUS PORTO VELHO/RO","RO","PORTO VELHO","23243000139201671","Pregão","15834505000052016","Não se Aplica","NAO SE APLICA","SISRP","Objeto: Pregão Eletrônico -  Registro de preços para futura e eventual aquisição e instalação de toldos e traves",7/4/2016,"Publicado","Existe Resultado de Compra","11 Abr 2016","Não Subrogou Compra","26.065,0000"
26000,"MINISTERIO DA EDUCACAO",26421,"INST.FED.DE EDUC.,CIENC.E TEC. DE RONDONIA",158345,"INST.FED.DE RONDONIA/CAMPUS PORTO VELHO/RO","RO","PORTO VELHO","23243000923201680","Pregão","15834505000062016","Não se Aplica","NAO SE APLICA","SISRP","Objeto: Pregão Eletrônico -  REGISTRO DE PREÇOS PARA FUTURAS E EVENTUAIS AQUISIÇÕES DE MATERIAL ESPORTIVO, visando atender às necessidades das Unidades do Instituto Federal de Rondônia - IFRO, conforme especificações e quantidades estabelecidas no Termo de Referência, no Edital e em seus Anexos, observadas, ainda, quando for o caso, as normas aplicáveis da Associação Brasileira de Normas Técnicas - ABNT.",11/4/2016,"Publicado","Existe Resultado de Compra","25 Abr 2016","Não Subrogou Compra","553.520,9800"
26000,"MINISTERIO DA EDUCACAO",26421,"INST.FED.DE EDUC.,CIENC.E TEC. DE RONDONIA",158345,"INST.FED.DE RONDONIA/CAMPUS PORTO VELHO/RO","RO","PORTO VELHO","23243001853201687","Pregão","15834505000072016","Não se Aplica","NAO SE APLICA","SISRP","Objeto: Pregão Eletrônico -  REGISTRO DE PREÇOS PARA FUTURAS E EVENTUAIS AQUISIÇÕES DE MATERIAL ESPORTIVO, visando atender às necessidades Reitoria do Instituto Federal de Rondônia - IFRO, conforme especificações e quantidades estabelecidas no Termo de Referência, no Edital e em seus Anexos, observadas, ainda, quando for o caso, as normas aplicáveis da Associação Brasileira de Normas Técnicas - ABNT.",14/4/2016,"Publicado","Existe Resultado de Compra","20 Abr 2016","Não Subrogou Compra","52.479,0000"
26000,"MINISTERIO DA EDUCACAO",26421,"INST.FED.DE EDUC.,CIENC.E TEC. DE RONDONIA",158345,"INST.FED.DE RONDONIA/CAMPUS PORTO VELHO/RO","RO","PORTO VELHO","23243000816201651","Pregão","15834505000082016","Não se Aplica","NAO SE APLICA","SISRP","Objeto: Pregão Eletrônico -  Registro de Preços para aquisições futuras de materiais se sinalização visual.",9/5/2016,"Publicado","Existe Resultado de Compra","11 Mai 2016","Não Subrogou Compra","308.571,3200"
26000,"MINISTERIO DA EDUCACAO",26421,"INST.FED.DE EDUC.,CIENC.E TEC. DE RONDONIA",158345,"INST.FED.DE RONDONIA/CAMPUS PORTO VELHO/RO","RO","PORTO VELHO","23243001482201633","Pregão","15834505000092016","Não se Aplica","NAO SE APLICA","SISRP","Objeto: Pregão Eletrônico -  Registro de preços para aquisições eventuais e futuras de materiais elétricos e de construção.",5/5/2016,"Publicado","Existe Resultado de Compra","18 Mai 2016","Não Subrogou Compra","161.897,8700"
26000,"MINISTERIO DA EDUCACAO",26421,"INST.FED.DE EDUC.,CIENC.E TEC. DE RONDONIA",158345,"INST.FED.DE RONDONIA/CAMPUS PORTO VELHO/RO","RO","PORTO VELHO","23243001825201660","Pregão","15834505000102016","Não se Aplica","NAO SE APLICA","SISRP","Objeto: Pregão Eletrônico -  REGISTRO DE PREÇOS PARA FUTURAS E EVENTUAIS AQUISIÇÕES DE MATERIAIS DIVERSOS DE MOBILIÁRIO EM GERAL, EQUIPAMENTOS E UTENSÍLIOS, visando atender às necessidades das Unidades do Instituto Federal de Rondônia - IFRO.",14/6/2016,"Evento de Adiamento Publicado","Existe Resultado de Compra","15 Jun 2016","Não Subrogou Compra","95.068,9000"
26000,"MINISTERIO DA EDUCACAO",26421,"INST.FED.DE EDUC.,CIENC.E TEC. DE RONDONIA",158345,"INST.FED.DE RONDONIA/CAMPUS PORTO VELHO/RO","RO","PORTO VELHO","23243001589201681","Pregão","15834505000112016","Não se Aplica","NAO SE APLICA","SISRP","Objeto: Pregão Eletrônico -  REGISTRO DE PREÇOS PARA FUTURAS E EVENTUAIS AQUISIÇÕES DE MATERIAIS DIVERSOS DE MÚSICA, ÁUDIO, VÍDEO E FOTO, visando atender às necessidades das Unidades do Instituto Federal de Rondônia - IFRO",8/6/2016,"Publicado","Existe Resultado de Compra","13 Jun 2016","Não Subrogou Compra","102.626,1700"
26000,"MINISTERIO DA EDUCACAO",26421,"INST.FED.DE EDUC.,CIENC.E TEC. DE RONDONIA",158345,"INST.FED.DE RONDONIA/CAMPUS PORTO VELHO/RO","RO","PORTO VELHO","23243002699201661","Pregão","15834505000122016","Não se Aplica","NAO SE APLICA","SISRP","Objeto: Pregão Eletrônico -  REGISTRO DE PREÇOS PARA FUTURA E EVENTUAL AQUISIÇÃO DE MATERIAIS PARA LABORATÓRIO DE OBSERVAÇÃO ATMOSFÉRICA (nitrogênio líquido, luvas para criogenia, avental de proteção para criogenia e outros)",24/6/2016,"Publicado","Existe Resultado de Compra","24 Jun 2016","Não Subrogou Compra","41.838,0000"
26000,"MINISTERIO DA EDUCACAO",26421,"INST.FED.DE EDUC.,CIENC.E TEC. DE RONDONIA",158345,"INST.FED.DE RONDONIA/CAMPUS PORTO VELHO/RO","RO","PORTO VELHO","23243003211201612","Pregão","15834505000142016","Não se Aplica","NAO SE APLICA","SISRP","Objeto: Pregão Eletrônico -  Aquisição de uniformes escolares e camisetas para projetos institucionais e programas de governo desenvolvidos pelo IFRO.",2/8/2016,"Evento de Adiamento Publicado","Existe Resultado de Compra","04 Ago 2016","Não Subrogou Compra","251.501,0500"
26000,"MINISTERIO DA EDUCACAO",26421,"INST.FED.DE EDUC.,CIENC.E TEC. DE RONDONIA",158345,"INST.FED.DE RONDONIA/CAMPUS PORTO VELHO/RO","RO","PORTO VELHO","23243004059201695","Pregão","15834505000152016","Não se Aplica","NAO SE APLICA","SISRP","Objeto: Pregão Eletrônico -  REGISTRO DE PREÇOS PARA FUTURA E EVENTUAL AQUISIÇÃO DE BANDEIRAS, MATERIAL DE SINALIZAÇÃO E ESCRITÓRIo",19/8/2016,"Publicado","Existe Resultado de Compra","24 Ago 2016","Não Subrogou Compra","76.202,8600"
26000,"MINISTERIO DA EDUCACAO",26421,"INST.FED.DE EDUC.,CIENC.E TEC. DE RONDONIA",158345,"INST.FED.DE RONDONIA/CAMPUS PORTO VELHO/RO","RO","PORTO VELHO","23243004080201691","Pregão","15834505000162016","Não se Aplica","NAO SE APLICA","SISRP","Objeto: Pregão Eletrônico -  Registro de preços para futura contratação de empresa especializada em Transporte Coletivo sob regime de fretamento eventual.",25/8/2016,"Publicado","Existe Resultado de Compra","26 Ago 2016","Não Subrogou Compra","754.780,8000"
26000,"MINISTERIO DA EDUCACAO",26421,"INST.FED.DE EDUC.,CIENC.E TEC. DE RONDONIA",158345,"INST.FED.DE RONDONIA/CAMPUS PORTO VELHO/RO","RO","PORTO VELHO","23243005275201658","Pregão","15834505000172016","Não se Aplica","NAO SE APLICA","SISRP","Objeto: Pregão Eletrônico -  Registro de preços para futura e eventual aquisição de uniformes para a Reitoria e Campus Guajará-Mirim.",15/9/2016,"Publicado","Existe Resultado de Compra","20 Set 2016","Não Subrogou Compra","69.213,0000"
26000,"MINISTERIO DA EDUCACAO",26421,"INST.FED.DE EDUC.,CIENC.E TEC. DE RONDONIA",158345,"INST.FED.DE RONDONIA/CAMPUS PORTO VELHO/RO","RO","PORTO VELHO","23243005517201611","Pregão","15834505000182016","Não se Aplica","NAO SE APLICA","SISRP","Objeto: Pregão Eletrônico -  Registro de preços para futura e eventual CONTRATAÇÃO DE EMPRESA ESPECIALIZADA NA PRESTAÇÃO DE SERVIÇOS DE LIMPEZA GERAL DE TERRENOS (roçagem, capina, rastelagem, poda), visando atender às necessidades das Unidades do Instituto Federal de Rondônia   IFRO.",1/12/2016,"Publicado","Existe Resultado de Compra","08 Dez 2016","Não Subrogou Compra","431.533,6000"
26000,"MINISTERIO DA EDUCACAO",26421,"INST.FED.DE EDUC.,CIENC.E TEC. DE RONDONIA",158345,"INST.FED.DE RONDONIA/CAMPUS PORTO VELHO/RO","RO","PORTO VELHO","23243000167201699","Inexigibilidade de Licitação","15834507000012016","Não se Aplica","CAPUT","SISPP","Objeto: Manutenção corretiva no ônibus institucional - Placa NCF 7663",31/12/1899,"Encerrado","Existe Resultado de Compra","01 Jan 1900","Não Subrogou Compra","297,7200"
26000,"MINISTERIO DA EDUCACAO",26421,"INST.FED.DE EDUC.,CIENC.E TEC. DE RONDONIA",158345,"INST.FED.DE RONDONIA/CAMPUS PORTO VELHO/RO","RO","PORTO VELHO","001123201686","Dispensa de Licitação","15834506000022016","Não se Aplica","INCISO II","SISPP","Objeto: Manutenção de impressoras",31/12/1899,"Encerrado","Existe Resultado de Compra","01 Jan 1900","Não Subrogou Compra","1.020,0000"
26000,"MINISTERIO DA EDUCACAO",26421,"INST.FED.DE EDUC.,CIENC.E TEC. DE RONDONIA",158345,"INST.FED.DE RONDONIA/CAMPUS PORTO VELHO/RO","RO","PORTO VELHO","23243000672201633","Inexigibilidade de Licitação","15834507000022016","Não se Aplica","INCISO II","SISPP","Objeto: Conserto de equipamentos didáticos.",31/12/1899,"Encerrado","Existe Resultado de Compra","01 Jan 1900","Não Subrogou Compra","1.150,0000"
26000,"MINISTERIO DA EDUCACAO",26421,"INST.FED.DE EDUC.,CIENC.E TEC. DE RONDONIA",158345,"INST.FED.DE RONDONIA/CAMPUS PORTO VELHO/RO","RO","PORTO VELHO","23243002051201694","Dispensa de Licitação","15834506000032016","Não se Aplica","INCISO II","SISPP","Objeto: Aquisição de fita antiderrapante.",31/12/1899,"Encerrado","Existe Resultado de Compra","01 Jan 1900","Não Subrogou Compra","1.400,0000"
26000,"MINISTERIO DA EDUCACAO",26421,"INST.FED.DE EDUC.,CIENC.E TEC. DE RONDONIA",158345,"INST.FED.DE RONDONIA/CAMPUS PORTO VELHO/RO","RO","PORTO VELHO","23343002178201611","Dispensa de Licitação","15834506000042016","Não se Aplica","INCISO II","SISPP","Objeto: Serviço de elaboração de Laudo de Funcionalidade do sistema de proteção contra descargas atmosféricas - SPAD.  O laudo deve constituir-se em documento técnico, com registro das inspeções, verificações e medições realizadas no SPDA e no sistema de aterramento elétrico, devendo verificar a conformidade com a norma técnica brasileira ABNT NBR-5419 ? Proteção de estruturas contra descargas atmosféricas e a Norma Regulamentadora do Ministério do Trabalho e Emprego ? NR10.",31/12/1899,"Encerrado","Existe Resultado de Compra","01 Jan 1900","Não Subrogou Compra","5.000,0000"
26000,"MINISTERIO DA EDUCACAO",26421,"INST.FED.DE EDUC.,CIENC.E TEC. DE RONDONIA",158345,"INST.FED.DE RONDONIA/CAMPUS PORTO VELHO/RO","RO","PORTO VELHO","23243002701201600","Dispensa de Licitação","15834506000052016","Não se Aplica","INCISO II","SISPP","Objeto: Contratação de empresa especializada em instalação e manutenção de persianas para atender o Campus Porto Velho Calama.",31/12/1899,"Encerrado","Existe Resultado de Compra","01 Jan 1900","Não Subrogou Compra","1.298,0000"
26000,"MINISTERIO DA EDUCACAO",26421,"INST.FED.DE EDUC.,CIENC.E TEC. DE RONDONIA",158345,"INST.FED.DE RONDONIA/CAMPUS PORTO VELHO/RO","RO","PORTO VELHO","23243003002201679","Dispensa de Licitação","15834506000062016","Não se Aplica","INCISO II","SISPP","Objeto: Instalação de antena parabólica.",31/12/1899,"Encerrado","Existe Resultado de Compra","01 Jan 1900","Não Subrogou Compra","450,0000"
26000,"MINISTERIO DA EDUCACAO",26421,"INST.FED.DE EDUC.,CIENC.E TEC. DE RONDONIA",158345,"INST.FED.DE RONDONIA/CAMPUS PORTO VELHO/RO","RO","PORTO VELHO","23243003342201608","Dispensa de Licitação","15834506000072016","Não se Aplica","INCISO II","SISPP","Objeto: Manutenção corretiva de impressora DATACARD SD260, número de série (Mac Address) 0024E119C4C.",31/12/1899,"Encerrado","Existe Resultado de Compra","01 Jan 1900","Não Subrogou Compra","0,0000"
26000,"MINISTERIO DA EDUCACAO",26421,"INST.FED.DE EDUC.,CIENC.E TEC. DE RONDONIA",158345,"INST.FED.DE RONDONIA/CAMPUS PORTO VELHO/RO","RO","PORTO VELHO","23243003440201637","Dispensa de Licitação","15834506000092016","Não se Aplica","INCISO II","SISPP","Objeto: Aquisição de etiquetas RFID para atender à Biblioteca do Campus Porto Velho Calama.",31/12/1899,"Encerrado","Existe Resultado de Compra","01 Jan 1900","Não Subrogou Compra","5.979,9900"
26000,"MINISTERIO DA EDUCACAO",26421,"INST.FED.DE EDUC.,CIENC.E TEC. DE RONDONIA",158345,"INST.FED.DE RONDONIA/CAMPUS PORTO VELHO/RO","RO","PORTO VELHO","23243003428201622","Dispensa de Licitação","15834506000102016","Não se Aplica","INCISO II","SISPP","Objeto: Contratação de manutenção corretiva para projetores.",31/12/1899,"Encerrado","Existe Resultado de Compra","01 Jan 1900","Não Subrogou Compra","3.730,0000"
26000,"MINISTERIO DA EDUCACAO",26421,"INST.FED.DE EDUC.,CIENC.E TEC. DE RONDONIA",158345,"INST.FED.DE RONDONIA/CAMPUS PORTO VELHO/RO","RO","PORTO VELHO","2324300336201642","Inexigibilidade de Licitação","15834507000042016","Não se Aplica","INCISO II","SISPP","Objeto: Capacitação com pagamento de inscrição em curso. Servidora Hedhyelma Alves de Oliveira",31/12/1899,"Encerrado","Existe Resultado de Compra","01 Jan 1900","Não Subrogou Compra","400,0000"
26000,"MINISTERIO DA EDUCACAO",26421,"INST.FED.DE EDUC.,CIENC.E TEC. DE RONDONIA",158345,"INST.FED.DE RONDONIA/CAMPUS PORTO VELHO/RO","RO","PORTO VELHO","23243003341201655","Inexigibilidade de Licitação","15834507000052016","Não se Aplica","INCISO II","SISPP","Objeto: Capacitação com pagamento de inscrição. Servidor Benedito Ricardo Martins Macedo. XIII Semana de Administração Orçamentária - Etapa Belém",31/12/1899,"Encerrado","Existe Resultado de Compra","01 Jan 1900","Não Subrogou Compra","400,0000"
26000,"MINISTERIO DA EDUCACAO",26421,"INST.FED.DE EDUC.,CIENC.E TEC. DE RONDONIA",158345,"INST.FED.DE RONDONIA/CAMPUS PORTO VELHO/RO","RO","PORTO VELHO","23243003765201610","Inexigibilidade de Licitação","15834507000062016","Não se Aplica","INCISO II","SISPP","Objeto: Assinatura Anual do Banco de Preços",31/12/1899,"Encerrado","Existe Resultado de Compra","01 Jan 1900","Não Subrogou Compra","7.990,0000"
26000,"MINISTERIO DA EDUCACAO",26421,"INST.FED.DE EDUC.,CIENC.E TEC. DE RONDONIA",158345,"INST.FED.DE RONDONIA/CAMPUS PORTO VELHO/RO","RO","PORTO VELHO","23243004326201624","Dispensa de Licitação","15834506000112016","Não se Aplica","INCISO II","SISPP","Objeto: Aquisição de recarga de oxigênio e óleos lubrificante.",31/12/1899,"Anulação","Existe Resultado de Compra","01 Jan 1900","Não Subrogou Compra","803,6400"
26000,"MINISTERIO DA EDUCACAO",26421,"INST.FED.DE EDUC.,CIENC.E TEC. DE RONDONIA",158345,"INST.FED.DE RONDONIA/CAMPUS PORTO VELHO/RO","RO","PORTO VELHO","23243004326201624","Dispensa de Licitação","15834506000122016","Não se Aplica","INCISO II","SISPP","Objeto: Aquisição de recarga de oxigênio e óleos lubrificantes para atender ao Campus Porto Velho Calama.",31/12/1899,"Encerrado","Existe Resultado de Compra","01 Jan 1900","Não Subrogou Compra","125,0000"
26000,"MINISTERIO DA EDUCACAO",26421,"INST.FED.DE EDUC.,CIENC.E TEC. DE RONDONIA",158345,"INST.FED.DE RONDONIA/CAMPUS PORTO VELHO/RO","RO","PORTO VELHO","23243004496201617","Dispensa de Licitação","15834506000132016","Não se Aplica","INCISO II","SISPP","Objeto: Fornecimento de cascalho e serviço de terraplanagem para atender o Campus Porto Velho Calama.",31/12/1899,"Encerrado","Existe Resultado de Compra","01 Jan 1900","Não Subrogou Compra","5.960,0000"
26000,"MINISTERIO DA EDUCACAO",26421,"INST.FED.DE EDUC.,CIENC.E TEC. DE RONDONIA",158345,"INST.FED.DE RONDONIA/CAMPUS PORTO VELHO/RO","RO","PORTO VELHO","23243004496201617","Dispensa de Licitação","15834506000142016","Não se Aplica","INCISO II","SISPP","Objeto: Aquisição de cascalho fina para terraplanagem e locação de maquinário para execução do serviço.",31/12/1899,"Encerrado","Existe Resultado de Compra","01 Jan 1900","Não Subrogou Compra","5.960,0000"
26000,"MINISTERIO DA EDUCACAO",26421,"INST.FED.DE EDUC.,CIENC.E TEC. DE RONDONIA",158345,"INST.FED.DE RONDONIA/CAMPUS PORTO VELHO/RO","RO","PORTO VELHO","23243000960201698","Dispensa de Licitação","15834506000152016","Não se Aplica","INCISO II","SISPP","Objeto: Colchão hospitalar de espuma, revestimento em napa (courvim), cor azul, respiros laterais, com costura vulcanizada e abertura lateral com zíper, placa de espuma 100% poliuterano 33, antiácaro, antifungo, antialérgico, suporta peso acima de 100kg, medidas padrões do colchão; largura x comprimento x altura: 0,90m x 1,88m x 0,14m; impermeável. Produto com registro no Ministério da Saúde.",31/12/1899,"Encerrado","Existe Resultado de Compra","01 Jan 1900","Não Subrogou Compra","350,0000"
26000,"MINISTERIO DA EDUCACAO",26421,"INST.FED.DE EDUC.,CIENC.E TEC. DE RONDONIA",158345,"INST.FED.DE RONDONIA/CAMPUS PORTO VELHO/RO","RO","PORTO VELHO","23243004018201607","Inexigibilidade de Licitação","15834507000072016","Não se Aplica","INCISO II","SISPP","Objeto: Capacitação com pagamento de inscrição em curso de gestão patrimonial",31/12/1899,"Encerrado","Existe Resultado de Compra","01 Jan 1900","Não Subrogou Compra","1.800,0000"
26000,"MINISTERIO DA EDUCACAO",26421,"INST.FED.DE EDUC.,CIENC.E TEC. DE RONDONIA",158345,"INST.FED.DE RONDONIA/CAMPUS PORTO VELHO/RO","RO","PORTO VELHO","23243003342201608","Dispensa de Licitação","15834506000162016","Não se Aplica","INCISO II","SISPP","Objeto: Placa de dados principal, nova, original do fabricante, para impressora DATACARD SD260, número de série 0024E119C4C.",31/12/1899,"Encerrado","Existe Resultado de Compra","01 Jan 1900","Não Subrogou Compra","2.099,9900"
26000,"MINISTERIO DA EDUCACAO",26421,"INST.FED.DE EDUC.,CIENC.E TEC. DE RONDONIA",158345,"INST.FED.DE RONDONIA/CAMPUS PORTO VELHO/RO","RO","PORTO VELHO","23243005009201625","Inexigibilidade de Licitação","15834507000082016","Não se Aplica","INCISO II","SISPP","Objeto: Capacitação com pagamento de inscrição em curso",31/12/1899,"Encerrado","Existe Resultado de Compra","01 Jan 1900","Não Subrogou Compra","2.290,0000"
26000,"MINISTERIO DA EDUCACAO",26421,"INST.FED.DE EDUC.,CIENC.E TEC. DE RONDONIA",158345,"INST.FED.DE RONDONIA/CAMPUS PORTO VELHO/RO","RO","PORTO VELHO","23243005242201616","Inexigibilidade de Licitação","15834507000092016","Não se Aplica","INCISO II","SISPP","Objeto: Capacitação com pagamento de inscrição em curso - Jamile Mariano Macedo Taborda",31/12/1899,"Encerrado","Existe Resultado de Compra","01 Jan 1900","Não Subrogou Compra","386,0000"
26000,"MINISTERIO DA EDUCACAO",26421,"INST.FED.DE EDUC.,CIENC.E TEC. DE RONDONIA",158345,"INST.FED.DE RONDONIA/CAMPUS PORTO VELHO/RO","RO","PORTO VELHO","23243005238201640","Inexigibilidade de Licitação","15834507000102016","Não se Aplica","INCISO II","SISPP","Objeto: Capacitação com pagamento de inscrição - Marcelo Leite Rios",31/12/1899,"Encerrado","Existe Resultado de Compra","01 Jan 1900","Não Subrogou Compra","120,0000"
26000,"MINISTERIO DA EDUCACAO",26421,"INST.FED.DE EDUC.,CIENC.E TEC. DE RONDONIA",158345,"INST.FED.DE RONDONIA/CAMPUS PORTO VELHO/RO","RO","PORTO VELHO","23243004326201624","Dispensa de Licitação","15834506000172016","Não se Aplica","INCISO II","SISPP","Objeto: Aquisição de lubrificantes e recarga de oxigênio medicinal.",31/12/1899,"Encerrado","Existe Resultado de Compra","01 Jan 1900","Não Subrogou Compra","510,0000"
26000,"MINISTERIO DA EDUCACAO",26421,"INST.FED.DE EDUC.,CIENC.E TEC. DE RONDONIA",158345,"INST.FED.DE RONDONIA/CAMPUS PORTO VELHO/RO","RO","PORTO VELHO","23243005581201694","Dispensa de Licitação","15834506000182016","Não se Aplica","INCISO II","SISPP","Objeto: Contratação de serviços de manutenção de impressoras multifuncionais.",31/12/1899,"Encerrado","Existe Resultado de Compra","01 Jan 1900","Não Subrogou Compra","1.560,0000"
26000,"MINISTERIO DA EDUCACAO",26421,"INST.FED.DE EDUC.,CIENC.E TEC. DE RONDONIA",158345,"INST.FED.DE RONDONIA/CAMPUS PORTO VELHO/RO","RO","PORTO VELHO","23243005582201639","Dispensa de Licitação","15834506000192016","Não se Aplica","INCISO II","SISPP","Objeto: Aquisição de medidor de consumo de energia e hidrômetro.",31/12/1899,"Encerrado","Existe Resultado de Compra","01 Jan 1900","Não Subrogou Compra","669,6200"
26000,"MINISTERIO DA EDUCACAO",26421,"INST.FED.DE EDUC.,CIENC.E TEC. DE RONDONIA",158345,"INST.FED.DE RONDONIA/CAMPUS PORTO VELHO/RO","RO","PORTO VELHO","23243006279201653","Inexigibilidade de Licitação","15834507000112016","Não se Aplica","INCISO II","SISPP","Objeto: Capacitação com inscrição em curso - Fabrício Neres",31/12/1899,"Encerrado","Existe Resultado de Compra","01 Jan 1900","Não Subrogou Compra","3.985,0000"
26000,"MINISTERIO DA EDUCACAO",26421,"INST.FED.DE EDUC.,CIENC.E TEC. DE RONDONIA",158345,"INST.FED.DE RONDONIA/CAMPUS PORTO VELHO/RO","RO","PORTO VELHO","23243006147201621","Inexigibilidade de Licitação","15834507000122016","Não se Aplica","INCISO II","SISPP","Objeto: Capacitação com inscrição em curso - Júlio Casini",31/12/1899,"Encerrado","Existe Resultado de Compra","01 Jan 1900","Não Subrogou Compra","900,0000"
26000,"MINISTERIO DA EDUCACAO",26421,"INST.FED.DE EDUC.,CIENC.E TEC. DE RONDONIA",158345,"INST.FED.DE RONDONIA/CAMPUS PORTO VELHO/RO","RO","PORTO VELHO","23243006307201632","Inexigibilidade de Licitação","15834507000132016","Não se Aplica","INCISO II","SISPP","Objeto: Capacitação com inscrição em curso - Marcel Leite Rios",31/12/1899,"Encerrado","Existe Resultado de Compra","01 Jan 1900","Não Subrogou Compra","350,0000"
26000,"MINISTERIO DA EDUCACAO",26421,"INST.FED.DE EDUC.,CIENC.E TEC. DE RONDONIA",158345,"INST.FED.DE RONDONIA/CAMPUS PORTO VELHO/RO","RO","PORTO VELHO","23243006435201686","Dispensa de Licitação","15834506000202016","Não se Aplica","INCISO II","SISPP","Objeto: Contratação de empresa para o fornecimento e instalação de pia e lavatório para atender ao Campus Porto Velho Calama.",31/12/1899,"Encerrado","Existe Resultado de Compra","01 Jan 1900","Não Subrogou Compra","4.726,7400"
26000,"MINISTERIO DA EDUCACAO",26421,"INST.FED.DE EDUC.,CIENC.E TEC. DE RONDONIA",158345,"INST.FED.DE RONDONIA/CAMPUS PORTO VELHO/RO","RO","PORTO VELHO","23243006622201660","Dispensa de Licitação","15834506000212016","Não se Aplica","INCISO II","SISPP","Objeto: Contratação de serviço de manutenção em disjuntor de grupo gerador para atender o Campus Porto Velho Calama.",31/12/1899,"Anulação","Existe Resultado de Compra","01 Jan 1900","Não Subrogou Compra","3.200,0000"
26000,"MINISTERIO DA EDUCACAO",26421,"INST.FED.DE EDUC.,CIENC.E TEC. DE RONDONIA",158345,"INST.FED.DE RONDONIA/CAMPUS PORTO VELHO/RO","RO","PORTO VELHO","23243006622201660","Dispensa de Licitação","15834506000222016","Não se Aplica","INCISO II","SISPP","Objeto: Manutenção de Grupo Gerador",31/12/1899,"Encerrado","Existe Resultado de Compra","01 Jan 1900","Não Subrogou Compra","3.200,0000"
26000,"MINISTERIO DA EDUCACAO",26421,"INST.FED.DE EDUC.,CIENC.E TEC. DE RONDONIA",158345,"INST.FED.DE RONDONIA/CAMPUS PORTO VELHO/RO","RO","PORTO VELHO","23243006631201651","Inexigibilidade de Licitação","15834507000142016","Não se Aplica","INCISO II","SISPP","Objeto: Contratação de curso de capacitação In Company - A prática pedagógica embasada na consciência do coletivo",31/12/1899,"Encerrado","Existe Resultado de Compra","01 Jan 1900","Não Subrogou Compra","6.082,4400"
26000,"MINISTERIO DA EDUCACAO",26421,"INST.FED.DE EDUC.,CIENC.E TEC. DE RONDONIA",158345,"INST.FED.DE RONDONIA/CAMPUS PORTO VELHO/RO","RO","PORTO VELHO","23243006650201687","Dispensa de Licitação","15834506000252016","Não se Aplica","INCISO II","SISPP","Objeto: Adequação de sacada lateral e abertura de acesso entre salas (CSG).",31/12/1899,"Encerrado","Existe Resultado de Compra","01 Jan 1900","Não Subrogou Compra","6.000,0000"
26000,"MINISTERIO DA EDUCACAO",26421,"INST.FED.DE EDUC.,CIENC.E TEC. DE RONDONIA",158345,"INST.FED.DE RONDONIA/CAMPUS PORTO VELHO/RO","RO","PORTO VELHO","23243006638201672","Dispensa de Licitação","15834506000262016","Não se Aplica","INCISO II","SISPP","Objeto: Condicionador de ar, tipo SPLIT (evaporador + condensador), com capacidade de 24.000 Btu's, com controle remoto sem fio, incluindo mão-de-obra e todo o material necessário para instalação, inclusive fiação.",31/12/1899,"Encerrado","Existe Resultado de Compra","01 Jan 1900","Não Subrogou Compra","3.750,0000"
26000,"MINISTERIO DA EDUCACAO",26421,"INST.FED.DE EDUC.,CIENC.E TEC. DE RONDONIA",158345,"INST.FED.DE RONDONIA/CAMPUS PORTO VELHO/RO","RO","PORTO VELHO","23243006759201614","Inexigibilidade de Licitação","15834507000152016","Não se Aplica","INCISO II","SISPP","Objeto: Capacitação com pagamento de inscrição - Curso ""Legislação de Pessoal Avançada: Aspectos Polêmicos e Jurisprudenciais"" - Isângela de Souza Duarte",31/12/1899,"Encerrado","Existe Resultado de Compra","01 Jan 1900","Não Subrogou Compra","2.090,0000"
26000,"MINISTERIO DA EDUCACAO",26421,"INST.FED.DE EDUC.,CIENC.E TEC. DE RONDONIA",158345,"INST.FED.DE RONDONIA/CAMPUS PORTO VELHO/RO","RO","PORTO VELHO","23243006823201667","Inexigibilidade de Licitação","15834507000162016","Não se Aplica","INCISO II","SISPP","Objeto: Capacitação com inscrição em curso - Alecsandro de Goes Guedes",31/12/1899,"Encerrado","Existe Resultado de Compra","01 Jan 1900","Não Subrogou Compra","2.290,0000"
26000,"MINISTERIO DA EDUCACAO",26421,"INST.FED.DE EDUC.,CIENC.E TEC. DE RONDONIA",158345,"INST.FED.DE RONDONIA/CAMPUS PORTO VELHO/RO","RO","PORTO VELHO","23243007020201620","Inexigibilidade de Licitação","15834507000172016","Não se Aplica","INCISO II","SISPP","Objeto: Capacitação com pagamento de inscrição no curso ""Gestão e Fiscalização de Contratos"", Servidora Glícia Maria Dias de Freitas",31/12/1899,"Encerrado","Existe Resultado de Compra","01 Jan 1900","Não Subrogou Compra","2.490,0000"
26000,"MINISTERIO DA EDUCACAO",26421,"INST.FED.DE EDUC.,CIENC.E TEC. DE RONDONIA",158345,"INST.FED.DE RONDONIA/CAMPUS PORTO VELHO/RO","RO","PORTO VELHO","23243007001201601","Inexigibilidade de Licitação","15834507000182016","Não se Aplica","INCISO II","SISPP","Objeto: Capacitação com pagamento de inscrição no curso ""II Curso Tesouro Gerencial"", Servidora Jaime Filho",31/12/1899,"Encerrado","Existe Resultado de Compra","01 Jan 1900","Não Subrogou Compra","1.800,0000"
26000,"MINISTERIO DA EDUCACAO",26421,"INST.FED.DE EDUC.,CIENC.E TEC. DE RONDONIA",158345,"INST.FED.DE RONDONIA/CAMPUS PORTO VELHO/RO","RO","PORTO VELHO","23243003336201642","Inexigibilidade de Licitação","15834507000192016","Não se Aplica","INCISO II","SISPP","Objeto: Capacitação com pagamento de inscrição no curso ""XIII Semana de Administração Orçamentária"". Servidora Hedhyelma Alves de Oliveira.",31/12/1899,"Encerrado","Existe Resultado de Compra","01 Jan 1900","Não Subrogou Compra","2.790,0000"
26000,"MINISTERIO DA EDUCACAO",26421,"INST.FED.DE EDUC.,CIENC.E TEC. DE RONDONIA",158345,"INST.FED.DE RONDONIA/CAMPUS PORTO VELHO/RO","RO","PORTO VELHO","23243005009201625","Inexigibilidade de Licitação","15834507000202016","Não se Aplica","INCISO II","SISPP","Objeto: Capacitação com pagamento de inscrição no curso ""Curso de Negociação para Pregoeiros"". Servidora Patrícia Camargo de Sousa.",31/12/1899,"Encerrado","Existe Resultado de Compra","01 Jan 1900","Não Subrogou Compra","2.490,0000"
26000,"MINISTERIO DA EDUCACAO",26421,"INST.FED.DE EDUC.,CIENC.E TEC. DE RONDONIA",158345,"INST.FED.DE RONDONIA/CAMPUS PORTO VELHO/RO","RO","PORTO VELHO","23243007011201639","Inexigibilidade de Licitação","15834507000212016","Não se Aplica","INCISO II","SISPP","Objeto: Capacitação com pagamento de inscrição no curso ""Administração de Frota de Veículos"". Servidor Walmor Cruz dos Santos",31/12/1899,"Encerrado","Existe Resultado de Compra","01 Jan 1900","Não Subrogou Compra","2.400,0000"
26000,"MINISTERIO DA EDUCACAO",26421,"INST.FED.DE EDUC.,CIENC.E TEC. DE RONDONIA",158345,"INST.FED.DE RONDONIA/CAMPUS PORTO VELHO/RO","RO","PORTO VELHO","23243007890201607","Dispensa de Licitação","15834506000272016","Não se Aplica","INCISO II","SISPP","Objeto: Manutenção de 4 aparelhos condicionadores de ar tipo split.",31/12/1899,"Encerrado","Existe Resultado de Compra","01 Jan 1900","Não Subrogou Compra","2.160,0000"
26000,"MINISTERIO DA EDUCACAO",26421,"INST.FED.DE EDUC.,CIENC.E TEC. DE RONDONIA",158345,"INST.FED.DE RONDONIA/CAMPUS PORTO VELHO/RO","RO","PORTO VELHO","23243007849201622","Inexigibilidade de Licitação","15834507000222016","Não se Aplica","INCISO II","SISPP","Objeto: Assinatura Anual de Acesso ao Sistema Urânia",31/12/1899,"Encerrado","Existe Resultado de Compra","01 Jan 1900","Não Subrogou Compra","960,0000"
26000,"MINISTERIO DA EDUCACAO",26421,"INST.FED.DE EDUC.,CIENC.E TEC. DE RONDONIA",158376,"INST.FED.DE RONDONIA/CAMPUS JI-PARANA/RO","RO","JI-PARANA","23243002700201657","Pregão","15837605000042016","Não se Aplica","NAO SE APLICA","SISPP","Objeto: Pregão Eletrônico -  Recuperação da Quadra do Ginásio no Campus Ji-Paraná - Instituto Federal de Educação",31/5/2016,"Publicado","Existe Resultado de Compra","10 Jun 2016","Não Subrogou Compra","113.456,9900"
26000,"MINISTERIO DA EDUCACAO",26421,"INST.FED.DE EDUC.,CIENC.E TEC. DE RONDONIA",158376,"INST.FED.DE RONDONIA/CAMPUS JI-PARANA/RO","RO","JI-PARANA","23243.004877/2015","Pregão","15837605000052015","Não se Aplica","NAO SE APLICA","SISRP","Objeto: Pregão Eletrônico -  Futura Aquisição Equipamentos para Laboratórios",15/10/2015,"Publicado","Existe Resultado de Compra","09 Nov 2015","Não Subrogou Compra","3.674.736,2300"
26000,"MINISTERIO DA EDUCACAO",26421,"INST.FED.DE EDUC.,CIENC.E TEC. DE RONDONIA",158376,"INST.FED.DE RONDONIA/CAMPUS JI-PARANA/RO","RO","JI-PARANA","23243001613201682","Pregão","15837605000012016","Não se Aplica","NAO SE APLICA","SISRP","Objeto: Pregão Eletrônico -  Contratação eventual de serviços de vigilância (desarmada diurna e armada noturna).",13/6/2016,"Evento de Suspensão Publicado","Existe Resultado de Compra","01 Jul 2016","Não Subrogou Compra","1.746.648,9600"
26000,"MINISTERIO DA EDUCACAO",26421,"INST.FED.DE EDUC.,CIENC.E TEC. DE RONDONIA",158376,"INST.FED.DE RONDONIA/CAMPUS JI-PARANA/RO","RO","JI-PARANA","23243004336201589","Pregão","15837605000032016","Não se Aplica","NAO SE APLICA","SISRP","Objeto: Pregão Eletrônico -  Aquisição de Vidrarias e Descartáveis para Consumo em Laboratórios do Instituto Federal de Rondônia.",18/5/2016,"Publicado","Existe Resultado de Compra","31 Mai 2016","Não Subrogou Compra","1.404.500,9000"
26000,"MINISTERIO DA EDUCACAO",26421,"INST.FED.DE EDUC.,CIENC.E TEC. DE RONDONIA",158376,"INST.FED.DE RONDONIA/CAMPUS JI-PARANA/RO","RO","JI-PARANA","23000000000000000","Pregão","15837605000022016","Não se Aplica","NAO SE APLICA","SISRP","Objeto: Pregão Eletrônico -  Aquisição de estufas agrícolas/casa de vegetação (instaladas)",31/5/2016,"Evento de Alteração Publicado","Existe Resultado de Compra","31 Mai 2016","Não Subrogou Compra","324.966,4800"
26000,"MINISTERIO DA EDUCACAO",26421,"INST.FED.DE EDUC.,CIENC.E TEC. DE RONDONIA",158376,"INST.FED.DE RONDONIA/CAMPUS JI-PARANA/RO","RO","JI-PARANA"," 2324300321420165","Pregão","15837605000062016","Não se Aplica","NAO SE APLICA","SISRP","Objeto: Pregão Eletrônico -  Aquisição (futura) de materiais manutenção bens móveis.",21/6/2016,"Publicado","Existe Resultado de Compra","28 Jun 2016","Não Subrogou Compra","210.593,7000"
26000,"MINISTERIO DA EDUCACAO",26421,"INST.FED.DE EDUC.,CIENC.E TEC. DE RONDONIA",158376,"INST.FED.DE RONDONIA/CAMPUS JI-PARANA/RO","RO","JI-PARANA","23243006392201639","Pregão","15837605000072016","Não se Aplica","NAO SE APLICA","SISRP","Objeto: Pregão Eletrônico -  Contratação de Link Dedicado de Internet",21/10/2016,"Evento de Alteração Publicado","Existe Resultado de Compra","09 Nov 2016","Não Subrogou Compra","1.078.148,2665"
26000,"MINISTERIO DA EDUCACAO",26421,"INST.FED.DE EDUC.,CIENC.E TEC. DE RONDONIA",158376,"INST.FED.DE RONDONIA/CAMPUS JI-PARANA/RO","RO","JI-PARANA","23243006466201637","Pregão","15837605000082016","Não se Aplica","NAO SE APLICA","SISRP","Objeto: Pregão Eletrônico -  Futura Aquisição de Materiais Bibliográficos.",7/11/2016,"Publicado","Existe Resultado de Compra","09 Nov 2016","Não Subrogou Compra","1.291.457,2800"
26000,"MINISTERIO DA EDUCACAO",26421,"INST.FED.DE EDUC.,CIENC.E TEC. DE RONDONIA",158376,"INST.FED.DE RONDONIA/CAMPUS JI-PARANA/RO","RO","JI-PARANA","23243000048201636","Dispensa de Licitação","15837606000012016","Não se Aplica","INCISO II","SISPP","Objeto: Contratação de Serviço cerimonialista para colação de grau dos Cursos Técnicos 2015.",31/12/1899,"Encerrado","Existe Resultado de Compra","01 Jan 1900","Não Subrogou Compra","300,0000"
26000,"MINISTERIO DA EDUCACAO",26421,"INST.FED.DE EDUC.,CIENC.E TEC. DE RONDONIA",158376,"INST.FED.DE RONDONIA/CAMPUS JI-PARANA/RO","RO","JI-PARANA","23243000049201661","Dispensa de Licitação","15837606000022016","Não se Aplica","INCISO II","SISPP","Objeto: Contratação de Empresa especializada em decoração de ambiente para colação de grau de formandos 2015.",31/12/1899,"Encerrado","Existe Resultado de Compra","01 Jan 1900","Não Subrogou Compra","1.500,0000"
26000,"MINISTERIO DA EDUCACAO",26421,"INST.FED.DE EDUC.,CIENC.E TEC. DE RONDONIA",158376,"INST.FED.DE RONDONIA/CAMPUS JI-PARANA/RO","RO","JI-PARANA","23243000052201602","Dispensa de Licitação","15837606000032016","Não se Aplica","INCISO II","SISPP","Objeto: Locação de Equipamentos Climatizadores para Cerimônia de Colação de Grau de Formandos 2015.",31/12/1899,"Encerrado","Existe Resultado de Compra","01 Jan 1900","Não Subrogou Compra","1.500,0000"
26000,"MINISTERIO DA EDUCACAO",26421,"INST.FED.DE EDUC.,CIENC.E TEC. DE RONDONIA",158376,"INST.FED.DE RONDONIA/CAMPUS JI-PARANA/RO","RO","JI-PARANA","23243000651201618","Dispensa de Licitação","15837606000042016","Não se Aplica","INCISO II","SISPP","Objeto: Aquisição de materiais de consumo (EPI's) para utilização nos laboratórios de Química.",31/12/1899,"Encerrado","Existe Resultado de Compra","01 Jan 1900","Não Subrogou Compra","2.997,6000"
26000,"MINISTERIO DA EDUCACAO",26421,"INST.FED.DE EDUC.,CIENC.E TEC. DE RONDONIA",158376,"INST.FED.DE RONDONIA/CAMPUS JI-PARANA/RO","RO","JI-PARANA","23243000913201644","Dispensa de Licitação","15837606000052016","Não se Aplica","INCISO II","SISPP","Objeto: Contratação de serviço especializado em limpeza de fossa.",31/12/1899,"Encerrado","Existe Resultado de Compra","01 Jan 1900","Não Subrogou Compra","1.600,0000"
26000,"MINISTERIO DA EDUCACAO",26421,"INST.FED.DE EDUC.,CIENC.E TEC. DE RONDONIA",158376,"INST.FED.DE RONDONIA/CAMPUS JI-PARANA/RO","RO","JI-PARANA","23243001228201635","Dispensa de Licitação","15837606000062016","Não se Aplica","INCISO II","SISPP","Objeto: Locação de equipamento de climatização de ar para ambiente (Colação de grau).",31/12/1899,"Encerrado","Existe Resultado de Compra","01 Jan 1900","Não Subrogou Compra","1.250,0000"
26000,"MINISTERIO DA EDUCACAO",26421,"INST.FED.DE EDUC.,CIENC.E TEC. DE RONDONIA",158376,"INST.FED.DE RONDONIA/CAMPUS JI-PARANA/RO","RO","JI-PARANA","23243001512201610","Dispensa de Licitação","15837606000072016","Não se Aplica","INCISO II","SISPP","Objeto: Aquisição de Crachás para Comissão Organizadora em eventos",31/12/1899,"Encerrado","Existe Resultado de Compra","01 Jan 1900","Não Subrogou Compra","1.058,0000"
26000,"MINISTERIO DA EDUCACAO",26421,"INST.FED.DE EDUC.,CIENC.E TEC. DE RONDONIA",158376,"INST.FED.DE RONDONIA/CAMPUS JI-PARANA/RO","RO","JI-PARANA","23243001820201637","Dispensa de Licitação","15837606000082016","Não se Aplica","INCISO II","SISPP","Objeto: Aquisição de materiais necessários na enfermaria de uso contínuo.",31/12/1899,"Encerrado","Existe Resultado de Compra","01 Jan 1900","Não Subrogou Compra","152,3400"
26000,"MINISTERIO DA EDUCACAO",26421,"INST.FED.DE EDUC.,CIENC.E TEC. DE RONDONIA",158376,"INST.FED.DE RONDONIA/CAMPUS JI-PARANA/RO","RO","JI-PARANA","23243001619201650","Inexigibilidade de Licitação","15837607000012016","Não se Aplica","INCISO II","SISPP","Objeto: Pagamento de Inscrição em curso de economia de Energia - Eficiência energética em prédios públicos para Capacitação de Servidor",31/12/1899,"Encerrado","Existe Resultado de Compra","01 Jan 1900","Não Subrogou Compra","7.200,0000"
26000,"MINISTERIO DA EDUCACAO",26421,"INST.FED.DE EDUC.,CIENC.E TEC. DE RONDONIA",158376,"INST.FED.DE RONDONIA/CAMPUS JI-PARANA/RO","RO","JI-PARANA","23243002221201631","Dispensa de Licitação","15837606000092016","Não se Aplica","INCISO II","SISPP","Objeto: Aquisição de vidros com serviço de colagem para montagem de maquetes para o Técnico em Florestas.",31/12/1899,"Encerrado","Existe Resultado de Compra","01 Jan 1900","Não Subrogou Compra","1.138,8000"
26000,"MINISTERIO DA EDUCACAO",26421,"INST.FED.DE EDUC.,CIENC.E TEC. DE RONDONIA",158376,"INST.FED.DE RONDONIA/CAMPUS JI-PARANA/RO","RO","JI-PARANA","232430023342016","Dispensa de Licitação","15837606000102016","Não se Aplica","INCISO II","SISPP","Objeto: Aquisição de placas frontais e traseiras para veículos oficiais do campus.",31/12/1899,"Encerrado","Existe Resultado de Compra","01 Jan 1900","Não Subrogou Compra","420,0000"
26000,"MINISTERIO DA EDUCACAO",26421,"INST.FED.DE EDUC.,CIENC.E TEC. DE RONDONIA",158376,"INST.FED.DE RONDONIA/CAMPUS JI-PARANA/RO","RO","JI-PARANA","23243003084201651","Inexigibilidade de Licitação","15837607000022016","Não se Aplica","INCISO II","SISPP","Objeto: Inscrição do servidor Diego Souza Bezerra Veloso no curso ?Gerencia de Redes de Computadores?, a ser realizado de 18 a 22/07/2016, em Porto Alegre RS.",31/12/1899,"Encerrado","Existe Resultado de Compra","01 Jan 1900","Não Subrogou Compra","1.536,0000"
26000,"MINISTERIO DA EDUCACAO",26421,"INST.FED.DE EDUC.,CIENC.E TEC. DE RONDONIA",158376,"INST.FED.DE RONDONIA/CAMPUS JI-PARANA/RO","RO","JI-PARANA","23243004078201611","Dispensa de Licitação","15837606000112016","Não se Aplica","INCISO II","SISPP","Objeto: Aquisição de relógio sinaleiro digital",31/12/1899,"Encerrado","Existe Resultado de Compra","01 Jan 1900","Não Subrogou Compra","942,3600"
26000,"MINISTERIO DA EDUCACAO",26421,"INST.FED.DE EDUC.,CIENC.E TEC. DE RONDONIA",158376,"INST.FED.DE RONDONIA/CAMPUS JI-PARANA/RO","RO","JI-PARANA","23243003328201604","Inexigibilidade de Licitação","15837607000032016","Não se Aplica","INCISO II","SISPP","Objeto: Inscrição do servidor Marlos Tadeu Alves Hibner no curso ?Curso de PfSense Online?, a ser realizado por meio virtual.",31/12/1899,"Encerrado","Existe Resultado de Compra","01 Jan 1900","Não Subrogou Compra","450,0000"
26000,"MINISTERIO DA EDUCACAO",26421,"INST.FED.DE EDUC.,CIENC.E TEC. DE RONDONIA",158376,"INST.FED.DE RONDONIA/CAMPUS JI-PARANA/RO","RO","JI-PARANA","23243003417201642","Inexigibilidade de Licitação","15837607000042016","Não se Aplica","INCISO II","SISPP","Objeto: Inscrição do servidor Wesley Kozak Azevedo no curso ?Curso Especialista Linux?, a ser realizado por meio via vídeo aula/internet com professor ao vivo .",31/12/1899,"Encerrado","Existe Resultado de Compra","01 Jan 1900","Não Subrogou Compra","700,0000"
26000,"MINISTERIO DA EDUCACAO",26421,"INST.FED.DE EDUC.,CIENC.E TEC. DE RONDONIA",158376,"INST.FED.DE RONDONIA/CAMPUS JI-PARANA/RO","RO","JI-PARANA","23243004786201652","Dispensa de Licitação","15837606000122016","Não se Aplica","INCISO II","SISPP","Objeto: Aquisição de Telescópio Monocular para aluna com necessidades especiais do Campus.",31/12/1899,"Encerrado","Existe Resultado de Compra","01 Jan 1900","Não Subrogou Compra","2.703,4800"
26000,"MINISTERIO DA EDUCACAO",26421,"INST.FED.DE EDUC.,CIENC.E TEC. DE RONDONIA",158376,"INST.FED.DE RONDONIA/CAMPUS JI-PARANA/RO","RO","JI-PARANA","23243004839201635","Dispensa de Licitação","15837606000132016","Não se Aplica","INCISO II","SISPP","Objeto: Aquisição de Coletor de Urina (Papagaio) Utilizado em pessoas do sexo masculino com dificuldades de locomoção, como cadeirantes.",31/12/1899,"Encerrado","Existe Resultado de Compra","01 Jan 1900","Não Subrogou Compra","114,9200"
26000,"MINISTERIO DA EDUCACAO",26421,"INST.FED.DE EDUC.,CIENC.E TEC. DE RONDONIA",158376,"INST.FED.DE RONDONIA/CAMPUS JI-PARANA/RO","RO","JI-PARANA","23243004885201634","Dispensa de Licitação","15837606000142016","Não se Aplica","INCISO II","SISPP","Objeto: Aquisição de Medicamentos para kit primeiros socorros (V JIFRO)",31/12/1899,"Encerrado","Existe Resultado de Compra","01 Jan 1900","Não Subrogou Compra","598,3400"
26000,"MINISTERIO DA EDUCACAO",26421,"INST.FED.DE EDUC.,CIENC.E TEC. DE RONDONIA",158376,"INST.FED.DE RONDONIA/CAMPUS JI-PARANA/RO","RO","JI-PARANA","23243005147201612","Dispensa de Licitação","15837606000152016","Não se Aplica","INCISO II","SISPP","Objeto: Aquisição de carga de gás GLP.",31/12/1899,"Encerrado","Existe Resultado de Compra","01 Jan 1900","Não Subrogou Compra","189,0000"
26000,"MINISTERIO DA EDUCACAO",26421,"INST.FED.DE EDUC.,CIENC.E TEC. DE RONDONIA",158376,"INST.FED.DE RONDONIA/CAMPUS JI-PARANA/RO","RO","JI-PARANA","23243005265201612","Dispensa de Licitação","15837606000162016","Não se Aplica","INCISO II","SISPP","Objeto: Contratação de serviço especializado em decoração de ambiente - Colação de Grau",31/12/1899,"Encerrado","Existe Resultado de Compra","01 Jan 1900","Não Subrogou Compra","1.350,0000"
26000,"MINISTERIO DA EDUCACAO",26421,"INST.FED.DE EDUC.,CIENC.E TEC. DE RONDONIA",158376,"INST.FED.DE RONDONIA/CAMPUS JI-PARANA/RO","RO","JI-PARANA","23243005246201696","Inexigibilidade de Licitação","15837607000052016","Não se Aplica","INCISO I","SISPP","Objeto: Contratação de ferramenta de pesquisas e comparações de preços praticados pela Administração Pública para subsidiar orçamento estimativo das contratações.",31/12/1899,"Encerrado","Existe Resultado de Compra","01 Jan 1900","Não Subrogou Compra","7.990,0000"
26000,"MINISTERIO DA EDUCACAO",26421,"INST.FED.DE EDUC.,CIENC.E TEC. DE RONDONIA",158376,"INST.FED.DE RONDONIA/CAMPUS JI-PARANA/RO","RO","JI-PARANA","23243006312201645","Dispensa de Licitação","15837606000172016","Não se Aplica","INCISO II","SISPP","Objeto: Aquisição de água mineral para evento.",31/12/1899,"Encerrado","Existe Resultado de Compra","01 Jan 1900","Não Subrogou Compra","53,4000"
26000,"MINISTERIO DA EDUCACAO",26421,"INST.FED.DE EDUC.,CIENC.E TEC. DE RONDONIA",158376,"INST.FED.DE RONDONIA/CAMPUS JI-PARANA/RO","RO","JI-PARANA","23243006056201696","Inexigibilidade de Licitação","15837607000062016","Não se Aplica","INCISO I","SISPP","Objeto: Aquisição de pacote com vídeo de cursos didáticos na área de desenvolvimento de software.",31/12/1899,"Encerrado","Existe Resultado de Compra","01 Jan 1900","Não Subrogou Compra","1.900,0000"
26000,"MINISTERIO DA EDUCACAO",26421,"INST.FED.DE EDUC.,CIENC.E TEC. DE RONDONIA",158376,"INST.FED.DE RONDONIA/CAMPUS JI-PARANA/RO","RO","JI-PARANA","23243006505201604","Inexigibilidade de Licitação","15837607000072016","Não se Aplica","INCISO II","SISPP","Objeto: Inscrição de servidora Andreza Pereira Mendonça no ""Curso de Software R Aplicado à análise de Biodiversidade"", a ser realizado nos dias 12 a 15 de novembro.",31/12/1899,"Encerrado","Existe Resultado de Compra","01 Jan 1900","Não Subrogou Compra","1.287,0000"
26000,"MINISTERIO DA EDUCACAO",26421,"INST.FED.DE EDUC.,CIENC.E TEC. DE RONDONIA",158376,"INST.FED.DE RONDONIA/CAMPUS JI-PARANA/RO","RO","JI-PARANA","23243006570201621","Inexigibilidade de Licitação","15837607000082016","Não se Aplica","INCISO II","SISPP","Objeto: Inscrição do servidor Valério Magalhães Lopes no curso  Curso Cromatografia Gasosa Acoplada a Espectrometria de Massas: GC/MS e GS/MS/MS   Teoria e Pratica em Laboratório , a ser realizado dos dias 12 a 16 de Dezembro",31/12/1899,"Encerrado","Existe Resultado de Compra","01 Jan 1900","Não Subrogou Compra","1.900,0000"
26000,"MINISTERIO DA EDUCACAO",26421,"INST.FED.DE EDUC.,CIENC.E TEC. DE RONDONIA",158376,"INST.FED.DE RONDONIA/CAMPUS JI-PARANA/RO","RO","JI-PARANA","23243006672201647","Inexigibilidade de Licitação","15837607000092016","Não se Aplica","INCISO I","SISPP","Objeto: Renovação de software Urânia, ano letivo 2017.",31/12/1899,"Encerrado","Existe Resultado de Compra","01 Jan 1900","Não Subrogou Compra","730,0000"
26000,"MINISTERIO DA EDUCACAO",26421,"INST.FED.DE EDUC.,CIENC.E TEC. DE RONDONIA",158376,"INST.FED.DE RONDONIA/CAMPUS JI-PARANA/RO","RO","JI-PARANA","23243006673201691","Inexigibilidade de Licitação","15837607000102016","Não se Aplica","INCISO II","SISPP","Objeto: Curso capacitação de servidor - Curso de Interpretação da Análise de Solo para Condições de Cerrado.",31/12/1899,"Encerrado","Existe Resultado de Compra","01 Jan 1900","Não Subrogou Compra","400,0000"
26000,"MINISTERIO DA EDUCACAO",26421,"INST.FED.DE EDUC.,CIENC.E TEC. DE RONDONIA",158376,"INST.FED.DE RONDONIA/CAMPUS JI-PARANA/RO","RO","JI-PARANA","2343006883201680","Dispensa de Licitação","15837606000182016","Não se Aplica","INCISO II","SISPP","Objeto: Aquisição de gás GLP",31/12/1899,"Encerrado","Existe Resultado de Compra","01 Jan 1900","Não Subrogou Compra","198,0000"
26000,"MINISTERIO DA EDUCACAO",26421,"INST.FED.DE EDUC.,CIENC.E TEC. DE RONDONIA",158532,"CAMPUS ZONA NORTE IFECT RO","RO","PORTO VELHO","23243005457201548","Pregão","15853205000072015","Não se Aplica","NAO SE APLICA","SISPP","Objeto: Pregão Eletrônico -  Concessão de uso de espaço físico para exploração de serviços de lanchonete e restaurante.",21/12/2015,"Publicado","Existe Resultado de Compra","20 Jan 2016","Não Subrogou Compra","261,2700"
26000,"MINISTERIO DA EDUCACAO",26421,"INST.FED.DE EDUC.,CIENC.E TEC. DE RONDONIA",158532,"CAMPUS ZONA NORTE IFECT RO","RO","PORTO VELHO","23243005917201538","Pregão","15853205000082015","Não se Aplica","NAO SE APLICA","SISPP","Objeto: Pregão Eletrônico -  Concessão administrativa de uso de bem público para serviços reprográficos.",1/2/2016,"Publicado","Existe Resultado de Compra","04 Fev 2016","Não Subrogou Compra","54,1600"
26000,"MINISTERIO DA EDUCACAO",26421,"INST.FED.DE EDUC.,CIENC.E TEC. DE RONDONIA",158532,"CAMPUS ZONA NORTE IFECT RO","RO","PORTO VELHO","23243000062201630","Pregão","15853205000012016","Não se Aplica","NAO SE APLICA","SISRP","Objeto: Pregão Eletrônico -  Compra compartilhada de Carimbos.",21/3/2016,"Evento de Resultado de Julgamento Publicado","Existe Resultado de Compra","30 Mar 2016","Não Subrogou Compra","133.195,0200"
26000,"MINISTERIO DA EDUCACAO",26421,"INST.FED.DE EDUC.,CIENC.E TEC. DE RONDONIA",158532,"CAMPUS ZONA NORTE IFECT RO","RO","PORTO VELHO","23243001645201688","Pregão","15853205000032016","Não se Aplica","NAO SE APLICA","SISRP","Objeto: Pregão Eletrônico -  Aquisição de Compras Compartilhada Àgua e Gás GLP",10/5/2016,"Evento de Alteração Publicado","Existe Resultado de Compra","24 Mai 2016","Não Subrogou Compra","127.363,5900"
26000,"MINISTERIO DA EDUCACAO",26421,"INST.FED.DE EDUC.,CIENC.E TEC. DE RONDONIA",158532,"CAMPUS ZONA NORTE IFECT RO","RO","PORTO VELHO","23243001645201688","Pregão","15853205000042016","Não se Aplica","NAO SE APLICA","SISRP","Objeto: Pregão Eletrônico -  Itens cancelados de SRP 03/2016 de Água Mineral e Gás GLP",24/6/2016,"Publicado","Existe Resultado de Compra","29 Jun 2016","Não Subrogou Compra","138.025,3300"
26000,"MINISTERIO DA EDUCACAO",26421,"INST.FED.DE EDUC.,CIENC.E TEC. DE RONDONIA",158532,"CAMPUS ZONA NORTE IFECT RO","RO","PORTO VELHO","23243003268201611","Pregão","15853205000052016","Não se Aplica","NAO SE APLICA","SISRP","Objeto: Pregão Eletrônico -  Aquisição de suprimento para impressora.",8/7/2016,"Evento de Resultado de Julgamento Publicado","Existe Resultado de Compra","01 Ago 2016","Não Subrogou Compra","997.784,1134"
26000,"MINISTERIO DA EDUCACAO",26421,"INST.FED.DE EDUC.,CIENC.E TEC. DE RONDONIA",158532,"CAMPUS ZONA NORTE IFECT RO","RO","PORTO VELHO","23243003285201659","Pregão","15853205000062016","Não se Aplica","NAO SE APLICA","SISRP","Objeto: Pregão Eletrônico -  Aquisição de Materiais de Construção",9/9/2016,"Publicado","Existe Resultado de Compra","23 Set 2016","Não Subrogou Compra","236.472,1018"
26000,"MINISTERIO DA EDUCACAO",26421,"INST.FED.DE EDUC.,CIENC.E TEC. DE RONDONIA",158532,"CAMPUS ZONA NORTE IFECT RO","RO","PORTO VELHO","23243003351201691","Pregão","15853205000072016","Não se Aplica","NAO SE APLICA","SISRP","Objeto: Pregão Eletrônico -  Aquisição de Material de Consumo e Permanente Diversos",2/9/2016,"Publicado","Existe Resultado de Compra","23 Set 2016","Não Subrogou Compra","141.257,8300"
26000,"MINISTERIO DA EDUCACAO",26421,"INST.FED.DE EDUC.,CIENC.E TEC. DE RONDONIA",158532,"CAMPUS ZONA NORTE IFECT RO","RO","PORTO VELHO","23243006389201615","Pregão","15853205000082016","Não se Aplica","NAO SE APLICA","SISRP","Objeto: Pregão Eletrônico -  Compra compartilhada de Material Gráfico",24/11/2016,"Evento de Resultado de Julgamento Publicado","Existe Resultado de Compra","25 Nov 2016","Não Subrogou Compra","2.605.378,4500"
26000,"MINISTERIO DA EDUCACAO",26421,"INST.FED.DE EDUC.,CIENC.E TEC. DE RONDONIA",158532,"CAMPUS ZONA NORTE IFECT RO","RO","PORTO VELHO","23243000515201628","Inexigibilidade de Licitação","15853207000012016","Não se Aplica","CAPUT","SISPP","Objeto: Abastecimento de água através da Companhia de Aguas e Esgoto do Estado de Rondônia",31/12/1899,"Encerrado","Existe Resultado de Compra","01 Jan 1900","Não Subrogou Compra","1.000,0000"
26000,"MINISTERIO DA EDUCACAO",26421,"INST.FED.DE EDUC.,CIENC.E TEC. DE RONDONIA",158532,"CAMPUS ZONA NORTE IFECT RO","RO","PORTO VELHO","23243001122201631","Dispensa de Licitação","15853206000012016","Não se Aplica","INCISO II","SISPP","Objeto: Materiais de Construção Diversos",31/12/1899,"Encerrado","Existe Resultado de Compra","01 Jan 1900","Não Subrogou Compra","6.637,5800"
26000,"MINISTERIO DA EDUCACAO",26421,"INST.FED.DE EDUC.,CIENC.E TEC. DE RONDONIA",158532,"CAMPUS ZONA NORTE IFECT RO","RO","PORTO VELHO","23243000907201697","Dispensa de Licitação","15853206000022016","Não se Aplica","INCISO II","SISPP","Objeto: Aquisição de licença de uso de software pacote adobe",31/12/1899,"Encerrado","Existe Resultado de Compra","01 Jan 1900","Não Subrogou Compra","1.390,0000"
26000,"MINISTERIO DA EDUCACAO",26421,"INST.FED.DE EDUC.,CIENC.E TEC. DE RONDONIA",158532,"CAMPUS ZONA NORTE IFECT RO","RO","PORTO VELHO","23243003206201618","Dispensa de Licitação","15853206000032016","Não se Aplica","INCISO II","SISPP","Objeto: Aquisição de HD SEAGATE CONSTELLATION ES.2 MODELO ST33000650SS   3TB    Local de entrega do bem: Avenida Jorge Teixeira nº 3146    Setor Industrial, Porto Velho /RO, CEP 76821-002",31/12/1899,"Encerrado","Existe Resultado de Compra","01 Jan 1900","Não Subrogou Compra","1.500,0000"
26000,"MINISTERIO DA EDUCACAO",26421,"INST.FED.DE EDUC.,CIENC.E TEC. DE RONDONIA",158532,"CAMPUS ZONA NORTE IFECT RO","RO","PORTO VELHO","23243002625201624","Inexigibilidade de Licitação","15853207000022016","Não se Aplica","INCISO II","SISPP","Objeto: Curso de Produção Editorial com carga horária de 42 (quarenta e duas) horas",31/12/1899,"Encerrado","Existe Resultado de Compra","01 Jan 1900","Não Subrogou Compra","420,0000"
26000,"MINISTERIO DA EDUCACAO",26421,"INST.FED.DE EDUC.,CIENC.E TEC. DE RONDONIA",158532,"CAMPUS ZONA NORTE IFECT RO","RO","PORTO VELHO","23243.00278620161","Inexigibilidade de Licitação","15853207000032016","Não se Aplica","INCISO II","SISPP","Objeto: Inscrição no IX Congresso de Gestão Pública",31/12/1899,"Encerrado","Existe Resultado de Compra","01 Jan 1900","Não Subrogou Compra","200,0000"
26000,"MINISTERIO DA EDUCACAO",26421,"INST.FED.DE EDUC.,CIENC.E TEC. DE RONDONIA",158532,"CAMPUS ZONA NORTE IFECT RO","RO","PORTO VELHO","23243002787201662","Inexigibilidade de Licitação","15853207000042016","Não se Aplica","INCISO II","SISPP","Objeto: Curso de capacitação de instalador e reparador de redes de computadores  carga horária 200 horas",31/12/1899,"Encerrado","Existe Resultado de Compra","01 Jan 1900","Não Subrogou Compra","1.300,0200"
26000,"MINISTERIO DA EDUCACAO",26421,"INST.FED.DE EDUC.,CIENC.E TEC. DE RONDONIA",158532,"CAMPUS ZONA NORTE IFECT RO","RO","PORTO VELHO","23243003152201682","Inexigibilidade de Licitação","15853207000052016","Não se Aplica","INCISO II","SISPP","Objeto: Participação em evento de capacitação XIII SEMANA DE ADMINISTRAÇÃO ORÇAMENTARIA - ETAPA BELE",31/12/1899,"Encerrado","Existe Resultado de Compra","01 Jan 1900","Não Subrogou Compra","400,0000"
26000,"MINISTERIO DA EDUCACAO",26421,"INST.FED.DE EDUC.,CIENC.E TEC. DE RONDONIA",158532,"CAMPUS ZONA NORTE IFECT RO","RO","PORTO VELHO","23243002755201667","Inexigibilidade de Licitação","15853207000062016","Não se Aplica","INCISO II","SISPP","Objeto: Curso de Pós Graduação em MBA - Ciência de Dados e Big Data Analytics",31/12/1899,"Encerrado","Existe Resultado de Compra","01 Jan 1900","Não Subrogou Compra","6.750,0000"
26000,"MINISTERIO DA EDUCACAO",26421,"INST.FED.DE EDUC.,CIENC.E TEC. DE RONDONIA",158532,"CAMPUS ZONA NORTE IFECT RO","RO","PORTO VELHO","23243004721201615","Dispensa de Licitação","15853206000042016","Não se Aplica","INCISO II","SISPP","Objeto: Aquisição de Uniformes para o Jifro",31/12/1899,"Encerrado","Existe Resultado de Compra","01 Jan 1900","Não Subrogou Compra","7.960,0000"
26000,"MINISTERIO DA EDUCACAO",26421,"INST.FED.DE EDUC.,CIENC.E TEC. DE RONDONIA",158532,"CAMPUS ZONA NORTE IFECT RO","RO","PORTO VELHO","23243004590201668","Inexigibilidade de Licitação","15853207000072016","Não se Aplica","INCISO II","SISPP","Objeto: Inscrição de Capacitação para o servidor participar do XXXVI- Encontro Nacional de Dirigentes de Pessoal e Recursos Humanos das Instituições Federais.",31/12/1899,"Encerrado","Existe Resultado de Compra","01 Jan 1900","Não Subrogou Compra","400,0000"
26000,"MINISTERIO DA EDUCACAO",26421,"INST.FED.DE EDUC.,CIENC.E TEC. DE RONDONIA",158532,"CAMPUS ZONA NORTE IFECT RO","RO","PORTO VELHO","23243004609201676","Inexigibilidade de Licitação","15853207000082016","Não se Aplica","INCISO II","SISPP","Objeto: Inscrição no XIX Seminário Nacional de Bibliotecas Universitárias",31/12/1899,"Anulação","Existe Resultado de Compra","01 Jan 1900","Não Subrogou Compra","570,0000"
26000,"MINISTERIO DA EDUCACAO",26421,"INST.FED.DE EDUC.,CIENC.E TEC. DE RONDONIA",158532,"CAMPUS ZONA NORTE IFECT RO","RO","PORTO VELHO","232430048201612","Dispensa de Licitação","15853206000052016","Não se Aplica","INCISO I","SISPP","Objeto: Contratação de empresa especializada em elaboração de projeto executivo, descritivo técnico para adequação do novo estúdio para EAD - Educação a Distância",31/12/1899,"Encerrado","Existe Resultado de Compra","01 Jan 1900","Não Subrogou Compra","14.850,0000"
26000,"MINISTERIO DA EDUCACAO",26421,"INST.FED.DE EDUC.,CIENC.E TEC. DE RONDONIA",158532,"CAMPUS ZONA NORTE IFECT RO","RO","PORTO VELHO","23243004855201628","Dispensa de Licitação","15853206000062016","Não se Aplica","INCISO II","SISPP","Objeto: Contratação de serviços de logistica para suporte Jifro",31/12/1899,"Encerrado","Existe Resultado de Compra","01 Jan 1900","Não Subrogou Compra","4.700,0000"
26000,"MINISTERIO DA EDUCACAO",26421,"INST.FED.DE EDUC.,CIENC.E TEC. DE RONDONIA",158532,"CAMPUS ZONA NORTE IFECT RO","RO","PORTO VELHO","23243004854201628","Dispensa de Licitação","15853206000072016","Não se Aplica","INCISO II","SISPP","Objeto: Aquisição de medicamentos e materiais hospitalares para formar Kit de Pronto Socorro - JIFRO",31/12/1899,"Encerrado","Existe Resultado de Compra","01 Jan 1900","Não Subrogou Compra","469,9000"
26000,"MINISTERIO DA EDUCACAO",26421,"INST.FED.DE EDUC.,CIENC.E TEC. DE RONDONIA",158532,"CAMPUS ZONA NORTE IFECT RO","RO","PORTO VELHO","23243004609201676","Inexigibilidade de Licitação","15853207000092016","Não se Aplica","INCISO II","SISPP","Objeto: Capacitação de servidor- XIX Seminário Nacional de bibliotecas Universitárias",31/12/1899,"Encerrado","Existe Resultado de Compra","01 Jan 1900","Não Subrogou Compra","830,0000"
26000,"MINISTERIO DA EDUCACAO",26421,"INST.FED.DE EDUC.,CIENC.E TEC. DE RONDONIA",158532,"CAMPUS ZONA NORTE IFECT RO","RO","PORTO VELHO","23243005698201678","Inexigibilidade de Licitação","15853207000102016","Não se Aplica","INCISO II","SISPP","Objeto: Capacitação do Servidor",31/12/1899,"Encerrado","Existe Resultado de Compra","01 Jan 1900","Não Subrogou Compra","187,4000"
26000,"MINISTERIO DA EDUCACAO",26421,"INST.FED.DE EDUC.,CIENC.E TEC. DE RONDONIA",158532,"CAMPUS ZONA NORTE IFECT RO","RO","PORTO VELHO","23243006891201626","Dispensa de Licitação","15853206000082016","Não se Aplica","INCISO II","SISPP","Objeto: Aquisição de Materiais de Consumo Pronatec",31/12/1899,"Encerrado","Existe Resultado de Compra","01 Jan 1900","Não Subrogou Compra","3.795,0000"
26000,"MINISTERIO DA EDUCACAO",26421,"INST.FED.DE EDUC.,CIENC.E TEC. DE RONDONIA",158532,"CAMPUS ZONA NORTE IFECT RO","RO","PORTO VELHO","23243007866201660","Dispensa de Licitação","15853206000092016","Não se Aplica","INCISO II","SISPP","Objeto: Aquisição de Placas de Veículos",31/12/1899,"Encerrado","Existe Resultado de Compra","01 Jan 1900","Não Subrogou Compra","200,0000"
26000,"MINISTERIO DA EDUCACAO",26421,"INST.FED.DE EDUC.,CIENC.E TEC. DE RONDONIA",158533,"CAMPUS CACOAL IFECT RO","RO","CACOAL","003819-2015-66","Pregão","15853305000012016","Não se Aplica","NAO SE APLICA","SISRP","Objeto: Pregão Eletrônico -  Contratação de serviços de esgotamento de fossa.",10/6/2016,"Evento de Resultado de Julgamento Publicado","Existe Resultado de Compra","14 Jun 2016","Não Subrogou Compra","6.442,2000"
26000,"MINISTERIO DA EDUCACAO",26421,"INST.FED.DE EDUC.,CIENC.E TEC. DE RONDONIA",158533,"CAMPUS CACOAL IFECT RO","RO","CACOAL","004470/2015-80","Pregão","15853305000022016","Não se Aplica","NAO SE APLICA","SISRP","Objeto: Pregão Eletrônico -  Aquisição de bomba d'água e painel de comando.",9/6/2016,"Evento de Resultado de Julgamento Publicado","Existe Resultado de Compra","13 Jun 2016","Não Subrogou Compra","19.952,1400"
26000,"MINISTERIO DA EDUCACAO",26421,"INST.FED.DE EDUC.,CIENC.E TEC. DE RONDONIA",158533,"CAMPUS CACOAL IFECT RO","RO","CACOAL","004912/2015-98","Pregão","15853305000042016","Não se Aplica","NAO SE APLICA","SISRP","Objeto: Pregão Eletrônico -  Aquisição de Materiais para Eventos e Artes",12/7/2016,"Evento de Resultado de Julgamento Publicado","Existe Resultado de Compra","22 Jul 2016","Não Subrogou Compra","91.270,5000"
26000,"MINISTERIO DA EDUCACAO",26421,"INST.FED.DE EDUC.,CIENC.E TEC. DE RONDONIA",158533,"CAMPUS CACOAL IFECT RO","RO","CACOAL","004454/2015-97","Pregão","15853305000032016","Não se Aplica","NAO SE APLICA","SISRP","Objeto: Pregão Eletrônico -  Aquisição de Filtro e Elemento Filtrante",20/9/2016,"Evento de Resultado de Julgamento Publicado","Existe Resultado de Compra","26 Set 2016","Não Subrogou Compra","107.222,4900"
26000,"MINISTERIO DA EDUCACAO",26421,"INST.FED.DE EDUC.,CIENC.E TEC. DE RONDONIA",158533,"CAMPUS CACOAL IFECT RO","RO","CACOAL","005416/2016-32","Pregão","15853305000052016","Não se Aplica","NAO SE APLICA","SISRP","Objeto: Pregão Eletrônico -  Aquisição de Equipamentos de Refrigeração, TVs, Suporte, Buffet Térmico e outros.",28/11/2016,"Evento de Resultado de Julgamento Publicado","Existe Resultado de Compra","21 Dez 2016","Não Subrogou Compra","2.672.448,2300"
26000,"MINISTERIO DA EDUCACAO",26421,"INST.FED.DE EDUC.,CIENC.E TEC. DE RONDONIA",158533,"CAMPUS CACOAL IFECT RO","RO","CACOAL","23243000710201658","Dispensa de Licitação","15853306000012016","Não se Aplica","INCISO II","SISPP","Objeto: Aquisição de materiais para refeitório",31/12/1899,"Encerrado","Existe Resultado de Compra","01 Jan 1900","Não Subrogou Compra","5.435,0000"
26000,"MINISTERIO DA EDUCACAO",26421,"INST.FED.DE EDUC.,CIENC.E TEC. DE RONDONIA",158533,"CAMPUS CACOAL IFECT RO","RO","CACOAL","23243002423201682","Inexigibilidade de Licitação","15853307000012016","Não se Aplica","CAPUT","SISPP","Objeto: Contratação de empresa especializada para prestação de serviços, por meio de acesso on-line a consulta de pesquisa de valores através de ""BANCO DE PREÇOS"", aonde disponibilizará informativos dos preços praticados no Mercado Público Nacional, valores de referências e Atas de Registro de Preços.",31/12/1899,"Encerrado","Existe Resultado de Compra","01 Jan 1900","Não Subrogou Compra","7.990,0000"
26000,"MINISTERIO DA EDUCACAO",26421,"INST.FED.DE EDUC.,CIENC.E TEC. DE RONDONIA",158533,"CAMPUS CACOAL IFECT RO","RO","CACOAL","23243003111201696","Inexigibilidade de Licitação","15853307000022016","Não se Aplica","INCISO II","SISPP","Objeto: Inexigibilidade de Licitação para Participação na XII Semana Orçamentária, etapa do Pará",31/12/1899,"Encerrado","Existe Resultado de Compra","01 Jan 1900","Não Subrogou Compra","800,0000"
26000,"MINISTERIO DA EDUCACAO",26421,"INST.FED.DE EDUC.,CIENC.E TEC. DE RONDONIA",158533,"CAMPUS CACOAL IFECT RO","RO","CACOAL","003736/2016-58","Dispensa de Licitação","15853306000022016","Não se Aplica","INCISO IV","SISPP","Objeto: Aquisição de Gêneros Alimentícios",31/12/1899,"Evento de Retificação Publicado","Existe Resultado de Compra","01 Jan 1900","Não Subrogou Compra","7.710,4000"
