"Órgão Sup UResp Compra ID","Órgão Vinc UResp Compra DESC","Órgão UResp Compra ID","Órgão UResp Compra DESC","Cod UResp Compra DESC","Cod UResp Compra NOME","UF UResp Compra DESC","Municipio UResp Compra DESC","Número Processo Compra DESC","Modalidade Compra DESC","Identif Compra DESC","Tipo Licitação DESC","Inciso Disp Legal DESC","Forma Compra DESC","Objeto Compra DESC","Dia Abert Sessão Publ ID","Sit Atual Compra DESC","Existência Result Compra DESC","Dia Homologação Compra DESC","Sub-rogação Compra DESC","Valor Total Homologado"
26000,"MINISTERIO DA EDUCACAO",26421,"INST.FED.DE EDUC.,CIENC.E TEC. DE RONDONIA",158148,"INST.FED.DE EDUC.,CIENC.E TEC.DE RONDONIA","RO","PORTO VELHO","23243012903201732","Pregão","15814805000072017","Não se Aplica","NAO SE APLICA","SISRP","Objeto: Pregão Eletrônico -  Registro de preços para futura e eventual contratação de empresa para prestação de serviços técnico-especializados na organização e realização de concurso público, incluídos a contratação de todo pessoal (apoio, fiscais, componentes da banca de avaliação das provas práticas, títulos e desempenho-didático) responsável pela elaboração, impressão e aplicação de provas para seleção de pessoas para o provimento dos cargos efetivos da carreira de Técnico-Administrativos em Educação",11/1/2018,"Publicado","Existe Resultado de Compra","19 Mar 2018","Não Subrogou Compra","3.358.542,0000"
26000,"MINISTERIO DA EDUCACAO",26421,"INST.FED.DE EDUC.,CIENC.E TEC. DE RONDONIA",158148,"INST.FED.DE EDUC.,CIENC.E TEC.DE RONDONIA","RO","PORTO VELHO","23243013939201733","Pregão","15814805000012018","Não se Aplica","NAO SE APLICA","SISRP","Objeto: Pregão Eletrônico -  Implantação do Registro de Preços, e sua posterior implementação para contratação de empresa(s) especializada(s), devidamente autorizada(s) pela Agência Nacional e Telecomunicações (ANATEL), para prestação de serviço acesso à Internet e/ou serviço de rede ponto a ponto  LAN to LAN , durante o período de 12 meses, a partir da data de assinatura da Ata de Registro de Preços, conforme especificações descritas no Termo de Referência.",25/1/2018,"Publicado","Existe Resultado de Compra","02 Fev 2018","Não Subrogou Compra","40.477,5000"
26000,"MINISTERIO DA EDUCACAO",26421,"INST.FED.DE EDUC.,CIENC.E TEC. DE RONDONIA",158148,"INST.FED.DE EDUC.,CIENC.E TEC.DE RONDONIA","RO","PORTO VELHO","23243004948201814","Pregão","15814805000042018","Não se Aplica","NAO SE APLICA","SISRP","Objeto: Pregão Eletrônico -  Registro de preços para eventual contratação de empresa especializada para prestação do serviço de hospedagem com fornecimento de alimentação nos municípios de Porto Velho/RO, Ariquemes/RO, Ji-Paraná/RO, Cacoal/RO, Vilhena/RO, Guajará-Mirim/RO e Jaru/RO, conforme condições, quantidades e exigências estabelecidas neste Edital e seus anexos.",27/8/2018,"Evento de Resultado de Julgamento Publicado","Existe Resultado de Compra","26 Set 2018","Não Subrogou Compra","1.159.822,6000"
26000,"MINISTERIO DA EDUCACAO",26421,"INST.FED.DE EDUC.,CIENC.E TEC. DE RONDONIA",158148,"INST.FED.DE EDUC.,CIENC.E TEC.DE RONDONIA","RO","PORTO VELHO","23243001038201880","Pregão","15814805000052018","Não se Aplica","NAO SE APLICA","SISRP","Objeto: Pregão Eletrônico -  Contratação de empresa especializada para prestação continuada de serviços de limpeza, asseio e conservação, que compreenderá o fornecimento de mão de obra e todo o material de consumo e equipamentos necessários e adequados à execução dos serviços, sob regime de execução indireta, pelo período de 12 (doze) meses, admitida a prorrogação nos termos da lei, conforme condições constantes do Termo de Referência e seus anexos.",29/8/2018,"Evento de Resultado de Julgamento Publicado","Existe Resultado de Compra","20 Set 2018","Não Subrogou Compra","801.259,7934"
26000,"MINISTERIO DA EDUCACAO",26421,"INST.FED.DE EDUC.,CIENC.E TEC. DE RONDONIA",158148,"INST.FED.DE EDUC.,CIENC.E TEC.DE RONDONIA","RO","PORTO VELHO","23243019784201820","Pregão","15814805000062018","Não se Aplica","NAO SE APLICA","SISRP","Objeto: Pregão Eletrônico -  Registro de preços para eventual contratação de empresa especializada para montagem de divisórias em gesso acartonado, portas de vidro, janelas de vidro, remoção e reinstalação de divisórias e persianas, conforme condições constantes do Termo de Referência e seus anexos.",7/11/2018,"Evento de Resultado de Julgamento Publicado","Existe Resultado de Compra","08 Nov 2018","Não Subrogou Compra","135.442,5000"
26000,"MINISTERIO DA EDUCACAO",26421,"INST.FED.DE EDUC.,CIENC.E TEC. DE RONDONIA",158148,"INST.FED.DE EDUC.,CIENC.E TEC.DE RONDONIA","RO","PORTO VELHO","23243000288201801","Inexigibilidade de Licitação","15814807000012018","Não se Aplica","INCISO II","SISPP","Objeto: Participação da servidora Silvane Maria Pereira Brandão no curso de capacitação Gramática para Preparadores e Revisores de Texto.",31/12/1899,"Encerrado","Existe Resultado de Compra","01 Jan 1900","Não Subrogou Compra","410,0000"
26000,"MINISTERIO DA EDUCACAO",26421,"INST.FED.DE EDUC.,CIENC.E TEC. DE RONDONIA",158148,"INST.FED.DE EDUC.,CIENC.E TEC.DE RONDONIA","RO","PORTO VELHO","23243002821201861","Dispensa de Licitação","15814806000012018","Não se Aplica","INCISO I","SISPP","Objeto: Contratação de empresa especializada em prestação dos serviços de interligação elétrica da subestação de 300 KVA  aos blocos de sala de aula, prédio administrativo e prédio pedagógico, para atender a demanda urgente do IFRO-Campus Jaru.",31/12/1899,"Encerrado","Existe Resultado de Compra","01 Jan 1900","Não Subrogou Compra","14.030,4700"
26000,"MINISTERIO DA EDUCACAO",26421,"INST.FED.DE EDUC.,CIENC.E TEC. DE RONDONIA",158148,"INST.FED.DE EDUC.,CIENC.E TEC.DE RONDONIA","RO","PORTO VELHO","23243002290201814","Dispensa de Licitação","15814806000022018","Não se Aplica","INCISO XXII","SISPP","Objeto: Contratação, por prazo indeterminado, de empresa especializada em serviços de energia elétrica, para atender a demanda do IFRO-Campus Jaru.",31/12/1899,"Publicado","Existe Resultado de Compra","01 Jan 1900","Não Subrogou Compra","114.000,0000"
26000,"MINISTERIO DA EDUCACAO",26421,"INST.FED.DE EDUC.,CIENC.E TEC. DE RONDONIA",158148,"INST.FED.DE EDUC.,CIENC.E TEC.DE RONDONIA","RO","PORTO VELHO","23243001110201879","Dispensa de Licitação","15814806000032018","Não se Aplica","INCISO II","SISPP","Objeto: Contratação de empresa especializada na prestação de serviço de manutenção na central telefônica (PABX), para atender a demanda do IFRO-Reitoria.",31/12/1899,"Encerrado","Existe Resultado de Compra","01 Jan 1900","Não Subrogou Compra","200,0000"
26000,"MINISTERIO DA EDUCACAO",26421,"INST.FED.DE EDUC.,CIENC.E TEC. DE RONDONIA",158148,"INST.FED.DE EDUC.,CIENC.E TEC.DE RONDONIA","RO","PORTO VELHO","23243007788201865","Dispensa de Licitação","15814806000042018","Não se Aplica","INCISO I","SISPP","Objeto: Contratação de empresa especializada em serviços de avaliação de imóveis, para atender a demanda do IFRO.",31/12/1899,"Encerrado","Existe Resultado de Compra","01 Jan 1900","Não Subrogou Compra","8.300,0000"
26000,"MINISTERIO DA EDUCACAO",26421,"INST.FED.DE EDUC.,CIENC.E TEC. DE RONDONIA",158148,"INST.FED.DE EDUC.,CIENC.E TEC.DE RONDONIA","RO","PORTO VELHO","23243010169201858","Dispensa de Licitação","15814806000052018","Não se Aplica","INCISO II","SISPP","Objeto: Contratação de empresa especializada em locação de container banheiro com chuveiro para o JIFRO 2018.",31/12/1899,"Encerrado","Existe Resultado de Compra","01 Jan 1900","Não Subrogou Compra","6.980,0000"
26000,"MINISTERIO DA EDUCACAO",26421,"INST.FED.DE EDUC.,CIENC.E TEC. DE RONDONIA",158148,"INST.FED.DE EDUC.,CIENC.E TEC.DE RONDONIA","RO","PORTO VELHO","23243007516201865","Inexigibilidade de Licitação","15814807000022018","Não se Aplica","INCISO II","SISPP","Objeto: Contratação de empresa especializada para prestação de cursos de capacitação sobre controle e registro acadêmico de Instituições de Ensino Superior, para atender a demanda do IFRO-Reitoria.",31/12/1899,"Encerrado","Existe Resultado de Compra","01 Jan 1900","Não Subrogou Compra","3.750,0000"
26000,"MINISTERIO DA EDUCACAO",26421,"INST.FED.DE EDUC.,CIENC.E TEC. DE RONDONIA",158148,"INST.FED.DE EDUC.,CIENC.E TEC.DE RONDONIA","RO","PORTO VELHO","23243008221201814","Inexigibilidade de Licitação","15814807000032018","Não se Aplica","INCISO II","SISPP","Objeto: Pagamento de inscrições de servidores para participação no Congresso Brasileiro de Extensão Universitária, para atender a demanda do IFRO-Reitoria.",31/12/1899,"Encerrado","Existe Resultado de Compra","01 Jan 1900","Não Subrogou Compra","460,0000"
26000,"MINISTERIO DA EDUCACAO",26421,"INST.FED.DE EDUC.,CIENC.E TEC. DE RONDONIA",158148,"INST.FED.DE EDUC.,CIENC.E TEC.DE RONDONIA","RO","PORTO VELHO","23243009267201842","Inexigibilidade de Licitação","15814807000042018","Não se Aplica","INCISO II","SISPP","Objeto: Contratação de empresa especializada para prestação de cursos de capacitação sobre Saúde Psíquica e Trabalho, para atender a demanda do IFRO-Reitoria.",31/12/1899,"Encerrado","Existe Resultado de Compra","01 Jan 1900","Não Subrogou Compra","714,0000"
26000,"MINISTERIO DA EDUCACAO",26421,"INST.FED.DE EDUC.,CIENC.E TEC. DE RONDONIA",158148,"INST.FED.DE EDUC.,CIENC.E TEC.DE RONDONIA","RO","PORTO VELHO","23243008680201890","Inexigibilidade de Licitação","15814807000052018","Não se Aplica","INCISO II","SISPP","Objeto: Contratação de empresa especializada para prestação de cursos de capacitação sobre Avaliação Institucional e Estratégia de Gestão Educacional, para atender a demanda do IFRO-Reitoria.",31/12/1899,"Encerrado","Existe Resultado de Compra","01 Jan 1900","Não Subrogou Compra","1.327,3000"
26000,"MINISTERIO DA EDUCACAO",26421,"INST.FED.DE EDUC.,CIENC.E TEC. DE RONDONIA",158148,"INST.FED.DE EDUC.,CIENC.E TEC.DE RONDONIA","RO","PORTO VELHO","23243006133201870","Dispensa de Licitação","15814806000072018","Não se Aplica","INCISO II","SISPP","Objeto: Contratação de empresa especializada no fornecimento de vidro temperado, para atender a demanda do IFRO-Campus Jaru.",31/12/1899,"Encerrado","Existe Resultado de Compra","01 Jan 1900","Não Subrogou Compra","531,3000"
26000,"MINISTERIO DA EDUCACAO",26421,"INST.FED.DE EDUC.,CIENC.E TEC. DE RONDONIA",158148,"INST.FED.DE EDUC.,CIENC.E TEC.DE RONDONIA","RO","PORTO VELHO","23243010342201818","Dispensa de Licitação","15814806000062018","Não se Aplica","INCISO II","SISPP","Objeto: Contratação de empresa especializada no fornecimento de materiais de Tecnologia da Informação, para atender a demanda do IFRO-Reitoria.",31/12/1899,"Encerrado","Existe Resultado de Compra","01 Jan 1900","Não Subrogou Compra","7.971,2000"
26000,"MINISTERIO DA EDUCACAO",26421,"INST.FED.DE EDUC.,CIENC.E TEC. DE RONDONIA",158148,"INST.FED.DE EDUC.,CIENC.E TEC.DE RONDONIA","RO","PORTO VELHO","23243014220201809","Dispensa de Licitação","15814806000082018","Não se Aplica","INCISO IV","SISPP","Objeto: Contratação de empresa especializada em serviços de agenciamento de viagens para voos regulares domésticos para atender a demanda do IFRO.",31/12/1899,"Publicado","Existe Resultado de Compra","01 Jan 1900","Não Subrogou Compra","466.314,0200"
26000,"MINISTERIO DA EDUCACAO",26421,"INST.FED.DE EDUC.,CIENC.E TEC. DE RONDONIA",158148,"INST.FED.DE EDUC.,CIENC.E TEC.DE RONDONIA","RO","PORTO VELHO","23243014536201892","Dispensa de Licitação","15814806000092018","Não se Aplica","INCISO II","SISPP","Objeto: Contratação de empresa especializada no fornecimento de gêneros alimentícios para atender a demanda do IFRO-Campus Jaru no evento dia do estudante",31/12/1899,"Encerrado","Existe Resultado de Compra","01 Jan 1900","Não Subrogou Compra","980,0000"
26000,"MINISTERIO DA EDUCACAO",26421,"INST.FED.DE EDUC.,CIENC.E TEC. DE RONDONIA",158148,"INST.FED.DE EDUC.,CIENC.E TEC.DE RONDONIA","RO","PORTO VELHO","23243015098201880","Dispensa de Licitação","15814806000102018","Não se Aplica","INCISO II","SISPP","Objeto: Contratação de empresa especializada em serviços de transporte rodoviário de mobílias, bagagens e volumes em geral, para atender a demanda do IFRO-Reitoria",31/12/1899,"Encerrado","Existe Resultado de Compra","01 Jan 1900","Não Subrogou Compra","5.750,0000"
26000,"MINISTERIO DA EDUCACAO",26421,"INST.FED.DE EDUC.,CIENC.E TEC. DE RONDONIA",158148,"INST.FED.DE EDUC.,CIENC.E TEC.DE RONDONIA","RO","PORTO VELHO","23243011808201801","Inexigibilidade de Licitação","15814807000062018","Não se Aplica","INCISO II","SISPP","Objeto: Pagamento de inscrição dos servidores no XXXVIII ENCONTRO NACIONAL DE DIRIGENTES DE PESSOAS E RECURSOS HUMANOS DAS INSTITUIÇÕES FEDERAIS DE ENSINO.",31/12/1899,"Encerrado","Existe Resultado de Compra","01 Jan 1900","Não Subrogou Compra","1.350,0000"
26000,"MINISTERIO DA EDUCACAO",26421,"INST.FED.DE EDUC.,CIENC.E TEC. DE RONDONIA",158148,"INST.FED.DE EDUC.,CIENC.E TEC.DE RONDONIA","RO","PORTO VELHO","23243017615201855","Inexigibilidade de Licitação","15814807000072018","Não se Aplica","CAPUT","SISPP","Objeto: Contratação de empresa internacional para participação da SETEC/MEC em parceria com o CONIF no Congresso Mundial de Escolas Politécnicas (WFCP 2018)",31/12/1899,"Publicado","Existe Resultado de Compra","01 Jan 1900","Não Subrogou Compra","24.363,1000"
26000,"MINISTERIO DA EDUCACAO",26421,"INST.FED.DE EDUC.,CIENC.E TEC. DE RONDONIA",158148,"INST.FED.DE EDUC.,CIENC.E TEC.DE RONDONIA","RO","PORTO VELHO","23243017779201882","Inexigibilidade de Licitação","15814807000082018","Não se Aplica","CAPUT","SISPP","Objeto: Participação de alunos e servidores da Rede Federal de Educação Tecnológica no evento no evento ""Preparing for the Skills Future, now"", organizado pela World Federation of Colleges and Polytechnics (WFCP)",31/12/1899,"Publicado","Existe Resultado de Compra","01 Jan 1900","Não Subrogou Compra","26.549,0000"
26000,"MINISTERIO DA EDUCACAO",26421,"INST.FED.DE EDUC.,CIENC.E TEC. DE RONDONIA",158148,"INST.FED.DE EDUC.,CIENC.E TEC.DE RONDONIA","RO","PORTO VELHO","23243013639201835","Dispensa de Licitação","15814806000112018","Não se Aplica","INCISO II","SISPP","Objeto: Contratação de empresa especializada na prestação de curso de capacitação de  Python e Django , para atender a demanda do IFRO.",31/12/1899,"Encerrado","Existe Resultado de Compra","01 Jan 1900","Não Subrogou Compra","9.800,0000"
26000,"MINISTERIO DA EDUCACAO",26421,"INST.FED.DE EDUC.,CIENC.E TEC. DE RONDONIA",158148,"INST.FED.DE EDUC.,CIENC.E TEC.DE RONDONIA","RO","PORTO VELHO","23243008082201811","Dispensa de Licitação","15814806000122018","Não se Aplica","INCISO XIII","SISPP","Objeto: Contratação de serviço de apoio na gestão operacional e financeira do projeto celebrado entre FUNASA e o IFRO, através da Fundação de Apoio ao Desenvolvimento da Ciência e Tecnologia (FACTO).",31/12/1899,"Publicado","Existe Resultado de Compra","01 Jan 1900","Não Subrogou Compra","3.577.863,7600"
26000,"MINISTERIO DA EDUCACAO",26421,"INST.FED.DE EDUC.,CIENC.E TEC. DE RONDONIA",158148,"INST.FED.DE EDUC.,CIENC.E TEC.DE RONDONIA","RO","PORTO VELHO","23243000500201821","Dispensa de Licitação","15814806000132018","Não se Aplica","INCISO X","SISPP","Objeto: Locação de espaço físico necessário ao funcionamento da Reitoria do IFRO pelo período de 36 (trinta e seis) meses, prorrogáveis na forma da lei.",31/12/1899,"Publicado","Existe Resultado de Compra","01 Jan 1900","Não Subrogou Compra","3.240.000,0000"
26000,"MINISTERIO DA EDUCACAO",26421,"INST.FED.DE EDUC.,CIENC.E TEC. DE RONDONIA",158148,"INST.FED.DE EDUC.,CIENC.E TEC.DE RONDONIA","RO","PORTO VELHO","23243011270201826","Inexigibilidade de Licitação","15814807000092018","Não se Aplica","INCISO II","SISPP","Objeto: Pagamento de Inscrição da servidora no Curso: GESTÃO DA COMUNICAÇÃO, DAS MÍDIAS SOCIAIS E DA ASSESSORIA DE IMPRENSA NA ADMINISTRAÇÃO PÚBLICA.",31/12/1899,"Encerrado","Existe Resultado de Compra","01 Jan 1900","Não Subrogou Compra","1.990,0000"
26000,"MINISTERIO DA EDUCACAO",26421,"INST.FED.DE EDUC.,CIENC.E TEC. DE RONDONIA",158148,"INST.FED.DE EDUC.,CIENC.E TEC.DE RONDONIA","RO","PORTO VELHO","23243007550201830","Inexigibilidade de Licitação","15814807000102018","Não se Aplica","INCISO II","SISPP","Objeto: Pagamento de inscrição no CURSO: DE AUDITORIA GOVERNAMENTAL E CONTROLES INTERNO E EXTERNO NA ADMINISTRAÇÃO PÚBLICA.",31/12/1899,"Encerrado","Existe Resultado de Compra","01 Jan 1900","Não Subrogou Compra","2.490,0000"
26000,"MINISTERIO DA EDUCACAO",26421,"INST.FED.DE EDUC.,CIENC.E TEC. DE RONDONIA",158148,"INST.FED.DE EDUC.,CIENC.E TEC.DE RONDONIA","RO","PORTO VELHO","23243020448201820","Inexigibilidade de Licitação","15814807000112018","Não se Aplica","INCISO II","SISPP","Objeto: Contratação de Empresa especializada visando à participação de 01 (um) servidor lotado na Reitoria/DGTI/CDSIS no curso: PM-83 Gerenciamento ágil de projetos de Software com Scrum.",31/12/1899,"Encerrado","Existe Resultado de Compra","01 Jan 1900","Não Subrogou Compra","1.990,0000"
26000,"MINISTERIO DA EDUCACAO",26421,"INST.FED.DE EDUC.,CIENC.E TEC. DE RONDONIA",158148,"INST.FED.DE EDUC.,CIENC.E TEC.DE RONDONIA","RO","PORTO VELHO","23243.019759/2018","Inexigibilidade de Licitação","15814807000122018","Não se Aplica","INCISO II","SISPP","Objeto: Curso de capacitação In Company em elaboração de Plano Diretor de Tecnologia da Informação - PDTI (GTI-12), na cidade de Porto Velho/RO, turma de até 08 participantes.",31/12/1899,"Encerrado","Existe Resultado de Compra","01 Jan 1900","Não Subrogou Compra","12.288,0000"
26000,"MINISTERIO DA EDUCACAO",26421,"INST.FED.DE EDUC.,CIENC.E TEC. DE RONDONIA",158148,"INST.FED.DE EDUC.,CIENC.E TEC.DE RONDONIA","RO","PORTO VELHO","23243017587201876","Inexigibilidade de Licitação","15814807000132018","Não se Aplica","CAPUT","SISPP","Objeto: Contratação de empresa especializada no serviço de divulgação em veículo de transporte coletivo (BUSDOOR), no município de Porto Velho/RO, para atender a demanda do PSU 2019/1 do IFRO.",31/12/1899,"Encerrado","Existe Resultado de Compra","01 Jan 1900","Não Subrogou Compra","8.000,0000"
26000,"MINISTERIO DA EDUCACAO",26421,"INST.FED.DE EDUC.,CIENC.E TEC. DE RONDONIA",158148,"INST.FED.DE EDUC.,CIENC.E TEC.DE RONDONIA","RO","PORTO VELHO","23243021196201856","Dispensa de Licitação","15814806000142018","Não se Aplica","INCISO II","SISPP","Objeto: Contratação de empresa especializada na locação, confecção, colagem e manutenção de cartazes em outdoor",31/12/1899,"Encerrado","Existe Resultado de Compra","01 Jan 1900","Não Subrogou Compra","7.600,0000"
26000,"MINISTERIO DA EDUCACAO",26421,"INST.FED.DE EDUC.,CIENC.E TEC. DE RONDONIA",158148,"INST.FED.DE EDUC.,CIENC.E TEC.DE RONDONIA","RO","PORTO VELHO","23243021836201828","Dispensa de Licitação","15814806000152018","Não se Aplica","INCISO XXII","SISPP","Objeto: Contratação, por prazo indeterminado, de empresa especializada no fornecimento de energia elétrica, para atender a demanda da Reitoria do IFRO",31/12/1899,"Publicado","Existe Resultado de Compra","01 Jan 1900","Não Subrogou Compra","101.134,8000"
26000,"MINISTERIO DA EDUCACAO",26421,"INST.FED.DE EDUC.,CIENC.E TEC. DE RONDONIA",158148,"INST.FED.DE EDUC.,CIENC.E TEC.DE RONDONIA","RO","PORTO VELHO","23243021668201871","Dispensa de Licitação","15814806000162018","Não se Aplica","INCISO II","SISPP","Objeto: Contratação de empresa especializada na montagem, desmontagem, acondicionamento, carga e descarga de mobiliário do IFRO-Reitoria",31/12/1899,"Encerrado","Existe Resultado de Compra","01 Jan 1900","Não Subrogou Compra","10.400,0000"
26000,"MINISTERIO DA EDUCACAO",26421,"INST.FED.DE EDUC.,CIENC.E TEC. DE RONDONIA",158148,"INST.FED.DE EDUC.,CIENC.E TEC.DE RONDONIA","RO","PORTO VELHO","23243023951201837","Dispensa de Licitação","15814806000172018","Não se Aplica","INCISO II","SISPP","Objeto: Contratação de empresa especializada em serviços de instalação de aparelhos de ar condicionado, para atender a demanda do IFRO-Reitoria.",31/12/1899,"Encerrado","Existe Resultado de Compra","01 Jan 1900","Não Subrogou Compra","1.400,0000"
26000,"MINISTERIO DA EDUCACAO",26421,"INST.FED.DE EDUC.,CIENC.E TEC. DE RONDONIA",158148,"INST.FED.DE EDUC.,CIENC.E TEC.DE RONDONIA","RO","PORTO VELHO","2324302118620181","Inexigibilidade de Licitação","15814807000142018","Não se Aplica","INCISO II","SISPP","Objeto: Contratação de empresa especializada para capacitação na ferramente Scrum que é uma metodologia que visa agilizar a gestão e planejamento de projetos de software, dividindo os projetos em ciclos, estabelecendo períodos para que um conjunto de atividades deve ser executado.",31/12/1899,"Encerrado","Existe Resultado de Compra","01 Jan 1900","Não Subrogou Compra","1.990,0000"
26000,"MINISTERIO DA EDUCACAO",26421,"INST.FED.DE EDUC.,CIENC.E TEC. DE RONDONIA",158148,"INST.FED.DE EDUC.,CIENC.E TEC.DE RONDONIA","RO","PORTO VELHO","23243025212201880","Dispensa de Licitação","15814806000182018","Não se Aplica","INCISO XIII","SISPP","Objeto: Contratação de empresa para prestação de serviços técnico-especializados na organização e realização de concurso público para atender a demanda do IFRO.",31/12/1899,"Publicado","Existe Resultado de Compra","01 Jan 1900","Não Subrogou Compra","210.000,0000"
26000,"MINISTERIO DA EDUCACAO",26421,"INST.FED.DE EDUC.,CIENC.E TEC. DE RONDONIA",158148,"INST.FED.DE EDUC.,CIENC.E TEC.DE RONDONIA","RO","PORTO VELHO","23243025657201860","Dispensa de Licitação","15814806000192018","Não se Aplica","INCISO I","SISPP","Objeto: Contratação de empresa especializada em serviços de manutenção e conservação predial para atender a demanda do IFRO-Reitoria, nas quantidades e especificações detalhadas na planilha de custos anexa (SEI nº 0439162).",31/12/1899,"Encerrado","Existe Resultado de Compra","01 Jan 1900","Não Subrogou Compra","32.815,5800"
26000,"MINISTERIO DA EDUCACAO",26421,"INST.FED.DE EDUC.,CIENC.E TEC. DE RONDONIA",158148,"INST.FED.DE EDUC.,CIENC.E TEC.DE RONDONIA","RO","PORTO VELHO","23243025669201894","Inexigibilidade de Licitação","15814807000152018","Não se Aplica","CAPUT","SISPP","Objeto: Contratação de empresa especializada no serviço de plataforma online para a organização de eventos técnicos e científicos, para utilização no VI Congresso de Ensino, Pesquisa e Extensão (CONPEX).",31/12/1899,"Encerrado","Existe Resultado de Compra","01 Jan 1900","Não Subrogou Compra","4.077,1000"
26000,"MINISTERIO DA EDUCACAO",26421,"INST.FED.DE EDUC.,CIENC.E TEC. DE RONDONIA",158341,"INST.FED.DE RONDONIA/CAMPUS COLORADO DO OESTE","RO","COLORADO DO OESTE","23243015974201797","Pregão","15834105000312017","Não se Aplica","NAO SE APLICA","SISPP","Objeto: Pregão Eletrônico -  Contratação de Empresa Especializada em Serviço de Limpeza e Conservação",9/1/2018,"Evento de Resultado de Julgamento Publicado","Existe Resultado de Compra","23 Fev 2018","Não Subrogou Compra","661.683,4800"
26000,"MINISTERIO DA EDUCACAO",26421,"INST.FED.DE EDUC.,CIENC.E TEC. DE RONDONIA",158341,"INST.FED.DE RONDONIA/CAMPUS COLORADO DO OESTE","RO","COLORADO DO OESTE","23243013136201860","Pregão","15834105000172018","Não se Aplica","NAO SE APLICA","SISPP","Objeto: Pregão Eletrônico -  Cancessão ONEROSA DE USO DE BEM PÚBLICO PARA EXPLORAÇÃO DE SERVIÇOS DE CANTINA ESCOLAR,",1/10/2018,"Evento de Resultado de Julgamento Publicado","Existe Resultado de Compra","02 Out 2018","Não Subrogou Compra","324,5800"
26000,"MINISTERIO DA EDUCACAO",26421,"INST.FED.DE EDUC.,CIENC.E TEC. DE RONDONIA",158341,"INST.FED.DE RONDONIA/CAMPUS COLORADO DO OESTE","RO","COLORADO DO OESTE","23243010195201886","Pregão","15834105000182018","Não se Aplica","NAO SE APLICA","SISPP","Objeto: Pregão Eletrônico -  Contratação de Serviço de Vigilância",16/10/2018,"Evento de Resultado de Julgamento Publicado","Existe Resultado de Compra","12 Nov 2018","Não Subrogou Compra","248.986,0800"
26000,"MINISTERIO DA EDUCACAO",26421,"INST.FED.DE EDUC.,CIENC.E TEC. DE RONDONIA",158341,"INST.FED.DE RONDONIA/CAMPUS COLORADO DO OESTE","RO","COLORADO DO OESTE","23243014357201855","Pregão","15834105000192018","Não se Aplica","NAO SE APLICA","SISPP","Objeto: Pregão Eletrônico -  Manutenção preventiva e corretiva de ordenhadeira",27/9/2018,"Evento de Resultado de Julgamento Publicado","Existe Resultado de Compra","28 Set 2018","Não Subrogou Compra","0,0000"
26000,"MINISTERIO DA EDUCACAO",26421,"INST.FED.DE EDUC.,CIENC.E TEC. DE RONDONIA",158341,"INST.FED.DE RONDONIA/CAMPUS COLORADO DO OESTE","RO","COLORADO DO OESTE","23243014357201855","Pregão","15834105000252018","Não se Aplica","NAO SE APLICA","SISPP","Objeto: Pregão Eletrônico -  Contratação de Serviço de Manutenção no Sistema de Ordenha",1/11/2018,"Evento de Resultado de Julgamento Publicado","Existe Resultado de Compra","06 Nov 2018","Não Subrogou Compra","18.212,8000"
26000,"MINISTERIO DA EDUCACAO",26421,"INST.FED.DE EDUC.,CIENC.E TEC. DE RONDONIA",158341,"INST.FED.DE RONDONIA/CAMPUS COLORADO DO OESTE","RO","COLORADO DO OESTE","23243017334201711","Pregão","15834105000322017","Não se Aplica","NAO SE APLICA","SISRP","Objeto: Pregão Eletrônico -  Aquisição de produtos agropecuários 2",5/1/2018,"Evento de Resultado de Julgamento Publicado","Existe Resultado de Compra","23 Jan 2018","Não Subrogou Compra","176.548,0572"
26000,"MINISTERIO DA EDUCACAO",26421,"INST.FED.DE EDUC.,CIENC.E TEC. DE RONDONIA",158341,"INST.FED.DE RONDONIA/CAMPUS COLORADO DO OESTE","RO","COLORADO DO OESTE","23243002243201828","Pregão","15834105000012018","Não se Aplica","NAO SE APLICA","SISRP","Objeto: Pregão Eletrônico -  Aquisição de concentrado,ração, animal",5/2/2018,"Evento de Resultado de Julgamento Publicado","Existe Resultado de Compra","28 Fev 2018","Não Subrogou Compra","405.404,4100"
26000,"MINISTERIO DA EDUCACAO",26421,"INST.FED.DE EDUC.,CIENC.E TEC. DE RONDONIA",158341,"INST.FED.DE RONDONIA/CAMPUS COLORADO DO OESTE","RO","COLORADO DO OESTE","23243000880201802","Pregão","15834105000032018","Não se Aplica","NAO SE APLICA","SISRP","Objeto: Pregão Eletrônico -  Aquisição de Combustível e óleo lubrificante.",19/2/2018,"Evento de Resultado de Julgamento Publicado","Existe Resultado de Compra","27 Fev 2018","Não Subrogou Compra","112.633,8000"
26000,"MINISTERIO DA EDUCACAO",26421,"INST.FED.DE EDUC.,CIENC.E TEC. DE RONDONIA",158341,"INST.FED.DE RONDONIA/CAMPUS COLORADO DO OESTE","RO","COLORADO DO OESTE","23243019578201739","Pregão","15834105000332017","Não se Aplica","NAO SE APLICA","SISRP","Objeto: Pregão Eletrônico -  Aquisição de produtos alimentícios 2",26/1/2018,"Evento de Resultado de Julgamento Publicado","Existe Resultado de Compra","01 Fev 2018","Não Subrogou Compra","29.676,7600"
26000,"MINISTERIO DA EDUCACAO",26421,"INST.FED.DE EDUC.,CIENC.E TEC. DE RONDONIA",158341,"INST.FED.DE RONDONIA/CAMPUS COLORADO DO OESTE","RO","COLORADO DO OESTE","23243000693201811","Pregão","15834105000022018","Não se Aplica","NAO SE APLICA","SISRP","Objeto: Pregão Eletrônico -  Aquisição futura e parcelada de produtos de limpeza e higienização.",26/2/2018,"Evento de Resultado de Julgamento Publicado","Existe Resultado de Compra","08 Mar 2018","Não Subrogou Compra","101.813,6360"
26000,"MINISTERIO DA EDUCACAO",26421,"INST.FED.DE EDUC.,CIENC.E TEC. DE RONDONIA",158341,"INST.FED.DE RONDONIA/CAMPUS COLORADO DO OESTE","RO","COLORADO DO OESTE","23243002041201811","Pregão","15834105000042018","Não se Aplica","NAO SE APLICA","SISRP","Objeto: Pregão Eletrônico -  Papel fotográfico, tintas e toners",14/3/2018,"Evento de Resultado de Julgamento Publicado","Existe Resultado de Compra","27 Mar 2018","Não Subrogou Compra","39.656,0400"
26000,"MINISTERIO DA EDUCACAO",26421,"INST.FED.DE EDUC.,CIENC.E TEC. DE RONDONIA",158341,"INST.FED.DE RONDONIA/CAMPUS COLORADO DO OESTE","RO","COLORADO DO OESTE","23243001486201883","Pregão","15834105000052018","Não se Aplica","NAO SE APLICA","SISRP","Objeto: Pregão Eletrônico -  Aquisição de Equipamento de proteção individual e coletiva",21/3/2018,"Evento de Resultado de Julgamento Publicado","Existe Resultado de Compra","12 Abr 2018","Não Subrogou Compra","200.636,8655"
26000,"MINISTERIO DA EDUCACAO",26421,"INST.FED.DE EDUC.,CIENC.E TEC. DE RONDONIA",158341,"INST.FED.DE RONDONIA/CAMPUS COLORADO DO OESTE","RO","COLORADO DO OESTE","23243002583201893","Pregão","15834105000062018","Não se Aplica","NAO SE APLICA","SISRP","Objeto: Pregão Eletrônico -  Aquisição futura e parcelada de placas de sinalização e material de divulgação",16/3/2018,"Evento de Resultado de Julgamento Publicado","Existe Resultado de Compra","21 Mar 2018","Não Subrogou Compra","135.360,2300"
26000,"MINISTERIO DA EDUCACAO",26421,"INST.FED.DE EDUC.,CIENC.E TEC. DE RONDONIA",158341,"INST.FED.DE RONDONIA/CAMPUS COLORADO DO OESTE","RO","COLORADO DO OESTE","23243002998201867","Pregão","15834105000072018","Não se Aplica","NAO SE APLICA","SISRP","Objeto: Pregão Eletrônico -  Aquisição de Acondicionamento e embalagem, copa e cozinha",10/4/2018,"Evento de Resultado de Julgamento Publicado","Existe Resultado de Compra","03 Mai 2018","Não Subrogou Compra","120.875,2100"
26000,"MINISTERIO DA EDUCACAO",26421,"INST.FED.DE EDUC.,CIENC.E TEC. DE RONDONIA",158341,"INST.FED.DE RONDONIA/CAMPUS COLORADO DO OESTE","RO","COLORADO DO OESTE","23243004785201870","Pregão","15834105000092018","Não se Aplica","NAO SE APLICA","SISRP","Objeto: Pregão Eletrônico -  Aquisição de equipamento para laboratórios e refrigeração",17/4/2018,"Evento de Resultado de Julgamento Publicado","Existe Resultado de Compra","23 Abr 2018","Não Subrogou Compra","450.077,5000"
26000,"MINISTERIO DA EDUCACAO",26421,"INST.FED.DE EDUC.,CIENC.E TEC. DE RONDONIA",158341,"INST.FED.DE RONDONIA/CAMPUS COLORADO DO OESTE","RO","COLORADO DO OESTE","23243004415201832","Pregão","15834105000082018","Não se Aplica","NAO SE APLICA","SISRP","Objeto: Pregão Eletrônico -  Aquisição Futura e Parcelada de Materiais de Construção.",15/5/2018,"Evento de Resultado de Julgamento Publicado","Existe Resultado de Compra","03 Ago 2018","Não Subrogou Compra","1.800.306,8595"
26000,"MINISTERIO DA EDUCACAO",26421,"INST.FED.DE EDUC.,CIENC.E TEC. DE RONDONIA",158341,"INST.FED.DE RONDONIA/CAMPUS COLORADO DO OESTE","RO","COLORADO DO OESTE","23243000806320189","Pregão","15834105000102018","Não se Aplica","NAO SE APLICA","SISRP","Objeto: Pregão Eletrônico -  Aquisição de carga de extintor, gás, agua e carvão",7/5/2018,"Evento de Resultado de Julgamento Publicado","Existe Resultado de Compra","08 Mai 2018","Não Subrogou Compra","142.977,6700"
26000,"MINISTERIO DA EDUCACAO",26421,"INST.FED.DE EDUC.,CIENC.E TEC. DE RONDONIA",158341,"INST.FED.DE RONDONIA/CAMPUS COLORADO DO OESTE","RO","COLORADO DO OESTE","23243009057201854","Pregão","15834105000112018","Não se Aplica","NAO SE APLICA","SISRP","Objeto: Pregão Eletrônico -  Aquisição de Acervo Bibliografico",23/5/2018,"Evento de Resultado de Julgamento Publicado","Existe Resultado de Compra","05 Jun 2018","Não Subrogou Compra","162.772,5300"
26000,"MINISTERIO DA EDUCACAO",26421,"INST.FED.DE EDUC.,CIENC.E TEC. DE RONDONIA",158341,"INST.FED.DE RONDONIA/CAMPUS COLORADO DO OESTE","RO","COLORADO DO OESTE","23243010180201818","Pregão","15834105000122018","Não se Aplica","NAO SE APLICA","SISRP","Objeto: Pregão Eletrônico -  Aquisição de Materiais de Expediente e outros.",18/7/2018,"Evento de Resultado de Julgamento Publicado","Existe Resultado de Compra","30 Jul 2018","Não Subrogou Compra","164.253,7200"
26000,"MINISTERIO DA EDUCACAO",26421,"INST.FED.DE EDUC.,CIENC.E TEC. DE RONDONIA",158341,"INST.FED.DE RONDONIA/CAMPUS COLORADO DO OESTE","RO","COLORADO DO OESTE","23243011193201812","Pregão","15834105000132018","Não se Aplica","NAO SE APLICA","SISRP","Objeto: Contratação de serviço de mecanização",17/8/2018,"Evento de Resultado de Julgamento Publicado","Existe Resultado de Compra","28 Ago 2018","Não Subrogou Compra","56.691,3000"
26000,"MINISTERIO DA EDUCACAO",26421,"INST.FED.DE EDUC.,CIENC.E TEC. DE RONDONIA",158341,"INST.FED.DE RONDONIA/CAMPUS COLORADO DO OESTE","RO","COLORADO DO OESTE","23243014140201845","Pregão","15834105000152018","Não se Aplica","NAO SE APLICA","SISRP","Objeto: Pregão Eletrônico -  Aquisição de Produtos para manutenção Predial",14/8/2018,"Evento de Resultado de Julgamento Publicado","Existe Resultado de Compra","17 Ago 2018","Não Subrogou Compra","97.890,9000"
26000,"MINISTERIO DA EDUCACAO",26421,"INST.FED.DE EDUC.,CIENC.E TEC. DE RONDONIA",158341,"INST.FED.DE RONDONIA/CAMPUS COLORADO DO OESTE","RO","COLORADO DO OESTE","23243011180201835","Pregão","15834105000162018","Não se Aplica","NAO SE APLICA","SISRP","Objeto: Pregão Eletrônico -  Reagentes e vidraria",6/8/2018,"Evento de Resultado de Julgamento Publicado","Existe Resultado de Compra","29 Ago 2018","Não Subrogou Compra","756.604,6000"
26000,"MINISTERIO DA EDUCACAO",26421,"INST.FED.DE EDUC.,CIENC.E TEC. DE RONDONIA",158341,"INST.FED.DE RONDONIA/CAMPUS COLORADO DO OESTE","RO","COLORADO DO OESTE","23243018129201854","Pregão","15834105000202018","Não se Aplica","NAO SE APLICA","SISRP","Objeto: Pregão Eletrônico -  Aquisição de reagentes e vidraria",24/9/2018,"Evento de Resultado de Julgamento Publicado","Existe Resultado de Compra","26 Set 2018","Não Subrogou Compra","62.363,0400"
26000,"MINISTERIO DA EDUCACAO",26421,"INST.FED.DE EDUC.,CIENC.E TEC. DE RONDONIA",158341,"INST.FED.DE RONDONIA/CAMPUS COLORADO DO OESTE","RO","COLORADO DO OESTE","23243017760201836","Pregão","15834105000212018","Não se Aplica","NAO SE APLICA","SISRP","Objeto: Pregão Eletrônico -  Aquisição Futura e Parcelada de Produtos Agropecuários.",16/10/2018,"Evento de Resultado de Julgamento Publicado","Existe Resultado de Compra","23 Nov 2018","Não Subrogou Compra","665.519,4800"
26000,"MINISTERIO DA EDUCACAO",26421,"INST.FED.DE EDUC.,CIENC.E TEC. DE RONDONIA",158341,"INST.FED.DE RONDONIA/CAMPUS COLORADO DO OESTE","RO","COLORADO DO OESTE","23243018944201813","Pregão","15834105000222018","Não se Aplica","NAO SE APLICA","SISRP","Objeto: Pregão Eletrônico -  Aquisição de Gêneros Alimentícios",8/11/2018,"Evento de Resultado de Julgamento Publicado","Existe Resultado de Compra","20 Dez 2018","Não Subrogou Compra","1.954.608,8800"
26000,"MINISTERIO DA EDUCACAO",26421,"INST.FED.DE EDUC.,CIENC.E TEC. DE RONDONIA",158341,"INST.FED.DE RONDONIA/CAMPUS COLORADO DO OESTE","RO","COLORADO DO OESTE","23243009846201895","Pregão","15834105000232018","Não se Aplica","NAO SE APLICA","SISRP","Objeto: Pregão Eletrônico -  AQUISIÇÃO DE Equipamentos  de laboratórios e Unidades de Ensino,",20/11/2018,"Evento de Resultado de Julgamento Publicado","Existe Resultado de Compra","22 Nov 2018","Não Subrogou Compra","880.461,7100"
26000,"MINISTERIO DA EDUCACAO",26421,"INST.FED.DE EDUC.,CIENC.E TEC. DE RONDONIA",158341,"INST.FED.DE RONDONIA/CAMPUS COLORADO DO OESTE","RO","COLORADO DO OESTE","23243002763201875","Dispensa de Licitação","15834106000062018","Não se Aplica","INCISO IV","SISPP","Objeto: Contratação de Serviço de Limpeza e Conservação de 27.308,24 m2 contendo áreas internas piso frio, laboratórios, almoxarifado e galpão, oficina, espaço livre, banheiros, aréas externas, esquadrias sem exposição a riscos e área hospitalar",31/12/1899,"Publicado","Existe Resultado de Compra","01 Jan 1900","Não Subrogou Compra","122.646,7900"
26000,"MINISTERIO DA EDUCACAO",26421,"INST.FED.DE EDUC.,CIENC.E TEC. DE RONDONIA",158341,"INST.FED.DE RONDONIA/CAMPUS COLORADO DO OESTE","RO","COLORADO DO OESTE","23243005370201813","Dispensa de Licitação","15834106000012018","Não se Aplica","INCISO II","SISPP","Objeto: Aquisição de Calcário.",31/12/1899,"Encerrado","Existe Resultado de Compra","01 Jan 1900","Não Subrogou Compra","4.740,0000"
26000,"MINISTERIO DA EDUCACAO",26421,"INST.FED.DE EDUC.,CIENC.E TEC. DE RONDONIA",158341,"INST.FED.DE RONDONIA/CAMPUS COLORADO DO OESTE","RO","COLORADO DO OESTE","23243006169201853","Dispensa de Licitação","15834106000022018","Não se Aplica","INCISO II","SISPP","Objeto: Meio de Cultura - Mistura salina basal de marashige e skoog, testado em culturas de células vegetais",31/12/1899,"Encerrado","Existe Resultado de Compra","01 Jan 1900","Não Subrogou Compra","325,0000"
26000,"MINISTERIO DA EDUCACAO",26421,"INST.FED.DE EDUC.,CIENC.E TEC. DE RONDONIA",158341,"INST.FED.DE RONDONIA/CAMPUS COLORADO DO OESTE","RO","COLORADO DO OESTE","23243006108201896","Dispensa de Licitação","15834106000032018","Não se Aplica","INCISO II","SISPP","Objeto: Reparo na Cobertura do Ginasio",31/12/1899,"Encerrado","Existe Resultado de Compra","01 Jan 1900","Não Subrogou Compra","7.914,1000"
26000,"MINISTERIO DA EDUCACAO",26421,"INST.FED.DE EDUC.,CIENC.E TEC. DE RONDONIA",158341,"INST.FED.DE RONDONIA/CAMPUS COLORADO DO OESTE","RO","COLORADO DO OESTE","23243006314201808","Dispensa de Licitação","15834106000042018","Não se Aplica","INCISO II","SISPP","Objeto: Metodologias Ativas na Docência da Educação Superior - Carta Consulta Ltda ,",31/12/1899,"Encerrado","Existe Resultado de Compra","01 Jan 1900","Não Subrogou Compra","2.160,0000"
26000,"MINISTERIO DA EDUCACAO",26421,"INST.FED.DE EDUC.,CIENC.E TEC. DE RONDONIA",158341,"INST.FED.DE RONDONIA/CAMPUS COLORADO DO OESTE","RO","COLORADO DO OESTE","23243010471201814","Dispensa de Licitação","15834106000052018","Não se Aplica","INCISO II","SISPP","Objeto: Aquisição de portão e conexão de misturador",31/12/1899,"Encerrado","Existe Resultado de Compra","01 Jan 1900","Não Subrogou Compra","3.420,0000"
26000,"MINISTERIO DA EDUCACAO",26421,"INST.FED.DE EDUC.,CIENC.E TEC. DE RONDONIA",158341,"INST.FED.DE RONDONIA/CAMPUS COLORADO DO OESTE","RO","COLORADO DO OESTE","23243011134201836","Dispensa de Licitação","15834106000092018","Não se Aplica","INCISO II","SISPP","Objeto: Inscrição em capacitação",31/12/1899,"Encerrado","Existe Resultado de Compra","01 Jan 1900","Não Subrogou Compra","120,0000"
26000,"MINISTERIO DA EDUCACAO",26421,"INST.FED.DE EDUC.,CIENC.E TEC. DE RONDONIA",158341,"INST.FED.DE RONDONIA/CAMPUS COLORADO DO OESTE","RO","COLORADO DO OESTE","23243011764201819","Dispensa de Licitação","15834106000102018","Não se Aplica","INCISO II","SISPP","Objeto: Aquisição de material de expediente",31/12/1899,"Encerrado","Existe Resultado de Compra","01 Jan 1900","Não Subrogou Compra","7.790,0000"
26000,"MINISTERIO DA EDUCACAO",26421,"INST.FED.DE EDUC.,CIENC.E TEC. DE RONDONIA",158341,"INST.FED.DE RONDONIA/CAMPUS COLORADO DO OESTE","RO","COLORADO DO OESTE","23243010495201865","Dispensa de Licitação","15834106000112018","Não se Aplica","INCISO II","SISPP","Objeto: Serviço de Marcenaria",31/12/1899,"Encerrado","Existe Resultado de Compra","01 Jan 1900","Não Subrogou Compra","7.540,0000"
26000,"MINISTERIO DA EDUCACAO",26421,"INST.FED.DE EDUC.,CIENC.E TEC. DE RONDONIA",158341,"INST.FED.DE RONDONIA/CAMPUS COLORADO DO OESTE","RO","COLORADO DO OESTE","23243010464201812","Dispensa de Licitação","15834106000122018","Não se Aplica","INCISO II","SISPP","Objeto: Contratação de Serviço de Manutenção de Equipamentos Eletricos",31/12/1899,"Encerrado","Existe Resultado de Compra","01 Jan 1900","Não Subrogou Compra","3.800,0000"
26000,"MINISTERIO DA EDUCACAO",26421,"INST.FED.DE EDUC.,CIENC.E TEC. DE RONDONIA",158341,"INST.FED.DE RONDONIA/CAMPUS COLORADO DO OESTE","RO","COLORADO DO OESTE","23243006150201815","Dispensa de Licitação","15834106000132018","Não se Aplica","INCISO II","SISPP","Objeto: Aquisição de Moden  Wi-fi serial B12T+CB Alim P4 COM Flat CABLE RS 232 MACHOXMACHO CROSS,1M",31/12/1899,"Encerrado","Existe Resultado de Compra","01 Jan 1900","Não Subrogou Compra","1.011,4500"
26000,"MINISTERIO DA EDUCACAO",26421,"INST.FED.DE EDUC.,CIENC.E TEC. DE RONDONIA",158341,"INST.FED.DE RONDONIA/CAMPUS COLORADO DO OESTE","RO","COLORADO DO OESTE","23243013896201877","Dispensa de Licitação","15834106000142018","Não se Aplica","INCISO II","SISPP","Objeto: Inscrição em Curso do XXXVIII Encontro Nacional de Dirigentes de Pessoal e Recursos Humanos das Instituições Federais de Ensino - Instituto Federal de Educação, Ciência e Tecnologia de Alagoas,",31/12/1899,"Encerrado","Existe Resultado de Compra","01 Jan 1900","Não Subrogou Compra","450,0000"
26000,"MINISTERIO DA EDUCACAO",26421,"INST.FED.DE EDUC.,CIENC.E TEC. DE RONDONIA",158341,"INST.FED.DE RONDONIA/CAMPUS COLORADO DO OESTE","RO","COLORADO DO OESTE","23243013895201822","Dispensa de Licitação","15834106000152018","Não se Aplica","INCISO II","SISPP","Objeto: Curso XXXVIII Encontro Nacional de Dirigentes de Pessoal e Recursos Humanos das Instituições Federais de Ensino - Instituto Federal de Educação, Ciência e Tecnologia de Alagoas,",31/12/1899,"Encerrado","Existe Resultado de Compra","01 Jan 1900","Não Subrogou Compra","450,0000"
26000,"MINISTERIO DA EDUCACAO",26421,"INST.FED.DE EDUC.,CIENC.E TEC. DE RONDONIA",158341,"INST.FED.DE RONDONIA/CAMPUS COLORADO DO OESTE","RO","COLORADO DO OESTE","23243013092201878","Dispensa de Licitação","15834106000072018","Não se Aplica","INCISO XXX","SISPP","Objeto: Aquisição exclusiva de gêneros alimentícios produzidos por   AGRICULTORES  E  EMPREENDEDORES   DE  BASE FAMILIAR  RURAL ORGANIZADOS EM GRUPO   FORMAL (organizações produtivas detentoras de Declaração de Aptidão ao PRONAF - DAP Jurídica) E INFORMAL (agricultores familiares, detentores de Declaração de Aptidão ao PRONAF - DAP Física, organizados em grupos) e sobre os Fornecedores Individuais (detentores de DAP Física),  para atender ao IFRO Campus Colorado do Oeste, pelo período de 04",31/12/1899,"Publicado","Existe Resultado de Compra","01 Jan 1900","Não Subrogou Compra","90.148,0200"
26000,"MINISTERIO DA EDUCACAO",26421,"INST.FED.DE EDUC.,CIENC.E TEC. DE RONDONIA",158341,"INST.FED.DE RONDONIA/CAMPUS COLORADO DO OESTE","RO","COLORADO DO OESTE","23243017427201827","Dispensa de Licitação","15834106000162018","Não se Aplica","INCISO II","SISPP","Objeto: Manutenção em Equipamento de Laboratório - ESPECTROFOTÔMETRO.",31/12/1899,"Encerrado","Existe Resultado de Compra","01 Jan 1900","Não Subrogou Compra","3.310,0000"
26000,"MINISTERIO DA EDUCACAO",26421,"INST.FED.DE EDUC.,CIENC.E TEC. DE RONDONIA",158341,"INST.FED.DE RONDONIA/CAMPUS COLORADO DO OESTE","RO","COLORADO DO OESTE","23243014895201840","Dispensa de Licitação","15834106000172018","Não se Aplica","INCISO II","SISPP","Objeto: Manutenção em Equipamento Teodolito.",31/12/1899,"Encerrado","Existe Resultado de Compra","01 Jan 1900","Não Subrogou Compra","3.360,0000"
26000,"MINISTERIO DA EDUCACAO",26421,"INST.FED.DE EDUC.,CIENC.E TEC. DE RONDONIA",158341,"INST.FED.DE RONDONIA/CAMPUS COLORADO DO OESTE","RO","COLORADO DO OESTE","23243017495201896","Dispensa de Licitação","15834106000182018","Não se Aplica","INCISO II","SISPP","Objeto: Aquisição de mudas para ser usadas em projeto de paisagismo, professor Willian Mota.",31/12/1899,"Encerrado","Existe Resultado de Compra","01 Jan 1900","Não Subrogou Compra","1.050,0000"
26000,"MINISTERIO DA EDUCACAO",26421,"INST.FED.DE EDUC.,CIENC.E TEC. DE RONDONIA",158341,"INST.FED.DE RONDONIA/CAMPUS COLORADO DO OESTE","RO","COLORADO DO OESTE","23243017059201817","Dispensa de Licitação","15834106000192018","Não se Aplica","INCISO I","SISPP","Objeto: Elaboração de projeto arquitetônico, estrutural, elétrico, hidráulico, sanitário, planilha orçamentaria , cronograma físico financeiro, composição de BDI, memorial descritivo, especificação técnica e memorial de calculo para reforma da Coordenação de Animais de Médio Porte e Construções de Barracões de Pre-Moldados para suinocultura no IFRO/Campos Colorado do Oeste",31/12/1899,"Encerrado","Existe Resultado de Compra","01 Jan 1900","Não Subrogou Compra","32.792,2500"
26000,"MINISTERIO DA EDUCACAO",26421,"INST.FED.DE EDUC.,CIENC.E TEC. DE RONDONIA",158341,"INST.FED.DE RONDONIA/CAMPUS COLORADO DO OESTE","RO","COLORADO DO OESTE","23243017568201840","Dispensa de Licitação","15834106000202018","Não se Aplica","INCISO II","SISPP","Objeto: Aquisição de Produtos de Limpeza Industrial.",31/12/1899,"Encerrado","Existe Resultado de Compra","01 Jan 1900","Não Subrogou Compra","12.752,8500"
26000,"MINISTERIO DA EDUCACAO",26421,"INST.FED.DE EDUC.,CIENC.E TEC. DE RONDONIA",158341,"INST.FED.DE RONDONIA/CAMPUS COLORADO DO OESTE","RO","COLORADO DO OESTE","23243019131201841","Dispensa de Licitação","15834106000212018","Não se Aplica","INCISO II","SISPP","Objeto: Aquisições de Pães",31/12/1899,"Encerrado","Existe Resultado de Compra","01 Jan 1900","Não Subrogou Compra","11.197,2000"
26000,"MINISTERIO DA EDUCACAO",26421,"INST.FED.DE EDUC.,CIENC.E TEC. DE RONDONIA",158341,"INST.FED.DE RONDONIA/CAMPUS COLORADO DO OESTE","RO","COLORADO DO OESTE","23243017372201855","Dispensa de Licitação","15834106000222018","Não se Aplica","INCISO II","SISPP","Objeto: Manutenção em Equipamento de Data Show",31/12/1899,"Encerrado","Existe Resultado de Compra","01 Jan 1900","Não Subrogou Compra","9.910,0000"
26000,"MINISTERIO DA EDUCACAO",26421,"INST.FED.DE EDUC.,CIENC.E TEC. DE RONDONIA",158341,"INST.FED.DE RONDONIA/CAMPUS COLORADO DO OESTE","RO","COLORADO DO OESTE","23243019990201830","Dispensa de Licitação","15834106000232018","Não se Aplica","INCISO II","SISPP","Objeto: Aquisição de material de expediente de impressão (Tonner).Toner Brother TN880, para impressora MFC-L8500DW, Multi Funcional Center. Original da Fabrica",31/12/1899,"Encerrado","Existe Resultado de Compra","01 Jan 1900","Não Subrogou Compra","4.200,0000"
26000,"MINISTERIO DA EDUCACAO",26421,"INST.FED.DE EDUC.,CIENC.E TEC. DE RONDONIA",158341,"INST.FED.DE RONDONIA/CAMPUS COLORADO DO OESTE","RO","COLORADO DO OESTE","23243020881201865","Dispensa de Licitação","15834106000242018","Não se Aplica","INCISO II","SISPP","Objeto: Aquisição de gêneros alimentícios e produtos de Limpeza",31/12/1899,"Encerrado","Existe Resultado de Compra","01 Jan 1900","Não Subrogou Compra","8.019,6000"
26000,"MINISTERIO DA EDUCACAO",26421,"INST.FED.DE EDUC.,CIENC.E TEC. DE RONDONIA",158341,"INST.FED.DE RONDONIA/CAMPUS COLORADO DO OESTE","RO","COLORADO DO OESTE","12242021991201844","Dispensa de Licitação","15834106000252018","Não se Aplica","INCISO II","SISPP","Objeto: Filme plástico para estufa, com 8 metros de largura, 105 metros de comprimento e 150 micra de espessura",31/12/1899,"Encerrado","Existe Resultado de Compra","01 Jan 1900","Não Subrogou Compra","3.700,0000"
26000,"MINISTERIO DA EDUCACAO",26421,"INST.FED.DE EDUC.,CIENC.E TEC. DE RONDONIA",158341,"INST.FED.DE RONDONIA/CAMPUS COLORADO DO OESTE","RO","COLORADO DO OESTE","2324302215520187","Dispensa de Licitação","15834106000262018","Não se Aplica","INCISO II","SISPP","Objeto: Inscrição na XV Semana de Administração Orçamentária Financeira e de Contratação Públicas, Vanderlei Kuipers CPF 413.540.368-91 e Franciany Schneberger dos Santos Andreata CPF 946.171.472-68",31/12/1899,"Encerrado","Existe Resultado de Compra","01 Jan 1900","Não Subrogou Compra","1.000,0000"
26000,"MINISTERIO DA EDUCACAO",26421,"INST.FED.DE EDUC.,CIENC.E TEC. DE RONDONIA",158341,"INST.FED.DE RONDONIA/CAMPUS COLORADO DO OESTE","RO","COLORADO DO OESTE","23243023808201845","Dispensa de Licitação","15834106000272018","Não se Aplica","INCISO II","SISPP","Objeto: Capas de processo em papel triplex 300gr, com impressão OFF SET 4x1 cor, medindo 46x32cm aberto, 23x32cm fechado, acabamento corte e vinco, sem bolso. Arte a ser definida pelo Campus. Tiragem 1000 unidades",31/12/1899,"Encerrado","Existe Resultado de Compra","01 Jan 1900","Não Subrogou Compra","1.700,0000"
26000,"MINISTERIO DA EDUCACAO",26421,"INST.FED.DE EDUC.,CIENC.E TEC. DE RONDONIA",158341,"INST.FED.DE RONDONIA/CAMPUS COLORADO DO OESTE","RO","COLORADO DO OESTE","23243024570201875","Dispensa de Licitação","15834106000282018","Não se Aplica","INCISO II","SISPP","Objeto: Manutenção da Rede Telefônica",31/12/1899,"Encerrado","Existe Resultado de Compra","01 Jan 1900","Não Subrogou Compra","6.495,0000"
26000,"MINISTERIO DA EDUCACAO",26421,"INST.FED.DE EDUC.,CIENC.E TEC. DE RONDONIA",158341,"INST.FED.DE RONDONIA/CAMPUS COLORADO DO OESTE","RO","COLORADO DO OESTE","23234302346520181","Dispensa de Licitação","15834106000292018","Não se Aplica","INCISO II","SISPP","Objeto: Renovação do Software para elaboração de horário escolar.",31/12/1899,"Encerrado","Existe Resultado de Compra","01 Jan 1900","Não Subrogou Compra","1.535,0000"
26000,"MINISTERIO DA EDUCACAO",26421,"INST.FED.DE EDUC.,CIENC.E TEC. DE RONDONIA",158341,"INST.FED.DE RONDONIA/CAMPUS COLORADO DO OESTE","RO","COLORADO DO OESTE","23243025306201859","Dispensa de Licitação","15834106000302018","Não se Aplica","INCISO II","SISPP","Objeto: Aquisição de semente de Milho",31/12/1899,"Encerrado","Existe Resultado de Compra","01 Jan 1900","Não Subrogou Compra","1.620,0000"
26000,"MINISTERIO DA EDUCACAO",26421,"INST.FED.DE EDUC.,CIENC.E TEC. DE RONDONIA",158342,"INST.FED.DE RONDONIA/CAMPUS VILHENA/RO","RO","VILHENA","23243.017226/2017","Pregão","15834205000012018","Não se Aplica","NAO SE APLICA","SISPP","Objeto: Pregão Eletrônico -  Aquisição De Equipamentos Para O Laboratório De Edificações",5/3/2018,"Evento de Resultado de Julgamento Publicado","Existe Resultado de Compra","06 Mar 2018","Não Subrogou Compra","30.963,0000"
26000,"MINISTERIO DA EDUCACAO",26421,"INST.FED.DE EDUC.,CIENC.E TEC. DE RONDONIA",158342,"INST.FED.DE RONDONIA/CAMPUS VILHENA/RO","RO","VILHENA","23243001840201870","Pregão","15834205000022018","Não se Aplica","NAO SE APLICA","SISRP","Objeto: Pregão Eletrônico -  Aquisição futura de materiais e equipamentos para manutenção de piscina.",19/4/2018,"Evento de Resultado de Julgamento Publicado","Existe Resultado de Compra","23 Abr 2018","Não Subrogou Compra","43.617,1800"
26000,"MINISTERIO DA EDUCACAO",26421,"INST.FED.DE EDUC.,CIENC.E TEC. DE RONDONIA",158342,"INST.FED.DE RONDONIA/CAMPUS VILHENA/RO","RO","VILHENA","23243006032201807","Pregão","15834205000032018","Não se Aplica","NAO SE APLICA","SISRP","Objeto: Pregão Eletrônico -  Aquisição futura de material de expediente.",17/7/2018,"Evento de Resultado de Julgamento Publicado","Existe Resultado de Compra","14 Ago 2018","Não Subrogou Compra","537.432,3400"
26000,"MINISTERIO DA EDUCACAO",26421,"INST.FED.DE EDUC.,CIENC.E TEC. DE RONDONIA",158342,"INST.FED.DE RONDONIA/CAMPUS VILHENA/RO","RO","VILHENA","23243001434201815","Pregão","15834205000042018","Não se Aplica","NAO SE APLICA","SISRP","Objeto: Pregão Eletrônico -  Concessão de uso de espaço físico para exploração de serviços de lanchonete e restaurante",13/7/2018,"Evento de Resultado de Julgamento Publicado","Existe Resultado de Compra","24 Jul 2018","Não Subrogou Compra","261,1300"
26000,"MINISTERIO DA EDUCACAO",26421,"INST.FED.DE EDUC.,CIENC.E TEC. DE RONDONIA",158342,"INST.FED.DE RONDONIA/CAMPUS VILHENA/RO","RO","VILHENA","23243012076201868","Pregão","15834205000052018","Não se Aplica","NAO SE APLICA","SISRP","Objeto: Pregão Eletrônico -  Aquisição de materiais de copa e cozinha 2018",26/7/2018,"Evento de Resultado de Julgamento Publicado","Existe Resultado de Compra","14 Ago 2018","Não Subrogou Compra","248.134,8500"
26000,"MINISTERIO DA EDUCACAO",26421,"INST.FED.DE EDUC.,CIENC.E TEC. DE RONDONIA",158342,"INST.FED.DE RONDONIA/CAMPUS VILHENA/RO","RO","VILHENA","23243013837201807","Pregão","15834205000062018","Não se Aplica","NAO SE APLICA","SISRP","Objeto: Pregão Eletrônico -  Aquisição de Canecas Personalizadas",1/8/2018,"Evento de Resultado de Julgamento Publicado","Existe Resultado de Compra","02 Ago 2018","Não Subrogou Compra","40.230,5000"
26000,"MINISTERIO DA EDUCACAO",26421,"INST.FED.DE EDUC.,CIENC.E TEC. DE RONDONIA",158342,"INST.FED.DE RONDONIA/CAMPUS VILHENA/RO","RO","VILHENA","23243016539201861","Pregão","15834205000072018","Não se Aplica","NAO SE APLICA","SISRP","Objeto: Pregão Eletrônico -  Aquisição de materiais de expediente e materiais de copa e cozinha.",3/9/2018,"Evento de Resultado de Julgamento Publicado","Existe Resultado de Compra","11 Set 2018","Não Subrogou Compra","170.459,0500"
26000,"MINISTERIO DA EDUCACAO",26421,"INST.FED.DE EDUC.,CIENC.E TEC. DE RONDONIA",158342,"INST.FED.DE RONDONIA/CAMPUS VILHENA/RO","RO","VILHENA","23243001283201897","Inexigibilidade de Licitação","15834207000012018","Não se Aplica","INCISO II","SISPP","Objeto: Serviço de publicação no Diário Oficial da União   DOU. Centímetro de coluna para publicação no DOU",31/12/1899,"Publicado","Existe Resultado de Compra","01 Jan 1900","Não Subrogou Compra","15.000,1600"
26000,"MINISTERIO DA EDUCACAO",26421,"INST.FED.DE EDUC.,CIENC.E TEC. DE RONDONIA",158342,"INST.FED.DE RONDONIA/CAMPUS VILHENA/RO","RO","VILHENA","24243003140201810","Dispensa de Licitação","15834206000012018","Não se Aplica","INCISO II","SISPP","Objeto: Gás liquefeito de petróleo GLP (gás de cozinha), acondicionado em cilindro P-45.",31/12/1899,"Encerrado","Existe Resultado de Compra","01 Jan 1900","Não Subrogou Compra","1.260,0000"
26000,"MINISTERIO DA EDUCACAO",26421,"INST.FED.DE EDUC.,CIENC.E TEC. DE RONDONIA",158342,"INST.FED.DE RONDONIA/CAMPUS VILHENA/RO","RO","VILHENA","23243004276201847","Dispensa de Licitação","15834206000022018","Não se Aplica","INCISO XXII","SISPP","Objeto: Contratação de empresa especializada para fornecimento de energia elétrica, para atender às necessidades do IFRO   Campus Vilhena.",31/12/1899,"Publicado","Existe Resultado de Compra","01 Jan 1900","Não Subrogou Compra","218.400,0000"
26000,"MINISTERIO DA EDUCACAO",26421,"INST.FED.DE EDUC.,CIENC.E TEC. DE RONDONIA",158342,"INST.FED.DE RONDONIA/CAMPUS VILHENA/RO","RO","VILHENA","23243007651201819","Dispensa de Licitação","15834206000032018","Não se Aplica","INCISO II","SISPP","Objeto: Aquisição e instalação de vidros.",31/12/1899,"Encerrado","Existe Resultado de Compra","01 Jan 1900","Não Subrogou Compra","3.840,0000"
26000,"MINISTERIO DA EDUCACAO",26421,"INST.FED.DE EDUC.,CIENC.E TEC. DE RONDONIA",158342,"INST.FED.DE RONDONIA/CAMPUS VILHENA/RO","RO","VILHENA","23243007651201819","Dispensa de Licitação","15834206000042018","Não se Aplica","INCISO II","SISPP","Objeto: Reforma/reposição  de  itens  que  compõem  o  logotipo  do  IFRO/Campus Vilhena.",31/12/1899,"Encerrado","Existe Resultado de Compra","01 Jan 1900","Não Subrogou Compra","4.000,0000"
26000,"MINISTERIO DA EDUCACAO",26421,"INST.FED.DE EDUC.,CIENC.E TEC. DE RONDONIA",158342,"INST.FED.DE RONDONIA/CAMPUS VILHENA/RO","RO","VILHENA","23243.008721/2018","Dispensa de Licitação","15834206000052018","Não se Aplica","INCISO II","SISPP","Objeto: Serviço de instalação das pontas e conversores, com fornecimento dos materiais de consumo necessários.",31/12/1899,"Encerrado","Existe Resultado de Compra","01 Jan 1900","Não Subrogou Compra","888,3700"
26000,"MINISTERIO DA EDUCACAO",26421,"INST.FED.DE EDUC.,CIENC.E TEC. DE RONDONIA",158342,"INST.FED.DE RONDONIA/CAMPUS VILHENA/RO","RO","VILHENA","23243.009945/2018","Inexigibilidade de Licitação","15834207000022018","Não se Aplica","INCISO II","SISPP","Objeto: Contratação de Acesso a PLATAFORMA DE CURSOS ALURA",31/12/1899,"Encerrado","Existe Resultado de Compra","01 Jan 1900","Não Subrogou Compra","7.650,0000"
26000,"MINISTERIO DA EDUCACAO",26421,"INST.FED.DE EDUC.,CIENC.E TEC. DE RONDONIA",158342,"INST.FED.DE RONDONIA/CAMPUS VILHENA/RO","RO","VILHENA","23243.009860/2018","Inexigibilidade de Licitação","15834207000032018","Não se Aplica","INCISO II","SISPP","Objeto: Pagamento de inscrição em Curso on line - Formação em Inteligência Artificial",31/12/1899,"Encerrado","Existe Resultado de Compra","01 Jan 1900","Não Subrogou Compra","3.419,0000"
26000,"MINISTERIO DA EDUCACAO",26421,"INST.FED.DE EDUC.,CIENC.E TEC. DE RONDONIA",158342,"INST.FED.DE RONDONIA/CAMPUS VILHENA/RO","RO","VILHENA","23243010323201891","Dispensa de Licitação","15834206000062018","Não se Aplica","INCISO II","SISPP","Objeto: Transporte de equipamentos da garagem para o centro de usinagem, contemplando:  - 01 Centro de usinagem (peso aprox. 3.500 kg)  - 01 Mini Centro de usinagem (peso aprox. 310 kg)  - 02 Tornos mecânicos (peso aprox. 1.800 kg cada)  - 01 fresadora (peso aprox. 2.500 kg)  - 01 transporte de 06 tampas de concreto armado medindo 1,80m X 3,60 m X 0,20  Observação: O serviço deverá ser realizado em um sábado no período matutino.",31/12/1899,"Revogação","Existe Resultado de Compra","01 Jan 1900","Não Subrogou Compra","1.900,0000"
26000,"MINISTERIO DA EDUCACAO",26421,"INST.FED.DE EDUC.,CIENC.E TEC. DE RONDONIA",158342,"INST.FED.DE RONDONIA/CAMPUS VILHENA/RO","RO","VILHENA","23243.010323/2018","Dispensa de Licitação","15834206000072018","Não se Aplica","INCISO II","SISPP","Objeto: Transporte de equipamentos da garagem para o centro de usinagem, contemplando:  - 01 Centro de usinagem (peso aprox. 3.500 kg)  - 01 Mini Centro de usinagem (peso aprox. 310 kg)  - 02 Tornos mecânicos (peso aprox. 1.800 kg cada)  - 01 fresadora (peso aprox. 2.500 kg)  - 01 transporte de 06 tampas de concreto armado medindo 1,80m X 3,60 m X 0,20  Observação: O serviço deverá ser realizado em um sábado no período matutino.",31/12/1899,"Encerrado","Existe Resultado de Compra","01 Jan 1900","Não Subrogou Compra","1.900,0000"
26000,"MINISTERIO DA EDUCACAO",26421,"INST.FED.DE EDUC.,CIENC.E TEC. DE RONDONIA",158342,"INST.FED.DE RONDONIA/CAMPUS VILHENA/RO","RO","VILHENA","23243010323201891","Dispensa de Licitação","15834206000082018","Não se Aplica","INCISO II","SISPP","Objeto: Transporte de equipamentos da garagem para o centro de usinagem, contemplando:  - 01 Centro de usinagem (peso aprox. 3.500 kg)  - 01 Mini Centro de usinagem (peso aprox. 310 kg)  - 02 Tornos mecânicos (peso aprox. 1.800 kg cada)  - 01 fresadora (peso aprox. 2.500 kg)  - 01 transporte de 06 tampas de concreto armado medindo 1,80m X 3,60 m X 0,20  Observação: O serviço deverá ser realizado em um sábado no período matutino",31/12/1899,"Encerrado","Existe Resultado de Compra","01 Jan 1900","Não Subrogou Compra","1.900,0000"
26000,"MINISTERIO DA EDUCACAO",26421,"INST.FED.DE EDUC.,CIENC.E TEC. DE RONDONIA",158342,"INST.FED.DE RONDONIA/CAMPUS VILHENA/RO","RO","VILHENA","23243012697201841","Inexigibilidade de Licitação","15834207000042018","Não se Aplica","INCISO II","SISPP","Objeto: Participação em evento de capacitação.",31/12/1899,"Encerrado","Existe Resultado de Compra","01 Jan 1900","Não Subrogou Compra","1.200,0000"
26000,"MINISTERIO DA EDUCACAO",26421,"INST.FED.DE EDUC.,CIENC.E TEC. DE RONDONIA",158342,"INST.FED.DE RONDONIA/CAMPUS VILHENA/RO","RO","VILHENA","23243015332201879","Inexigibilidade de Licitação","15834207000052018","Não se Aplica","INCISO II","SISPP","Objeto: Capacitação do servidor Rodrigo Buss Back no curso ENG - DTP & Multimídia - treinamento Revit Avançado",31/12/1899,"Encerrado","Existe Resultado de Compra","01 Jan 1900","Não Subrogou Compra","3.000,0000"
26000,"MINISTERIO DA EDUCACAO",26421,"INST.FED.DE EDUC.,CIENC.E TEC. DE RONDONIA",158342,"INST.FED.DE RONDONIA/CAMPUS VILHENA/RO","RO","VILHENA","23243016973201841","Inexigibilidade de Licitação","15834207000062018","Não se Aplica","INCISO II","SISPP","Objeto: Capacitação dos servidores Sulivan Silva e Silva e Augusto Barobosa Silva no curso prático de Estação Total.",31/12/1899,"Encerrado","Existe Resultado de Compra","01 Jan 1900","Não Subrogou Compra","2.000,0000"
26000,"MINISTERIO DA EDUCACAO",26421,"INST.FED.DE EDUC.,CIENC.E TEC. DE RONDONIA",158342,"INST.FED.DE RONDONIA/CAMPUS VILHENA/RO","RO","VILHENA","23243012787201832","Inexigibilidade de Licitação","15834207000072018","Não se Aplica","INCISO II","SISPP","Objeto: Capacitação das servidoras Elza Volpatto Mesquita e Sirlei Teixeira Silva no curso Qualificação para Auxiliares de Biblioteca.",31/12/1899,"Encerrado","Existe Resultado de Compra","01 Jan 1900","Não Subrogou Compra","918,0000"
26000,"MINISTERIO DA EDUCACAO",26421,"INST.FED.DE EDUC.,CIENC.E TEC. DE RONDONIA",158342,"INST.FED.DE RONDONIA/CAMPUS VILHENA/RO","RO","VILHENA","23243.015816/2018","Inexigibilidade de Licitação","15834207000082018","Não se Aplica","INCISO II","SISPP","Objeto: Renovação da assinatura do Banco de Preços.",31/12/1899,"Encerrado","Existe Resultado de Compra","01 Jan 1900","Não Subrogou Compra","7.990,0000"
26000,"MINISTERIO DA EDUCACAO",26421,"INST.FED.DE EDUC.,CIENC.E TEC. DE RONDONIA",158342,"INST.FED.DE RONDONIA/CAMPUS VILHENA/RO","RO","VILHENA","2324301908201800","Dispensa de Licitação","15834206000092018","Não se Aplica","INCISO II","SISPP","Objeto: Gás liquefeito de petróleo GLP (gás de cozinha), acondicionado em cilindro P-45",31/12/1899,"Encerrado","Existe Resultado de Compra","01 Jan 1900","Não Subrogou Compra","1.320,0000"
26000,"MINISTERIO DA EDUCACAO",26421,"INST.FED.DE EDUC.,CIENC.E TEC. DE RONDONIA",158342,"INST.FED.DE RONDONIA/CAMPUS VILHENA/RO","RO","VILHENA","23243011917201810","Inexigibilidade de Licitação","15834207000092018","Não se Aplica","INCISO II","SISPP","Objeto: Capacitação da servidora Clara Paula de Lima -  V Congresso Nacional de  Educação a ser realizado pela  Realize Eventos científicos e Editora Ltda",31/12/1899,"Encerrado","Existe Resultado de Compra","01 Jan 1900","Não Subrogou Compra","210,0000"
26000,"MINISTERIO DA EDUCACAO",26421,"INST.FED.DE EDUC.,CIENC.E TEC. DE RONDONIA",158342,"INST.FED.DE RONDONIA/CAMPUS VILHENA/RO","RO","VILHENA","23243019857201883","Inexigibilidade de Licitação","15834207000102018","Não se Aplica","INCISO II","SISPP","Objeto: Capacitação das servidoras Samára Carvalho de Castro e Sílvia Brandão Pereira no curso de Secretariado Executivo e Assessoria  a ser realizado pela Empresa CONSULTRE - CONSULTORIA E TREINAMENTO LTDA.",31/12/1899,"Encerrado","Existe Resultado de Compra","01 Jan 1900","Não Subrogou Compra","4.980,0000"
26000,"MINISTERIO DA EDUCACAO",26421,"INST.FED.DE EDUC.,CIENC.E TEC. DE RONDONIA",158342,"INST.FED.DE RONDONIA/CAMPUS VILHENA/RO","RO","VILHENA","23243.020852/2018","Inexigibilidade de Licitação","15834207000112018","Não se Aplica","INCISO II","SISPP","Objeto: Capacitação do servidor Agnaldo Correa de Almeida no Curso  de Auditor Interno da Qualidade ISO 9001:2015.",31/12/1899,"Encerrado","Existe Resultado de Compra","01 Jan 1900","Não Subrogou Compra","950,0000"
26000,"MINISTERIO DA EDUCACAO",26421,"INST.FED.DE EDUC.,CIENC.E TEC. DE RONDONIA",158342,"INST.FED.DE RONDONIA/CAMPUS VILHENA/RO","RO","VILHENA","23243010131201885","Dispensa de Licitação","15834206000102018","Não se Aplica","INCISO II","SISPP","Objeto: Contratação de empresa especializada para prestação do serviço de decoração com fornecimento de materiais.",31/12/1899,"Encerrado","Existe Resultado de Compra","01 Jan 1900","Não Subrogou Compra","7.980,0000"
26000,"MINISTERIO DA EDUCACAO",26421,"INST.FED.DE EDUC.,CIENC.E TEC. DE RONDONIA",158342,"INST.FED.DE RONDONIA/CAMPUS VILHENA/RO","RO","VILHENA","23243020200201869","Inexigibilidade de Licitação","15834207000122018","Não se Aplica","INCISO II","SISPP","Objeto: Capacitar servidor CARLOS PEREIRA no Curso Projeto de Sistema a vapor a ser realizado pela  Empresa Spirax Sarco Indústria e Comércio Ltda",31/12/1899,"Encerrado","Existe Resultado de Compra","01 Jan 1900","Não Subrogou Compra","1.788,0000"
26000,"MINISTERIO DA EDUCACAO",26421,"INST.FED.DE EDUC.,CIENC.E TEC. DE RONDONIA",158342,"INST.FED.DE RONDONIA/CAMPUS VILHENA/RO","RO","VILHENA","23243022090201870","Inexigibilidade de Licitação","15834207000132018","Não se Aplica","INCISO II","SISPP","Objeto: Publicação dos anais - 100 (cem) unidades.",31/12/1899,"Encerrado","Existe Resultado de Compra","01 Jan 1900","Não Subrogou Compra","639,0000"
26000,"MINISTERIO DA EDUCACAO",26421,"INST.FED.DE EDUC.,CIENC.E TEC. DE RONDONIA",158342,"INST.FED.DE RONDONIA/CAMPUS VILHENA/RO","RO","VILHENA","23243022199201815","Inexigibilidade de Licitação","15834207000142018","Não se Aplica","INCISO II","SISPP","Objeto: Capacitação dos servidores da Coordenação de Assistência ao Educando no Curso AUTOCONHECIMENTO E INTELIGÊNCIA EMOCIONAL",31/12/1899,"Encerrado","Existe Resultado de Compra","01 Jan 1900","Não Subrogou Compra","2.250,0000"
26000,"MINISTERIO DA EDUCACAO",26421,"INST.FED.DE EDUC.,CIENC.E TEC. DE RONDONIA",158342,"INST.FED.DE RONDONIA/CAMPUS VILHENA/RO","RO","VILHENA","23243.023833/2018","Inexigibilidade de Licitação","15834207000152018","Não se Aplica","INCISO II","SISPP","Objeto: Contratação da Pessoa Física Giuseppe de Lima Moura para ministrar oficina ""Cuidando do Cuidador""",31/12/1899,"Encerrado","Existe Resultado de Compra","01 Jan 1900","Não Subrogou Compra","7.000,0000"
26000,"MINISTERIO DA EDUCACAO",26421,"INST.FED.DE EDUC.,CIENC.E TEC. DE RONDONIA",158343,"INST.FED.DE RONDONIA/CAMPUS ARIQUEMES/RO","RO","ARIQUEMES","23243001571201841","Pregão","15834305000012018","Não se Aplica","NAO SE APLICA","SISRP","Objeto: Pregão Eletrônico -  Aquisição de Fertilizantes e Defensivos Agrícolas.",2/3/2018,"Publicado","Existe Resultado de Compra","06 Mar 2018","Não Subrogou Compra","247.955,4600"
26000,"MINISTERIO DA EDUCACAO",26421,"INST.FED.DE EDUC.,CIENC.E TEC. DE RONDONIA",158343,"INST.FED.DE RONDONIA/CAMPUS ARIQUEMES/RO","RO","ARIQUEMES","23243008388201877","Pregão","15834305000022018","Não se Aplica","NAO SE APLICA","SISRP","Objeto: Pregão Eletrônico -  Eventual aquisição de materiais para manutenção predial.",28/5/2018,"Publicado","Existe Resultado de Compra","04 Jun 2018","Não Subrogou Compra","148.986,9700"
26000,"MINISTERIO DA EDUCACAO",26421,"INST.FED.DE EDUC.,CIENC.E TEC. DE RONDONIA",158343,"INST.FED.DE RONDONIA/CAMPUS ARIQUEMES/RO","RO","ARIQUEMES","23243010411201893","Pregão","15834305000032018","Não se Aplica","NAO SE APLICA","SISRP","Objeto: Pregão Eletrônico -  Aquisição conjunta de material hidráulico.",20/8/2018,"Publicado","Existe Resultado de Compra","04 Set 2018","Não Subrogou Compra","534.505,5900"
26000,"MINISTERIO DA EDUCACAO",26421,"INST.FED.DE EDUC.,CIENC.E TEC. DE RONDONIA",158343,"INST.FED.DE RONDONIA/CAMPUS ARIQUEMES/RO","RO","ARIQUEMES","23243012615201869","Pregão","15834305000042018","Não se Aplica","NAO SE APLICA","SISRP","Objeto: Pregão Eletrônico -  Registro de preços para eventual contratação de serviços de dedetização para atender as coordenações de Serviços Gerais do Instituto Federal de Educação, Ciência e Tecnologia de Rondônia.",10/10/2018,"Publicado","Existe Resultado de Compra","17 Out 2018","Não Subrogou Compra","75.055,7280"
26000,"MINISTERIO DA EDUCACAO",26421,"INST.FED.DE EDUC.,CIENC.E TEC. DE RONDONIA",158343,"INST.FED.DE RONDONIA/CAMPUS ARIQUEMES/RO","RO","ARIQUEMES","23243019722201818","Pregão","15834305000062018","Não se Aplica","NAO SE APLICA","SISRP","Objeto: Pregão Eletrônico -  Registro de preços para eventual aquisição de equipamentos diversos.",14/11/2018,"Publicado","Existe Resultado de Compra","28 Nov 2018","Não Subrogou Compra","87.083,5600"
26000,"MINISTERIO DA EDUCACAO",26421,"INST.FED.DE EDUC.,CIENC.E TEC. DE RONDONIA",158343,"INST.FED.DE RONDONIA/CAMPUS ARIQUEMES/RO","RO","ARIQUEMES","23243000883201838","Dispensa de Licitação","15834306000012018","Não se Aplica","INCISO XXII","SISPP","Objeto: Fornecimento de Energia Elétrica para atender as necessidades do IFRO/Campus Ariquemes.",31/12/1899,"Publicado","Existe Resultado de Compra","01 Jan 1900","Não Subrogou Compra","350.000,0000"
26000,"MINISTERIO DA EDUCACAO",26421,"INST.FED.DE EDUC.,CIENC.E TEC. DE RONDONIA",158343,"INST.FED.DE RONDONIA/CAMPUS ARIQUEMES/RO","RO","ARIQUEMES","23243001634201860","Dispensa de Licitação","15834306000022018","Não se Aplica","INCISO II","SISPP","Objeto: Contratação de empresa especializada na limpeza de fossas sépticas, para atender a demanda do IFRO-Campus Ariquemes.",31/12/1899,"Encerrado","Existe Resultado de Compra","01 Jan 1900","Não Subrogou Compra","6.400,0000"
26000,"MINISTERIO DA EDUCACAO",26421,"INST.FED.DE EDUC.,CIENC.E TEC. DE RONDONIA",158343,"INST.FED.DE RONDONIA/CAMPUS ARIQUEMES/RO","RO","ARIQUEMES","23243001953201875","Dispensa de Licitação","15834306000032018","Não se Aplica","INCISO II","SISPP","Objeto: Aquisição de Pranchetas e Assentos em MDF.",31/12/1899,"Encerrado","Existe Resultado de Compra","01 Jan 1900","Não Subrogou Compra","7.910,0000"
26000,"MINISTERIO DA EDUCACAO",26421,"INST.FED.DE EDUC.,CIENC.E TEC. DE RONDONIA",158343,"INST.FED.DE RONDONIA/CAMPUS ARIQUEMES/RO","RO","ARIQUEMES","23243013198201871","Inexigibilidade de Licitação","15834307000012018","Não se Aplica","INCISO II","SISPP","Objeto: Contratação de serviços de capacitação para os servidores Bruno Antônio Azevedo Silva e Maiko Silva Fernandes - PAC 2018.",31/12/1899,"Encerrado","Existe Resultado de Compra","01 Jan 1900","Não Subrogou Compra","820,0000"
26000,"MINISTERIO DA EDUCACAO",26421,"INST.FED.DE EDUC.,CIENC.E TEC. DE RONDONIA",158343,"INST.FED.DE RONDONIA/CAMPUS ARIQUEMES/RO","RO","ARIQUEMES","23243011530201863","Inexigibilidade de Licitação","15834307000022018","Não se Aplica","INCISO II","SISPP","Objeto: Contratação de empresa especializada na capacitação da servidora Luciana Ferreira Gonçalves. Evento: Pós-Graduação em Gestão do Trabalho Pedagógico: Supervisão, Orientação, Inspeção e Administração Escolar.",31/12/1899,"Encerrado","Existe Resultado de Compra","01 Jan 1900","Não Subrogou Compra","1.931,0000"
26000,"MINISTERIO DA EDUCACAO",26421,"INST.FED.DE EDUC.,CIENC.E TEC. DE RONDONIA",158343,"INST.FED.DE RONDONIA/CAMPUS ARIQUEMES/RO","RO","ARIQUEMES","23243011813201813","Inexigibilidade de Licitação","15834307000032018","Não se Aplica","INCISO II","SISPP","Objeto: Contratação de empresa especializada na capacitação de servidora QUEZIA DA SILVA ROSA, para atender a demanda do IFRO-Campus Ariquemes.",31/12/1899,"Publicado","Existe Resultado de Compra","01 Jan 1900","Não Subrogou Compra","9.439,9800"
26000,"MINISTERIO DA EDUCACAO",26421,"INST.FED.DE EDUC.,CIENC.E TEC. DE RONDONIA",158343,"INST.FED.DE RONDONIA/CAMPUS ARIQUEMES/RO","RO","ARIQUEMES","23243016054201877","Dispensa de Licitação","15834306000042018","Não se Aplica","INCISO II","SISPP","Objeto: Contratação de serviços de manutenção preventiva e corretiva em sistema de telefonia fixa (PABX), para atender a demanda do IFRO-Campus Ariquemes.",31/12/1899,"Retificação","Existe Resultado de Compra","01 Jan 1900","Não Subrogou Compra","4.590,0000"
26000,"MINISTERIO DA EDUCACAO",26421,"INST.FED.DE EDUC.,CIENC.E TEC. DE RONDONIA",158343,"INST.FED.DE RONDONIA/CAMPUS ARIQUEMES/RO","RO","ARIQUEMES","23243016904201837","Dispensa de Licitação","15834306000052018","Não se Aplica","INCISO II","SISPP","Objeto: Aquisição de Farelo de Soja.",31/12/1899,"Encerrado","Existe Resultado de Compra","01 Jan 1900","Não Subrogou Compra","7.200,0000"
26000,"MINISTERIO DA EDUCACAO",26421,"INST.FED.DE EDUC.,CIENC.E TEC. DE RONDONIA",158343,"INST.FED.DE RONDONIA/CAMPUS ARIQUEMES/RO","RO","ARIQUEMES","23243012137201897","Inexigibilidade de Licitação","15834307000042018","Não se Aplica","INCISO II","SISPP","Objeto: Contratação de empresa especializada na capacitação da servidora Elaine Moreira Bragança, para atender a demanda do IFRO-Campus Ariquemes.",31/12/1899,"Encerrado","Existe Resultado de Compra","01 Jan 1900","Não Subrogou Compra","2.012,4600"
26000,"MINISTERIO DA EDUCACAO",26421,"INST.FED.DE EDUC.,CIENC.E TEC. DE RONDONIA",158343,"INST.FED.DE RONDONIA/CAMPUS ARIQUEMES/RO","RO","ARIQUEMES","23243012563201821","Inexigibilidade de Licitação","15834307000052018","Não se Aplica","INCISO II","SISPP","Objeto: Contratação de empresa especializada na capacitação da servidora Danielle Boa Sorte Barros, para atender a demanda do IFRO-Campus Ariquemes.",31/12/1899,"Encerrado","Existe Resultado de Compra","01 Jan 1900","Não Subrogou Compra","1.534,9800"
26000,"MINISTERIO DA EDUCACAO",26421,"INST.FED.DE EDUC.,CIENC.E TEC. DE RONDONIA",158343,"INST.FED.DE RONDONIA/CAMPUS ARIQUEMES/RO","RO","ARIQUEMES","23243016033201851","Inexigibilidade de Licitação","15834307000062018","Não se Aplica","INCISO II","SISPP","Objeto: Contratação de empresa especializada na capacitação de servidora Eunice Gomes da Silva, para atender a demanda do IFRO-Campus Ariquemes.",31/12/1899,"Encerrado","Existe Resultado de Compra","01 Jan 1900","Não Subrogou Compra","480,0000"
26000,"MINISTERIO DA EDUCACAO",26421,"INST.FED.DE EDUC.,CIENC.E TEC. DE RONDONIA",158343,"INST.FED.DE RONDONIA/CAMPUS ARIQUEMES/RO","RO","ARIQUEMES","23243013902201896","Inexigibilidade de Licitação","15834307000072018","Não se Aplica","INCISO II","SISPP","Objeto: Contratação de empresa especializada para capacitação da servidora Juliana Minardi Galo, para atender a demanda do IFRO-Campus Ariquemes.",31/12/1899,"Encerrado","Existe Resultado de Compra","01 Jan 1900","Não Subrogou Compra","680,0000"
26000,"MINISTERIO DA EDUCACAO",26421,"INST.FED.DE EDUC.,CIENC.E TEC. DE RONDONIA",158343,"INST.FED.DE RONDONIA/CAMPUS ARIQUEMES/RO","RO","ARIQUEMES","23243012478201862","Dispensa de Licitação","15834306000062018","Não se Aplica","INCISO II","SISPP","Objeto: Aquisição de Placas de Veículos, para atender a demanda do IFRO-Campus Ariquemes.",31/12/1899,"Encerrado","Existe Resultado de Compra","01 Jan 1900","Não Subrogou Compra","560,0000"
26000,"MINISTERIO DA EDUCACAO",26421,"INST.FED.DE EDUC.,CIENC.E TEC. DE RONDONIA",158343,"INST.FED.DE RONDONIA/CAMPUS ARIQUEMES/RO","RO","ARIQUEMES","23243021307201824","Dispensa de Licitação","15834306000072018","Não se Aplica","INCISO II","SISPP","Objeto: Contratação de empresa especializada para prestação de serviços de manutenção elétrica, para atender a demanda do IFRO-Campus Ariquemes.",31/12/1899,"Encerrado","Existe Resultado de Compra","01 Jan 1900","Não Subrogou Compra","4.408,3000"
26000,"MINISTERIO DA EDUCACAO",26421,"INST.FED.DE EDUC.,CIENC.E TEC. DE RONDONIA",158343,"INST.FED.DE RONDONIA/CAMPUS ARIQUEMES/RO","RO","ARIQUEMES","23243022006201818","Inexigibilidade de Licitação","15834307000082018","Não se Aplica","INCISO II","SISPP","Objeto: Capacitação dos servidores ALEKSANDER LUIZ SILVA e SIMONE AGUIAR DA SILVA na XV Semana de Administração Orçamentária.",31/12/1899,"Encerrado","Existe Resultado de Compra","01 Jan 1900","Não Subrogou Compra","1.000,0000"
26000,"MINISTERIO DA EDUCACAO",26421,"INST.FED.DE EDUC.,CIENC.E TEC. DE RONDONIA",158343,"INST.FED.DE RONDONIA/CAMPUS ARIQUEMES/RO","RO","ARIQUEMES","23243015908201806","Inexigibilidade de Licitação","15834307000092018","Não se Aplica","INCISO II","SISPP","Objeto: Capacitação da servidora ROZANGELA GOMES FERREIRA no curso EAD de  de execução orçamentária, financeira e contábil de forma integrada na administração pública.",31/12/1899,"Encerrado","Existe Resultado de Compra","01 Jan 1900","Não Subrogou Compra","980,0000"
26000,"MINISTERIO DA EDUCACAO",26421,"INST.FED.DE EDUC.,CIENC.E TEC. DE RONDONIA",158345,"INST.FED.DE RONDONIA/CAMPUS PORTO VELHO/RO","RO","PORTO VELHO","23243002837201873","Pregão","15834505000082018","Não se Aplica","NAO SE APLICA","SISPP","Objeto: Pregão Eletrônico -  Concessão de uso oneroso de espaço físico, medindo 141,82m2, para exploração de serviços de restaurante e lanchonete no IFRO Campus Porto Velho Calama, na Av. Calama, nº 4.985, bairro Flodoaldo Pontes Pinto, em Porto Velho-RO, havendo por finalidade atender a comunidade escolar, incluindo-se no rol, os alunos, os servidores, funcionários terceirizados, familiares de alunos e servidores, e eventuais transeuntes em atividades no Campus, nos horários normais de funcionamento, incluindo",18/4/2018,"Publicado","Existe Resultado de Compra","18 Abr 2018","Não Subrogou Compra","215,5700"
26000,"MINISTERIO DA EDUCACAO",26421,"INST.FED.DE EDUC.,CIENC.E TEC. DE RONDONIA",158345,"INST.FED.DE RONDONIA/CAMPUS PORTO VELHO/RO","RO","PORTO VELHO","23243000722201682","Pregão","15834505000132018","Não se Aplica","NAO SE APLICA","SISPP","Objeto: Pregão Eletrônico -  Contratação de empresa especializada para realização de serviços de pintura do cercamento e aplicação de pintura em epóxi, para atender às necessidades do Campus Porto Velho Calama do Instituto Federal de Rondônia, conforme Termo de Referência, Planilha Orçamentária, Cronograma Físico-Financeiro e Memorial Descritivo, todos anexos do Edital.",4/9/2018,"Publicado","Existe Resultado de Compra","08 Nov 2018","Não Subrogou Compra","79.493,6200"
26000,"MINISTERIO DA EDUCACAO",26421,"INST.FED.DE EDUC.,CIENC.E TEC. DE RONDONIA",158345,"INST.FED.DE RONDONIA/CAMPUS PORTO VELHO/RO","RO","PORTO VELHO","23243013669201761","Pregão","15834505000152017","Não se Aplica","NAO SE APLICA","SISRP","Objeto: Pregão Eletrônico -  Registro de preços para AQUISIÇÃO DE MATERIAIS DIVERSOS (Aerógrafo, Altímetro, Agôgo, Alicate, entre outros constantes no Plano de Aquisições 2017)",19/12/2017,"Publicado","Existe Resultado de Compra","09 Mar 2018","Não Subrogou Compra","947.687,4793"
26000,"MINISTERIO DA EDUCACAO",26421,"INST.FED.DE EDUC.,CIENC.E TEC. DE RONDONIA",158345,"INST.FED.DE RONDONIA/CAMPUS PORTO VELHO/RO","RO","PORTO VELHO","23243012025201755","Pregão","15834505000012018","Não se Aplica","NAO SE APLICA","SISRP","Objeto: Pregão Eletrônico -  Aquisição de itens de serralheira (confeccionados com emprego de materiais).",29/1/2018,"Publicado","Existe Resultado de Compra","02 Fev 2018","Não Subrogou Compra","458.440,8300"
26000,"MINISTERIO DA EDUCACAO",26421,"INST.FED.DE EDUC.,CIENC.E TEC. DE RONDONIA",158345,"INST.FED.DE RONDONIA/CAMPUS PORTO VELHO/RO","RO","PORTO VELHO","23243.003633/2017","Pregão","15834505000022018","Não se Aplica","NAO SE APLICA","SISRP","Objeto: Pregão Eletrônico -  Registro de preços para contratação de serviços de manutenção preventiva e corretiva em elevador, para atender à demandas do Campus Porto Velho Calama, com vigência de 12 (doze) meses, sem dedicação de mão de obra exclusiva.",14/3/2018,"Publicado","Existe Resultado de Compra","15 Mar 2018","Não Subrogou Compra","128.925,0000"
26000,"MINISTERIO DA EDUCACAO",26421,"INST.FED.DE EDUC.,CIENC.E TEC. DE RONDONIA",158345,"INST.FED.DE RONDONIA/CAMPUS PORTO VELHO/RO","RO","PORTO VELHO","23243018898201771","Pregão","15834505000042018","Não se Aplica","NAO SE APLICA","SISRP","Objeto: Pregão Eletrônico -  Registro de preços para futuras contratações de empresa(s) especializada(s) para prestação continuada de serviços de vigilância armada/desarmada e recepção.",6/4/2018,"Evento de Retificação Divulgado","Existe Resultado de Compra","26 Abr 2018","Não Subrogou Compra","2.357.327,1200"
26000,"MINISTERIO DA EDUCACAO",26421,"INST.FED.DE EDUC.,CIENC.E TEC. DE RONDONIA",158345,"INST.FED.DE RONDONIA/CAMPUS PORTO VELHO/RO","RO","PORTO VELHO","23243019477201768","Pregão","15834505000052018","Não se Aplica","NAO SE APLICA","SISRP","Objeto: Pregão Eletrônico -  Registro de preços para contratação de empresa especializada em prestação de serviços para a manutenção de sistema de abastecimento de água alternativo, serviços tais como análise de água e limpeza poços e reservatório bem como a manutenção no sistema de bombeamento, visando atender às necessidades do campus Porto velho Calama,   IFRO.",27/4/2018,"Publicado","Existe Resultado de Compra","21 Mai 2018","Não Subrogou Compra","150.379,8300"
26000,"MINISTERIO DA EDUCACAO",26421,"INST.FED.DE EDUC.,CIENC.E TEC. DE RONDONIA",158345,"INST.FED.DE RONDONIA/CAMPUS PORTO VELHO/RO","RO","PORTO VELHO","23243018429201752","Pregão","15834505000072018","Não se Aplica","NAO SE APLICA","SISRP","Objeto: Pregão Eletrônico -  Registro de preços para contratação de empresa especializada na organização de Solenidades e Eventos, para atender às demandas das Unidades do IFRO, com vigência de 12 (doze) meses, sem dedicação de mão de obra exclusiva:",4/5/2018,"Publicado","Existe Resultado de Compra","10 Mai 2018","Não Subrogou Compra","950.353,0200"
26000,"MINISTERIO DA EDUCACAO",26421,"INST.FED.DE EDUC.,CIENC.E TEC. DE RONDONIA",158345,"INST.FED.DE RONDONIA/CAMPUS PORTO VELHO/RO","RO","PORTO VELHO","23243001516201851","Pregão","15834505000092018","Não se Aplica","NAO SE APLICA","SISRP","Objeto: Pregão Eletrônico -  Registro de preços para aquisições futuras de materiais esportivos, com vigência de 12 (doze) meses.",8/5/2018,"Publicado","Existe Resultado de Compra","24 Ago 2018","Não Subrogou Compra","586.558,3266"
26000,"MINISTERIO DA EDUCACAO",26421,"INST.FED.DE EDUC.,CIENC.E TEC. DE RONDONIA",158345,"INST.FED.DE RONDONIA/CAMPUS PORTO VELHO/RO","RO","PORTO VELHO","23243001494201820","Pregão","15834505000102018","Não se Aplica","NAO SE APLICA","SISRP","Objeto: Pregão Eletrônico -  Aquisição de MATERIAL DE ACONDICIONAMENTO E EMBALAGEM.",22/5/2018,"Publicado","Existe Resultado de Compra","30 Jul 2018","Não Subrogou Compra","243.385,4100"
26000,"MINISTERIO DA EDUCACAO",26421,"INST.FED.DE EDUC.,CIENC.E TEC. DE RONDONIA",158345,"INST.FED.DE RONDONIA/CAMPUS PORTO VELHO/RO","RO","PORTO VELHO","23243018047201729","Pregão","15834505000062018","Não se Aplica","NAO SE APLICA","SISRP","Objeto: Pregão Eletrônico -  Registro de preços para contratação futura de limpeza e organização do terreno do Campus, conforme demandas, com vigência de 12 (doze) meses, sem dedicação de mão de obra exclusiva.",23/5/2018,"Publicado","Existe Resultado de Compra","05 Jul 2018","Não Subrogou Compra","275.277,4400"
26000,"MINISTERIO DA EDUCACAO",26421,"INST.FED.DE EDUC.,CIENC.E TEC. DE RONDONIA",158345,"INST.FED.DE RONDONIA/CAMPUS PORTO VELHO/RO","RO","PORTO VELHO","23243008641201892","Pregão","15834505000112018","Não se Aplica","NAO SE APLICA","SISRP","Objeto: Pregão Eletrônico -  Registro de preços para aquisições de uniformes.",16/7/2018,"Publicado","Existe Resultado de Compra","19 Jul 2018","Não Subrogou Compra","1.076.148,7600"
26000,"MINISTERIO DA EDUCACAO",26421,"INST.FED.DE EDUC.,CIENC.E TEC. DE RONDONIA",158345,"INST.FED.DE RONDONIA/CAMPUS PORTO VELHO/RO","RO","PORTO VELHO","23243019614201764","Pregão","15834505000122018","Não se Aplica","NAO SE APLICA","SISRP","Objeto: Pregão Eletrônico -  Contratação de empresa especializada em prestação de serviço e fornecimento de material concernente às atividades de vidraçaria e chaveiro para  atender às necessidades das unidades IFRO e do Hospital de Guarnição de Porto Velho.",6/8/2018,"Publicado","Existe Resultado de Compra","13 Ago 2018","Não Subrogou Compra","611.491,2700"
26000,"MINISTERIO DA EDUCACAO",26421,"INST.FED.DE EDUC.,CIENC.E TEC. DE RONDONIA",158345,"INST.FED.DE RONDONIA/CAMPUS PORTO VELHO/RO","RO","PORTO VELHO","23243009030201861","Pregão","15834505000142018","Não se Aplica","NAO SE APLICA","SISRP","Objeto: Pregão Eletrônico -  Contratação de empresa especializada em prestação de serviço  de fretamento de transporte alternativo para  atender às necessidades do campus Porto Velho Calama do Instituto Federal de Rondônia - IFRO",3/9/2018,"Publicado","Existe Resultado de Compra","11 Set 2018","Não Subrogou Compra","182.540,0000"
26000,"MINISTERIO DA EDUCACAO",26421,"INST.FED.DE EDUC.,CIENC.E TEC. DE RONDONIA",158345,"INST.FED.DE RONDONIA/CAMPUS PORTO VELHO/RO","RO","PORTO VELHO","23243018069201799","Pregão","15834505000152018","Não se Aplica","NAO SE APLICA","SISRP","Objeto: Pregão Eletrônico -  Registro de preços para contratação de serviços de manutenção de cerca elétrica, com  fornecimento de peças, para atender ao Campus Porto Velho Calama do Instituto Federal de Rondônia -  IFRO.",20/9/2018,"Publicado","Existe Resultado de Compra","25 Set 2018","Não Subrogou Compra","63.497,9900"
26000,"MINISTERIO DA EDUCACAO",26421,"INST.FED.DE EDUC.,CIENC.E TEC. DE RONDONIA",158345,"INST.FED.DE RONDONIA/CAMPUS PORTO VELHO/RO","RO","PORTO VELHO","23243020825201821","Pregão","15834505000162018","Não se Aplica","NAO SE APLICA","SISRP","Objeto: Pregão Eletrônico -  Registro de preços para aquisições futuras de materiais para acondicionamento e embalagem, com vigência de 12 (doze) meses.",4/12/2018,"Publicado","Existe Resultado de Compra","14 Dez 2018","Não Subrogou Compra","23.040,7600"
26000,"MINISTERIO DA EDUCACAO",26421,"INST.FED.DE EDUC.,CIENC.E TEC. DE RONDONIA",158345,"INST.FED.DE RONDONIA/CAMPUS PORTO VELHO/RO","RO","PORTO VELHO","23243009021201871","Pregão","15834505000172018","Não se Aplica","NAO SE APLICA","SISRP","Objeto: Pregão Eletrônico -  Aquisição de Equipamentos para estruturação dos Laboratórios de ensino do curso de Engenharia de Controle e Automação - PVCAL/CCENG",27/11/2018,"Publicado","Existe Resultado de Compra","17 Dez 2018","Não Subrogou Compra","2.863.529,0000"
26000,"MINISTERIO DA EDUCACAO",26421,"INST.FED.DE EDUC.,CIENC.E TEC. DE RONDONIA",158345,"INST.FED.DE RONDONIA/CAMPUS PORTO VELHO/RO","RO","PORTO VELHO","23243018667201849","Pregão","15834505000182018","Não se Aplica","NAO SE APLICA","SISRP","Objeto: Pregão Eletrônico -  Registro de preços para aquisições futuras de bens permanentes, com vigência de 12 (doze) meses.",30/11/2018,"Publicado","Existe Resultado de Compra","20 Dez 2018","Não Subrogou Compra","343.296,8598"
26000,"MINISTERIO DA EDUCACAO",26421,"INST.FED.DE EDUC.,CIENC.E TEC. DE RONDONIA",158345,"INST.FED.DE RONDONIA/CAMPUS PORTO VELHO/RO","RO","PORTO VELHO","23243017756201797","Dispensa de Licitação","15834506000012018","Não se Aplica","INCISO II","SISPP","Objeto: Manutenção corretiva de impressora (CRA)",31/12/1899,"Revogação","Existe Resultado de Compra","01 Jan 1900","Não Subrogou Compra","2.300,0000"
26000,"MINISTERIO DA EDUCACAO",26421,"INST.FED.DE EDUC.,CIENC.E TEC. DE RONDONIA",158345,"INST.FED.DE RONDONIA/CAMPUS PORTO VELHO/RO","RO","PORTO VELHO","23243017782201715","Dispensa de Licitação","15834506000022018","Não se Aplica","INCISO II","SISPP","Objeto: Manutenção corretiva da impressora do CRA",31/12/1899,"Revogação","Existe Resultado de Compra","01 Jan 1900","Não Subrogou Compra","2.300,0000"
26000,"MINISTERIO DA EDUCACAO",26421,"INST.FED.DE EDUC.,CIENC.E TEC. DE RONDONIA",158345,"INST.FED.DE RONDONIA/CAMPUS PORTO VELHO/RO","RO","PORTO VELHO","23243017756201797","Dispensa de Licitação","15834506000032018","Não se Aplica","INCISO II","SISPP","Objeto: Manutenção corretiva da impressora do CRA",31/12/1899,"Encerrado","Existe Resultado de Compra","01 Jan 1900","Não Subrogou Compra","2.300,0000"
26000,"MINISTERIO DA EDUCACAO",26421,"INST.FED.DE EDUC.,CIENC.E TEC. DE RONDONIA",158345,"INST.FED.DE RONDONIA/CAMPUS PORTO VELHO/RO","RO","PORTO VELHO","23243017782201715","Dispensa de Licitação","15834506000042018","Não se Aplica","INCISO II","SISPP","Objeto: Manutenção corretiva da impressora da DE",31/12/1899,"Encerrado","Existe Resultado de Compra","01 Jan 1900","Não Subrogou Compra","500,0000"
26000,"MINISTERIO DA EDUCACAO",26421,"INST.FED.DE EDUC.,CIENC.E TEC. DE RONDONIA",158345,"INST.FED.DE RONDONIA/CAMPUS PORTO VELHO/RO","RO","PORTO VELHO","23243002820201816","Inexigibilidade de Licitação","15834507000012018","Não se Aplica","INCISO I","SISPP","Objeto: Assinatura anual para acesso aos serviços do sistema BANCO DE PREÇOS   ferramenta de pesquisas e  comparação de preços praticados pela administração pública.",31/12/1899,"Encerrado","Existe Resultado de Compra","01 Jan 1900","Não Subrogou Compra","7.990,0000"
26000,"MINISTERIO DA EDUCACAO",26421,"INST.FED.DE EDUC.,CIENC.E TEC. DE RONDONIA",158345,"INST.FED.DE RONDONIA/CAMPUS PORTO VELHO/RO","RO","PORTO VELHO","23243004250201807","Dispensa de Licitação","15834506000052018","Não se Aplica","INCISO II","SISPP","Objeto: Aquisição por Dispensa de Licitação de cabos.",31/12/1899,"Encerrado","Existe Resultado de Compra","01 Jan 1900","Não Subrogou Compra","1.397,3400"
26000,"MINISTERIO DA EDUCACAO",26421,"INST.FED.DE EDUC.,CIENC.E TEC. DE RONDONIA",158345,"INST.FED.DE RONDONIA/CAMPUS PORTO VELHO/RO","RO","PORTO VELHO","23243003665201855","Inexigibilidade de Licitação","15834507000022018","Não se Aplica","CAPUT","SISPP","Objeto: Contratação direta por Inexigibilidade de serviços de publicação de atos oficiais na Imprensa Nacional.",31/12/1899,"Publicado","Existe Resultado de Compra","01 Jan 1900","Não Subrogou Compra","20.000,0000"
26000,"MINISTERIO DA EDUCACAO",26421,"INST.FED.DE EDUC.,CIENC.E TEC. DE RONDONIA",158345,"INST.FED.DE RONDONIA/CAMPUS PORTO VELHO/RO","RO","PORTO VELHO","23243007152201813","Dispensa de Licitação","15834506000072018","Não se Aplica","INCISO II","SISPP","Objeto: Fecho lingueta ajustável com frontal redondo e prolongador acabamento cromado medida lingueta ajustável 46 a 61 mm miolo universal.",31/12/1899,"Encerrado","Existe Resultado de Compra","01 Jan 1900","Não Subrogou Compra","3.303,3000"
26000,"MINISTERIO DA EDUCACAO",26421,"INST.FED.DE EDUC.,CIENC.E TEC. DE RONDONIA",158345,"INST.FED.DE RONDONIA/CAMPUS PORTO VELHO/RO","RO","PORTO VELHO","23243010989201840","Dispensa de Licitação","15834506000082018","Não se Aplica","INCISO II","SISPP","Objeto: Aquisição de materiais de construção básicos.",31/12/1899,"Encerrado","Existe Resultado de Compra","01 Jan 1900","Não Subrogou Compra","2.408,7500"
26000,"MINISTERIO DA EDUCACAO",26421,"INST.FED.DE EDUC.,CIENC.E TEC. DE RONDONIA",158345,"INST.FED.DE RONDONIA/CAMPUS PORTO VELHO/RO","RO","PORTO VELHO","23243007926201814","Dispensa de Licitação","15834506000092018","Não se Aplica","INCISO II","SISPP","Objeto: Aquisição de central de alarme de incêndio, com instalação.",31/12/1899,"Encerrado","Existe Resultado de Compra","01 Jan 1900","Não Subrogou Compra","2.890,0000"
26000,"MINISTERIO DA EDUCACAO",26421,"INST.FED.DE EDUC.,CIENC.E TEC. DE RONDONIA",158345,"INST.FED.DE RONDONIA/CAMPUS PORTO VELHO/RO","RO","PORTO VELHO","23243007926201814","Dispensa de Licitação","15834506000102018","Não se Aplica","INCISO II","SISPP","Objeto: Aquisição de central de alarme de incêndio, com instalação.",31/12/1899,"Encerrado","Existe Resultado de Compra","01 Jan 1900","Não Subrogou Compra","2.890,0000"
26000,"MINISTERIO DA EDUCACAO",26421,"INST.FED.DE EDUC.,CIENC.E TEC. DE RONDONIA",158345,"INST.FED.DE RONDONIA/CAMPUS PORTO VELHO/RO","RO","PORTO VELHO","23243004688201887","Dispensa de Licitação","15834506000112018","Não se Aplica","INCISO II","SISPP","Objeto: Aquisição direta por Dispensa de Licitação de lona para conserto de tenda.",31/12/1899,"Encerrado","Existe Resultado de Compra","01 Jan 1900","Não Subrogou Compra","4.400,0000"
26000,"MINISTERIO DA EDUCACAO",26421,"INST.FED.DE EDUC.,CIENC.E TEC. DE RONDONIA",158345,"INST.FED.DE RONDONIA/CAMPUS PORTO VELHO/RO","RO","PORTO VELHO","23243007059201817","Dispensa de Licitação","15834506000122018","Não se Aplica","INCISO II","SISPP","Objeto: Contratação direta por Dispensa de Licitação do serviço de manutenção corretiva em impressoras.",31/12/1899,"Encerrado","Existe Resultado de Compra","01 Jan 1900","Não Subrogou Compra","560,0000"
26000,"MINISTERIO DA EDUCACAO",26421,"INST.FED.DE EDUC.,CIENC.E TEC. DE RONDONIA",158345,"INST.FED.DE RONDONIA/CAMPUS PORTO VELHO/RO","RO","PORTO VELHO","23243011904201841","Dispensa de Licitação","15834506000132018","Não se Aplica","INCISO II","SISPP","Objeto: Aquisição de material eletrônico (Lâmpadas, pilhas e reator eletrônico)",31/12/1899,"Encerrado","Existe Resultado de Compra","01 Jan 1900","Não Subrogou Compra","1.028,3000"
26000,"MINISTERIO DA EDUCACAO",26421,"INST.FED.DE EDUC.,CIENC.E TEC. DE RONDONIA",158345,"INST.FED.DE RONDONIA/CAMPUS PORTO VELHO/RO","RO","PORTO VELHO","23243013255201812","Dispensa de Licitação","15834506000142018","Não se Aplica","INCISO II","SISPP","Objeto: Banner, em lona de 300 g, sem emenda, acabamento com bastões em madeira e ponteiras plásticas nas extremidades, colorido, sendo artes diferentes para cada evento, de acordo com a solicitação do Campus.",31/12/1899,"Encerrado","Existe Resultado de Compra","01 Jan 1900","Não Subrogou Compra","2.660,0000"
26000,"MINISTERIO DA EDUCACAO",26421,"INST.FED.DE EDUC.,CIENC.E TEC. DE RONDONIA",158345,"INST.FED.DE RONDONIA/CAMPUS PORTO VELHO/RO","RO","PORTO VELHO","23243011091201899","Dispensa de Licitação","15834506000152018","Não se Aplica","INCISO II","SISPP","Objeto: Aquisição direta por Dispensa de Licitação de cabo adaptador.",31/12/1899,"Encerrado","Existe Resultado de Compra","01 Jan 1900","Não Subrogou Compra","1.261,0000"
26000,"MINISTERIO DA EDUCACAO",26421,"INST.FED.DE EDUC.,CIENC.E TEC. DE RONDONIA",158345,"INST.FED.DE RONDONIA/CAMPUS PORTO VELHO/RO","RO","PORTO VELHO","23243005246201858","Dispensa de Licitação","15834506000162018","Não se Aplica","INCISO II","SISPP","Objeto: Materiais para adequação do espaço do restaurante/lanchonete (ventilador de parede, grelha, calha, exaustor e outros).",31/12/1899,"Encerrado","Existe Resultado de Compra","01 Jan 1900","Não Subrogou Compra","2.583,3600"
26000,"MINISTERIO DA EDUCACAO",26421,"INST.FED.DE EDUC.,CIENC.E TEC. DE RONDONIA",158345,"INST.FED.DE RONDONIA/CAMPUS PORTO VELHO/RO","RO","PORTO VELHO","23243010989201840","Dispensa de Licitação","15834506000172018","Não se Aplica","INCISO II","SISPP","Objeto: Aquisição direta por Dispensa de Licitação de materiais de construção básicos.",31/12/1899,"Encerrado","Existe Resultado de Compra","01 Jan 1900","Não Subrogou Compra","5.320,6500"
26000,"MINISTERIO DA EDUCACAO",26421,"INST.FED.DE EDUC.,CIENC.E TEC. DE RONDONIA",158345,"INST.FED.DE RONDONIA/CAMPUS PORTO VELHO/RO","RO","PORTO VELHO","23243010268201830","Dispensa de Licitação","15834506000182018","Não se Aplica","INCISO II","SISPP","Objeto: Manutenção corretiva em Amplificador HAIONIK, tombamento 34692, com fornecimento de CI de áudio e mão-de-obra para o serviço.    Prazo para execução: 05 dias a contar do envio da Nota de Empenho ao e-mail do prestador, informado em sua proposta de preços",31/12/1899,"Encerrado","Existe Resultado de Compra","01 Jan 1900","Não Subrogou Compra","200,0000"
26000,"MINISTERIO DA EDUCACAO",26421,"INST.FED.DE EDUC.,CIENC.E TEC. DE RONDONIA",158345,"INST.FED.DE RONDONIA/CAMPUS PORTO VELHO/RO","RO","PORTO VELHO","2324301062201899","Dispensa de Licitação","15834506000222018","Não se Aplica","INCISO II","SISPP","Objeto: Manutenção em mesa de som",31/12/1899,"Encerrado","Existe Resultado de Compra","01 Jan 1900","Não Subrogou Compra","800,0000"
26000,"MINISTERIO DA EDUCACAO",26421,"INST.FED.DE EDUC.,CIENC.E TEC. DE RONDONIA",158345,"INST.FED.DE RONDONIA/CAMPUS PORTO VELHO/RO","RO","PORTO VELHO","23243012247201859","Dispensa de Licitação","15834506000192018","Não se Aplica","INCISO II","SISPP","Objeto: Aquisição de materiais de laboratório (Chromocult, membrana de filtração, saco estéril e outros).",31/12/1899,"Encerrado","Existe Resultado de Compra","01 Jan 1900","Não Subrogou Compra","390,0000"
26000,"MINISTERIO DA EDUCACAO",26421,"INST.FED.DE EDUC.,CIENC.E TEC. DE RONDONIA",158345,"INST.FED.DE RONDONIA/CAMPUS PORTO VELHO/RO","RO","PORTO VELHO","23243010989201840","Dispensa de Licitação","15834506000202018","Não se Aplica","INCISO II","SISPP","Objeto: Aquisição direta por Dispensa de Licitação de materiais para melhorias no sistema de segurança da guarita, ampliando o monitoramento.",31/12/1899,"Encerrado","Existe Resultado de Compra","01 Jan 1900","Não Subrogou Compra","4.188,7100"
26000,"MINISTERIO DA EDUCACAO",26421,"INST.FED.DE EDUC.,CIENC.E TEC. DE RONDONIA",158345,"INST.FED.DE RONDONIA/CAMPUS PORTO VELHO/RO","RO","PORTO VELHO","23243015078201817","Dispensa de Licitação","15834506000212018","Não se Aplica","INCISO II","SISPP","Objeto: Aquisição de grelha em aço inox, borracha autoadesiva (veda-porta), calha de embutir e torneira automática.",31/12/1899,"Encerrado","Existe Resultado de Compra","01 Jan 1900","Não Subrogou Compra","432,7000"
26000,"MINISTERIO DA EDUCACAO",26421,"INST.FED.DE EDUC.,CIENC.E TEC. DE RONDONIA",158345,"INST.FED.DE RONDONIA/CAMPUS PORTO VELHO/RO","RO","PORTO VELHO","23243013114201808","Dispensa de Licitação","15834506000232018","Não se Aplica","INCISO II","SISPP","Objeto: Serviço de Adequação de Salas no Campus Porto Velho Calama - Instituto Federal de Educação, Ciência e Tecnologia de Rondônia",31/12/1899,"Encerrado","Existe Resultado de Compra","01 Jan 1900","Não Subrogou Compra","6.733,9600"
26000,"MINISTERIO DA EDUCACAO",26421,"INST.FED.DE EDUC.,CIENC.E TEC. DE RONDONIA",158345,"INST.FED.DE RONDONIA/CAMPUS PORTO VELHO/RO","RO","PORTO VELHO","23243015298201898","Inexigibilidade de Licitação","15834507000062018","Não se Aplica","INCISO II","SISPP","Objeto: Curso de Capacitação - Curso de vistorias e Inspeções Prediais",31/12/1899,"Encerrado","Existe Resultado de Compra","01 Jan 1900","Não Subrogou Compra","790,0000"
26000,"MINISTERIO DA EDUCACAO",26421,"INST.FED.DE EDUC.,CIENC.E TEC. DE RONDONIA",158345,"INST.FED.DE RONDONIA/CAMPUS PORTO VELHO/RO","RO","PORTO VELHO","23243015273201839","Inexigibilidade de Licitação","15834507000072018","Não se Aplica","INCISO II","SISPP","Objeto: Capacitação - servidor FRÉDI RODRIGUES RAMOS DA SILVA",31/12/1899,"Encerrado","Existe Resultado de Compra","01 Jan 1900","Não Subrogou Compra","1.300,0000"
26000,"MINISTERIO DA EDUCACAO",26421,"INST.FED.DE EDUC.,CIENC.E TEC. DE RONDONIA",158345,"INST.FED.DE RONDONIA/CAMPUS PORTO VELHO/RO","RO","PORTO VELHO","23243017691201861","Inexigibilidade de Licitação","15834507000082018","Não se Aplica","INCISO II","SISPP","Objeto: Curso de Capacitação (Projeto e Dimensionamento de Estruturas em Concreto Armado - À distância, para atender ao servidor CELSO JOSÉ ROBERTO SOARES",31/12/1899,"Encerrado","Existe Resultado de Compra","01 Jan 1900","Não Subrogou Compra","950,0000"
26000,"MINISTERIO DA EDUCACAO",26421,"INST.FED.DE EDUC.,CIENC.E TEC. DE RONDONIA",158345,"INST.FED.DE RONDONIA/CAMPUS PORTO VELHO/RO","RO","PORTO VELHO","23243018158201816","Inexigibilidade de Licitação","15834507000092018","Não se Aplica","INCISO II","SISPP","Objeto: Capacitação - Servidor Leonardo Pereira Leocádio",31/12/1899,"Encerrado","Existe Resultado de Compra","01 Jan 1900","Não Subrogou Compra","1.620,0000"
26000,"MINISTERIO DA EDUCACAO",26421,"INST.FED.DE EDUC.,CIENC.E TEC. DE RONDONIA",158345,"INST.FED.DE RONDONIA/CAMPUS PORTO VELHO/RO","RO","PORTO VELHO","23243018553201807","Dispensa de Licitação","15834506000252018","Não se Aplica","INCISO II","SISPP","Objeto: Fita isolante, 19mmx20m, preta , marca SIBRATEC",31/12/1899,"Encerrado","Existe Resultado de Compra","01 Jan 1900","Não Subrogou Compra","438,0000"
26000,"MINISTERIO DA EDUCACAO",26421,"INST.FED.DE EDUC.,CIENC.E TEC. DE RONDONIA",158345,"INST.FED.DE RONDONIA/CAMPUS PORTO VELHO/RO","RO","PORTO VELHO","23243019706201825","Dispensa de Licitação","15834506000262018","Não se Aplica","INCISO II","SISPP","Objeto: Aquisição direta por Dispensa de Licitação de mini-rack.",31/12/1899,"Encerrado","Existe Resultado de Compra","01 Jan 1900","Não Subrogou Compra","269,9000"
26000,"MINISTERIO DA EDUCACAO",26421,"INST.FED.DE EDUC.,CIENC.E TEC. DE RONDONIA",158345,"INST.FED.DE RONDONIA/CAMPUS PORTO VELHO/RO","RO","PORTO VELHO","23243018412201886","Dispensa de Licitação","15834506000272018","Não se Aplica","INCISO II","SISPP","Objeto: Contratação direta por Dispensa de Licitação do serviço de manutenção corretiva em impressoras.",31/12/1899,"Encerrado","Existe Resultado de Compra","01 Jan 1900","Não Subrogou Compra","1.330,0000"
26000,"MINISTERIO DA EDUCACAO",26421,"INST.FED.DE EDUC.,CIENC.E TEC. DE RONDONIA",158345,"INST.FED.DE RONDONIA/CAMPUS PORTO VELHO/RO","RO","PORTO VELHO","23243004250201807","Dispensa de Licitação","15834506000282018","Não se Aplica","INCISO II","SISPP","Objeto: Aquisição por Dispensa de Licitação de cabos.",31/12/1899,"Encerrado","Existe Resultado de Compra","01 Jan 1900","Não Subrogou Compra","343,7500"
26000,"MINISTERIO DA EDUCACAO",26421,"INST.FED.DE EDUC.,CIENC.E TEC. DE RONDONIA",158345,"INST.FED.DE RONDONIA/CAMPUS PORTO VELHO/RO","RO","PORTO VELHO","23243017795201875","Dispensa de Licitação","15834506000292018","Não se Aplica","INCISO II","SISPP","Objeto: Fornecimento e instalação de rede de proteção antipombos, malha: 50x50mm nó a nó, Fibra: em poli propileno trançado, cor: cristal com proteção UV, com perfeito acabamento. Em caso de junção das peças, a rede deve ficar esticada junto às tesouras de sustentação com a maior discrição possível. O serviço deve ser executado no maximo 10 dias após o recebimento do empenho.",31/12/1899,"Encerrado","Existe Resultado de Compra","01 Jan 1900","Não Subrogou Compra","7.139,2000"
26000,"MINISTERIO DA EDUCACAO",26421,"INST.FED.DE EDUC.,CIENC.E TEC. DE RONDONIA",158345,"INST.FED.DE RONDONIA/CAMPUS PORTO VELHO/RO","RO","PORTO VELHO","23243017915201834","Dispensa de Licitação","15834506000302018","Não se Aplica","INCISO II","SISPP","Objeto: Aquisição de extintor de incêndio e placas de rota de fuga.",31/12/1899,"Encerrado","Existe Resultado de Compra","01 Jan 1900","Não Subrogou Compra","2.230,8000"
26000,"MINISTERIO DA EDUCACAO",26421,"INST.FED.DE EDUC.,CIENC.E TEC. DE RONDONIA",158345,"INST.FED.DE RONDONIA/CAMPUS PORTO VELHO/RO","RO","PORTO VELHO","23243018716201843","Inexigibilidade de Licitação","15834507000102018","Não se Aplica","INCISO II","SISPP","Objeto: Curso de Capacitação (Tecnologia dos Aditivos e Adições para Concreto de Cimento Portland ), conforme Anexo Inscrição Tecnologia dos aditivos concreto (0341946), para atender a servidora VALERIA COSTA DE OLIVEIRA.",31/12/1899,"Encerrado","Existe Resultado de Compra","01 Jan 1900","Não Subrogou Compra","1.250,0000"
26000,"MINISTERIO DA EDUCACAO",26421,"INST.FED.DE EDUC.,CIENC.E TEC. DE RONDONIA",158345,"INST.FED.DE RONDONIA/CAMPUS PORTO VELHO/RO","RO","PORTO VELHO","23243016769201820","Dispensa de Licitação","15834506000322018","Não se Aplica","INCISO II","SISPP","Objeto: Aquisição/contratação direta por Dispensa de Licitação de materiais/serviços relacionados à reposição de chaves e fechaduras, entre outros de mesma natureza.",31/12/1899,"Encerrado","Existe Resultado de Compra","01 Jan 1900","Não Subrogou Compra","9.485,0000"
26000,"MINISTERIO DA EDUCACAO",26421,"INST.FED.DE EDUC.,CIENC.E TEC. DE RONDONIA",158345,"INST.FED.DE RONDONIA/CAMPUS PORTO VELHO/RO","RO","PORTO VELHO","23243020582201821","Inexigibilidade de Licitação","15834507000112018","Não se Aplica","INCISO II","SISPP","Objeto: Curso de Capacitação (EAD   Curso de Gestão e Fiscalização de Contratos Administrativos ) - para atender o servidor JAIME GOMES DE OLIVEIRA FILHO.",31/12/1899,"Encerrado","Existe Resultado de Compra","01 Jan 1900","Não Subrogou Compra","980,0000"
26000,"MINISTERIO DA EDUCACAO",26421,"INST.FED.DE EDUC.,CIENC.E TEC. DE RONDONIA",158345,"INST.FED.DE RONDONIA/CAMPUS PORTO VELHO/RO","RO","PORTO VELHO","23243021743201801","Inexigibilidade de Licitação","15834507000122018","Não se Aplica","INCISO I","SISPP","Objeto: Contratação direta por Inexigibilidade de Licitação da assinatura anual do sistema Urânia, para a Diretoria de Ensino (renovação).",31/12/1899,"Encerrado","Existe Resultado de Compra","01 Jan 1900","Não Subrogou Compra","1.535,0000"
26000,"MINISTERIO DA EDUCACAO",26421,"INST.FED.DE EDUC.,CIENC.E TEC. DE RONDONIA",158345,"INST.FED.DE RONDONIA/CAMPUS PORTO VELHO/RO","RO","PORTO VELHO","23243021750201803","Inexigibilidade de Licitação","15834507000132018","Não se Aplica","INCISO II","SISPP","Objeto: Contratação do Curso de Capacitação (Cuidando do Cuidador)",31/12/1899,"Encerrado","Existe Resultado de Compra","01 Jan 1900","Não Subrogou Compra","3.900,0000"
26000,"MINISTERIO DA EDUCACAO",26421,"INST.FED.DE EDUC.,CIENC.E TEC. DE RONDONIA",158345,"INST.FED.DE RONDONIA/CAMPUS PORTO VELHO/RO","RO","PORTO VELHO","23243022000201841","Dispensa de Licitação","15834506000332018","Não se Aplica","INCISO II","SISPP","Objeto: Configuração de central telefonica  Leucotron IP, categorias de ramais e  grupos de atendimentos",31/12/1899,"Encerrado","Existe Resultado de Compra","01 Jan 1900","Não Subrogou Compra","980,0000"
26000,"MINISTERIO DA EDUCACAO",26421,"INST.FED.DE EDUC.,CIENC.E TEC. DE RONDONIA",158345,"INST.FED.DE RONDONIA/CAMPUS PORTO VELHO/RO","RO","PORTO VELHO","23243015078201817","Dispensa de Licitação","15834506000342018","Não se Aplica","INCISO II","SISPP","Objeto: Aquisição direta por Dispensa de Licitação de materiais para adequação da cozinha/restaurante.",31/12/1899,"Encerrado","Existe Resultado de Compra","01 Jan 1900","Não Subrogou Compra","2.860,8400"
26000,"MINISTERIO DA EDUCACAO",26421,"INST.FED.DE EDUC.,CIENC.E TEC. DE RONDONIA",158345,"INST.FED.DE RONDONIA/CAMPUS PORTO VELHO/RO","RO","PORTO VELHO","23243020615201832","Dispensa de Licitação","15834506000352018","Não se Aplica","INCISO II","SISPP","Objeto: Mistura líquida de Reagentes Inorgânicos Diversos",31/12/1899,"Encerrado","Existe Resultado de Compra","01 Jan 1900","Não Subrogou Compra","3.320,0000"
26000,"MINISTERIO DA EDUCACAO",26421,"INST.FED.DE EDUC.,CIENC.E TEC. DE RONDONIA",158345,"INST.FED.DE RONDONIA/CAMPUS PORTO VELHO/RO","RO","PORTO VELHO","2324301078201817","Dispensa de Licitação","15834506000362018","Não se Aplica","INCISO II","SISPP","Objeto: Aquisição de calha e torneira automática",31/12/1899,"Encerrado","Existe Resultado de Compra","01 Jan 1900","Não Subrogou Compra","2.960,8400"
26000,"MINISTERIO DA EDUCACAO",26421,"INST.FED.DE EDUC.,CIENC.E TEC. DE RONDONIA",158345,"INST.FED.DE RONDONIA/CAMPUS PORTO VELHO/RO","RO","PORTO VELHO","23243012247201859","Dispensa de Licitação","15834506000372018","Não se Aplica","INCISO II","SISPP","Objeto: Enxofre em pó (para capeamento de corpos de prova de concreto)",31/12/1899,"Encerrado","Existe Resultado de Compra","01 Jan 1900","Não Subrogou Compra","244,0000"
26000,"MINISTERIO DA EDUCACAO",26421,"INST.FED.DE EDUC.,CIENC.E TEC. DE RONDONIA",158345,"INST.FED.DE RONDONIA/CAMPUS PORTO VELHO/RO","RO","PORTO VELHO","23243020397201836","Dispensa de Licitação","15834506000382018","Não se Aplica","INCISO II","SISPP","Objeto: Contratação direta por Dispensa de Licitação do serviço de manutenção em projetor.",31/12/1899,"Encerrado","Existe Resultado de Compra","01 Jan 1900","Não Subrogou Compra","480,0000"
26000,"MINISTERIO DA EDUCACAO",26421,"INST.FED.DE EDUC.,CIENC.E TEC. DE RONDONIA",158345,"INST.FED.DE RONDONIA/CAMPUS PORTO VELHO/RO","RO","PORTO VELHO","23243024114201825","Dispensa de Licitação","15834506000392018","Não se Aplica","INCISO II","SISPP","Objeto: Contratação direta por Dispensa de Licitação do serviço de manutenção corretiva em impressoras",31/12/1899,"Encerrado","Existe Resultado de Compra","01 Jan 1900","Não Subrogou Compra","660,0000"
26000,"MINISTERIO DA EDUCACAO",26421,"INST.FED.DE EDUC.,CIENC.E TEC. DE RONDONIA",158345,"INST.FED.DE RONDONIA/CAMPUS PORTO VELHO/RO","RO","PORTO VELHO","23243024691201817","Dispensa de Licitação","15834506000402018","Não se Aplica","INCISO II","SISPP","Objeto: Aquisição de manta asfáltica.",31/12/1899,"Encerrado","Existe Resultado de Compra","01 Jan 1900","Não Subrogou Compra","424,2600"
26000,"MINISTERIO DA EDUCACAO",26421,"INST.FED.DE EDUC.,CIENC.E TEC. DE RONDONIA",158345,"INST.FED.DE RONDONIA/CAMPUS PORTO VELHO/RO","RO","PORTO VELHO","23243017795201875","Dispensa de Licitação","15834506000412018","Não se Aplica","INCISO II","SISPP","Objeto: Fornecimento e instalação de rede de proteção antipombos, malha: 50x50mm nó a nó, Fibra: em poli propileno trançado, cor: cristal com proteção UV, com perfeito acabamento. Em caso de junção das peças, a rede deve ficar esticada junto às tesouras de sustentação com a maior discrição possível. O serviço deve ser executado no maximo 10 dias após o recebimento do empenho.",31/12/1899,"Encerrado","Existe Resultado de Compra","01 Jan 1900","Não Subrogou Compra","7.500,0000"
26000,"MINISTERIO DA EDUCACAO",26421,"INST.FED.DE EDUC.,CIENC.E TEC. DE RONDONIA",158376,"INST.FED.DE RONDONIA/CAMPUS JI-PARANA/RO","RO","JI-PARANA","23243002102201769","Pregão","15837605000032017","Não se Aplica","NAO SE APLICA","SISRP","Objeto: Pregão Eletrônico -  Aquisição Conjunta de Instrumentos Musicais, Áudio, Vídeo e Foto para o Instituto Federal de Rondônia, Campi e Reitoria.",19/6/2017,"Publicado","Existe Resultado de Compra","30 Ago 2017","Não Subrogou Compra","846.516,5900"
26000,"MINISTERIO DA EDUCACAO",26421,"INST.FED.DE EDUC.,CIENC.E TEC. DE RONDONIA",158376,"INST.FED.DE RONDONIA/CAMPUS JI-PARANA/RO","RO","JI-PARANA","232430157082017","Pregão","15837605000052017","Não se Aplica","NAO SE APLICA","SISRP","Objeto: Pregão Eletrônico -  Aquisição Conjunta de Reagentes de Laboratórios",13/12/2017,"Publicado","Existe Resultado de Compra","18 Jan 2018","Não Subrogou Compra","150.407,6268"
26000,"MINISTERIO DA EDUCACAO",26421,"INST.FED.DE EDUC.,CIENC.E TEC. DE RONDONIA",158376,"INST.FED.DE RONDONIA/CAMPUS JI-PARANA/RO","RO","JI-PARANA","23243.017240/2017","Pregão","15837605000012018","Não se Aplica","NAO SE APLICA","SISRP","Objeto: Pregão Eletrônico -  Material Bibliográfico (livros, mapas, materiais audiovisuais, publicações oficiais, normas técnicas, testes psicológicos e outros suportes), nacionais, estrangeiros ou importados",19/3/2018,"Evento de Suspensão Publicado","Existe Resultado de Compra","26 Mar 2018","Não Subrogou Compra","786.055,1300"
26000,"MINISTERIO DA EDUCACAO",26421,"INST.FED.DE EDUC.,CIENC.E TEC. DE RONDONIA",158376,"INST.FED.DE RONDONIA/CAMPUS JI-PARANA/RO","RO","JI-PARANA","23243004918201816","Pregão","15837605000022018","Não se Aplica","NAO SE APLICA","SISRP","Objeto: Pregão Eletrônico -  Aquisição Materiais para Laboratórios (Vidrarias, Descartáveis, Acessórios e Afins)",19/4/2018,"Publicado","Existe Resultado de Compra","17 Mai 2018","Não Subrogou Compra","722.097,4100"
26000,"MINISTERIO DA EDUCACAO",26421,"INST.FED.DE EDUC.,CIENC.E TEC. DE RONDONIA",158376,"INST.FED.DE RONDONIA/CAMPUS JI-PARANA/RO","RO","JI-PARANA","23243005019201822","Pregão","15837605000042018","Não se Aplica","NAO SE APLICA","SISRP","Objeto: Pregão Eletrônico -  Aquisição Materiais TI (Consumo e Permanente)",26/7/2018,"Evento de Resultado de Julgamento Publicado","Existe Resultado de Compra","21 Ago 2018","Não Subrogou Compra","2.005.320,2485"
26000,"MINISTERIO DA EDUCACAO",26421,"INST.FED.DE EDUC.,CIENC.E TEC. DE RONDONIA",158376,"INST.FED.DE RONDONIA/CAMPUS JI-PARANA/RO","RO","JI-PARANA","23243014829201870","Pregão","15837605000052018","Não se Aplica","NAO SE APLICA","SISRP","Objeto: Pregão Eletrônico -  Aquisição Material Bibliográfico",9/10/2018,"Evento de Resultado de Julgamento Publicado","Existe Resultado de Compra","11 Out 2018","Não Subrogou Compra","1.158.844,0000"
26000,"MINISTERIO DA EDUCACAO",26421,"INST.FED.DE EDUC.,CIENC.E TEC. DE RONDONIA",158376,"INST.FED.DE RONDONIA/CAMPUS JI-PARANA/RO","RO","JI-PARANA","23243001981201892","Dispensa de Licitação","15837606000012018","Não se Aplica","INCISO II","SISPP","Objeto: Aquisição de recarga de gás liquefeito para demanda do Campus.",31/12/1899,"Encerrado","Existe Resultado de Compra","01 Jan 1900","Não Subrogou Compra","312,0000"
26000,"MINISTERIO DA EDUCACAO",26421,"INST.FED.DE EDUC.,CIENC.E TEC. DE RONDONIA",158376,"INST.FED.DE RONDONIA/CAMPUS JI-PARANA/RO","RO","JI-PARANA","23243007418201828","Dispensa de Licitação","15837606000022018","Não se Aplica","INCISO II","SISPP","Objeto: Contração da sonorização para evento no Campus.",31/12/1899,"Encerrado","Existe Resultado de Compra","01 Jan 1900","Não Subrogou Compra","699,0000"
26000,"MINISTERIO DA EDUCACAO",26421,"INST.FED.DE EDUC.,CIENC.E TEC. DE RONDONIA",158376,"INST.FED.DE RONDONIA/CAMPUS JI-PARANA/RO","RO","JI-PARANA","23243008240201832","Dispensa de Licitação","15837606000032018","Não se Aplica","INCISO II","SISPP","Objeto: Aquisição de vidros para aplicação em salas de aulas.",31/12/1899,"Encerrado","Existe Resultado de Compra","01 Jan 1900","Não Subrogou Compra","7.900,0000"
26000,"MINISTERIO DA EDUCACAO",26421,"INST.FED.DE EDUC.,CIENC.E TEC. DE RONDONIA",158376,"INST.FED.DE RONDONIA/CAMPUS JI-PARANA/RO","RO","JI-PARANA","23243008545201844","Dispensa de Licitação","15837606000042018","Não se Aplica","INCISO II","SISPP","Objeto: Aquisição de gás de cozinha para atendimento da demanda da copa do Campus.",31/12/1899,"Encerrado","Existe Resultado de Compra","01 Jan 1900","Não Subrogou Compra","312,0000"
26000,"MINISTERIO DA EDUCACAO",26421,"INST.FED.DE EDUC.,CIENC.E TEC. DE RONDONIA",158376,"INST.FED.DE RONDONIA/CAMPUS JI-PARANA/RO","RO","JI-PARANA","23243008368201804","Dispensa de Licitação","15837606000052018","Não se Aplica","INCISO II","SISPP","Objeto: Contratação de serviço de limpeza de fossas sépticas com caminhão auto fossa de capacidade mínima 15000 litros.",31/12/1899,"Encerrado","Existe Resultado de Compra","01 Jan 1900","Não Subrogou Compra","2.685,0000"
26000,"MINISTERIO DA EDUCACAO",26421,"INST.FED.DE EDUC.,CIENC.E TEC. DE RONDONIA",158376,"INST.FED.DE RONDONIA/CAMPUS JI-PARANA/RO","RO","JI-PARANA","23243006041201890","Dispensa de Licitação","15837606000062018","Não se Aplica","INCISO II","SISPP","Objeto: Contratação de empresa especializada em troca/instalação e configuração de antena de recepção via satélite.  OBS: O equipamento antigo vai ser retirado e instalado uma nova antena no lugar",31/12/1899,"Encerrado","Existe Resultado de Compra","01 Jan 1900","Não Subrogou Compra","1.650,0000"
26000,"MINISTERIO DA EDUCACAO",26421,"INST.FED.DE EDUC.,CIENC.E TEC. DE RONDONIA",158376,"INST.FED.DE RONDONIA/CAMPUS JI-PARANA/RO","RO","JI-PARANA","23243010793201855","Dispensa de Licitação","15837606000072018","Não se Aplica","INCISO II","SISPP","Objeto: Aquisição de aparelhos telefônicos para o Campus.",31/12/1899,"Encerrado","Existe Resultado de Compra","01 Jan 1900","Não Subrogou Compra","499,0000"
26000,"MINISTERIO DA EDUCACAO",26421,"INST.FED.DE EDUC.,CIENC.E TEC. DE RONDONIA",158376,"INST.FED.DE RONDONIA/CAMPUS JI-PARANA/RO","RO","JI-PARANA","23243012370201870","Dispensa de Licitação","15837606000082018","Não se Aplica","INCISO II","SISPP","Objeto: Papel Braille em Formulário Contínuo especialmente fabricado para impressoras Braille.",31/12/1899,"Encerrado","Existe Resultado de Compra","01 Jan 1900","Não Subrogou Compra","450,0000"
26000,"MINISTERIO DA EDUCACAO",26421,"INST.FED.DE EDUC.,CIENC.E TEC. DE RONDONIA",158376,"INST.FED.DE RONDONIA/CAMPUS JI-PARANA/RO","RO","JI-PARANA","23243012118201861","Dispensa de Licitação","15837606000092018","Não se Aplica","INCISO II","SISPP","Objeto: Contratação de Serviços gráficos especializados em cópias, encadernações, restaurações de lombada de livros didáticos e restaurações de encadernações.",31/12/1899,"Encerrado","Existe Resultado de Compra","01 Jan 1900","Não Subrogou Compra","808,5000"
26000,"MINISTERIO DA EDUCACAO",26421,"INST.FED.DE EDUC.,CIENC.E TEC. DE RONDONIA",158376,"INST.FED.DE RONDONIA/CAMPUS JI-PARANA/RO","RO","JI-PARANA","23243012356201876","Dispensa de Licitação","15837606000102018","Não se Aplica","INCISO II","SISPP","Objeto: Aquisição de materiais para o centro de convivência do Campus.",31/12/1899,"Encerrado","Existe Resultado de Compra","01 Jan 1900","Não Subrogou Compra","3.943,6500"
26000,"MINISTERIO DA EDUCACAO",26421,"INST.FED.DE EDUC.,CIENC.E TEC. DE RONDONIA",158376,"INST.FED.DE RONDONIA/CAMPUS JI-PARANA/RO","RO","JI-PARANA","23243008951201815","Dispensa de Licitação","15837606000112018","Não se Aplica","INCISO II","SISPP","Objeto: Aquisição de medicamentos para enfermaria do Campus.",31/12/1899,"Encerrado","Existe Resultado de Compra","01 Jan 1900","Não Subrogou Compra","2.233,3000"
26000,"MINISTERIO DA EDUCACAO",26421,"INST.FED.DE EDUC.,CIENC.E TEC. DE RONDONIA",158376,"INST.FED.DE RONDONIA/CAMPUS JI-PARANA/RO","RO","JI-PARANA","23243007490201855","Dispensa de Licitação","15837606000122018","Não se Aplica","INCISO II","SISPP","Objeto: Aquisição de Fontes PoE",31/12/1899,"Encerrado","Existe Resultado de Compra","01 Jan 1900","Não Subrogou Compra","8.000,0000"
26000,"MINISTERIO DA EDUCACAO",26421,"INST.FED.DE EDUC.,CIENC.E TEC. DE RONDONIA",158376,"INST.FED.DE RONDONIA/CAMPUS JI-PARANA/RO","RO","JI-PARANA","23243019280201729","Dispensa de Licitação","15837606000142018","Não se Aplica","INCISO II","SISPP","Objeto: Aquisição de mangueira de teflon para equipamento de laboratório.",31/12/1899,"Encerrado","Existe Resultado de Compra","01 Jan 1900","Não Subrogou Compra","993,6000"
26000,"MINISTERIO DA EDUCACAO",26421,"INST.FED.DE EDUC.,CIENC.E TEC. DE RONDONIA",158376,"INST.FED.DE RONDONIA/CAMPUS JI-PARANA/RO","RO","JI-PARANA","23243015719201825","Dispensa de Licitação","15837606000152018","Não se Aplica","INCISO II","SISPP","Objeto: Aquisição de Lâmpadas para o Campus.",31/12/1899,"Encerrado","Existe Resultado de Compra","01 Jan 1900","Não Subrogou Compra","14.720,0000"
26000,"MINISTERIO DA EDUCACAO",26421,"INST.FED.DE EDUC.,CIENC.E TEC. DE RONDONIA",158376,"INST.FED.DE RONDONIA/CAMPUS JI-PARANA/RO","RO","JI-PARANA","23243012362201823","Dispensa de Licitação","15837606000162018","Não se Aplica","INCISO II","SISPP","Objeto: Aquisição de alimentos para evento no Campus - Dia do Estudante",31/12/1899,"Encerrado","Existe Resultado de Compra","01 Jan 1900","Não Subrogou Compra","2.244,5400"
26000,"MINISTERIO DA EDUCACAO",26421,"INST.FED.DE EDUC.,CIENC.E TEC. DE RONDONIA",158376,"INST.FED.DE RONDONIA/CAMPUS JI-PARANA/RO","RO","JI-PARANA","23243016106201813","Dispensa de Licitação","15837606000172018","Não se Aplica","INCISO II","SISPP","Objeto: Aquisição de licença para software Urânia.",31/12/1899,"Encerrado","Existe Resultado de Compra","01 Jan 1900","Não Subrogou Compra","1.842,6000"
26000,"MINISTERIO DA EDUCACAO",26421,"INST.FED.DE EDUC.,CIENC.E TEC. DE RONDONIA",158376,"INST.FED.DE RONDONIA/CAMPUS JI-PARANA/RO","RO","JI-PARANA","23243017992201894","Dispensa de Licitação","15837606000182018","Não se Aplica","INCISO II","SISPP","Objeto: Aquisição Gás liquefeito de Petróleo  GLP envasado de acordo com normas da ABNT para atender a demanda do IFRO",31/12/1899,"Encerrado","Existe Resultado de Compra","01 Jan 1900","Não Subrogou Compra","316,0000"
26000,"MINISTERIO DA EDUCACAO",26421,"INST.FED.DE EDUC.,CIENC.E TEC. DE RONDONIA",158376,"INST.FED.DE RONDONIA/CAMPUS JI-PARANA/RO","RO","JI-PARANA","23243019664201822","Dispensa de Licitação","15837606000192018","Não se Aplica","INCISO II","SISPP","Objeto: Locação de Tenda padronizada tamanho 10x10 mts, pé direito DE 2,80 A 5,00 mts, com cobertura e Fechamentos, em estilo pirâmide, com calha para escorrimento de água, em lona auto-extinguível/anti-chama, com piso 0,20 cm com carpete novo. Deverão ainda estar em bom estado de conservação, não sendo aceitos materiais rasgados, manchados ou sujos. INCLUIR: Transporte, Carga Descarga, Montagem, Mão de Obra, no sistema de locação.",31/12/1899,"Encerrado","Existe Resultado de Compra","01 Jan 1900","Não Subrogou Compra","5.975,0000"
26000,"MINISTERIO DA EDUCACAO",26421,"INST.FED.DE EDUC.,CIENC.E TEC. DE RONDONIA",158376,"INST.FED.DE RONDONIA/CAMPUS JI-PARANA/RO","RO","JI-PARANA","23243018460201874","Inexigibilidade de Licitação","15837607000022018","Não se Aplica","INCISO I","SISPP","Objeto: Assinatura para acesso aos serviços do sistema BANCO DE PREÇOS",31/12/1899,"Encerrado","Existe Resultado de Compra","01 Jan 1900","Não Subrogou Compra","7.990,0000"
26000,"MINISTERIO DA EDUCACAO",26421,"INST.FED.DE EDUC.,CIENC.E TEC. DE RONDONIA",158376,"INST.FED.DE RONDONIA/CAMPUS JI-PARANA/RO","RO","JI-PARANA","23243017513201830","Inexigibilidade de Licitação","15837607000032018","Não se Aplica","INCISO II","SISPP","Objeto: Execução do Plano Anual de Capacitação: Contratação do curso Linux Security Servers in Cloud .",31/12/1899,"Encerrado","Existe Resultado de Compra","01 Jan 1900","Não Subrogou Compra","840,0000"
26000,"MINISTERIO DA EDUCACAO",26421,"INST.FED.DE EDUC.,CIENC.E TEC. DE RONDONIA",158376,"INST.FED.DE RONDONIA/CAMPUS JI-PARANA/RO","RO","JI-PARANA","23243018359201813","Inexigibilidade de Licitação","15837607000042018","Não se Aplica","INCISO II","SISPP","Objeto: Pagamento de Inscrição de Servidor em Curso-Secagem e tratamento de madeira na Fazenda/EAD",31/12/1899,"Retificação","Existe Resultado de Compra","01 Jan 1900","Não Subrogou Compra","358,0000"
26000,"MINISTERIO DA EDUCACAO",26421,"INST.FED.DE EDUC.,CIENC.E TEC. DE RONDONIA",158376,"INST.FED.DE RONDONIA/CAMPUS JI-PARANA/RO","RO","JI-PARANA","23243018474201898","Inexigibilidade de Licitação","15837607000052018","Não se Aplica","INCISO II","SISPP","Objeto: Execução do Plano Anual de Capacitação: Aquisição 3 licenças para pacote de cursos Alura.",31/12/1899,"Encerrado","Existe Resultado de Compra","01 Jan 1900","Não Subrogou Compra","1.890,0000"
26000,"MINISTERIO DA EDUCACAO",26421,"INST.FED.DE EDUC.,CIENC.E TEC. DE RONDONIA",158376,"INST.FED.DE RONDONIA/CAMPUS JI-PARANA/RO","RO","JI-PARANA","23243017281201810","Inexigibilidade de Licitação","15837607000062018","Não se Aplica","INCISO II","SISPP","Objeto: Solicitação de Renovação de Assinatura de Cursos On-Line para Docentes do Técnico em Informática, para atender a demanda do IFRO-Campus Ji-Paraná.",31/12/1899,"Encerrado","Existe Resultado de Compra","01 Jan 1900","Não Subrogou Compra","6.300,0000"
26000,"MINISTERIO DA EDUCACAO",26421,"INST.FED.DE EDUC.,CIENC.E TEC. DE RONDONIA",158376,"INST.FED.DE RONDONIA/CAMPUS JI-PARANA/RO","RO","JI-PARANA","23243013720201815","Dispensa de Licitação","15837606000202018","Não se Aplica","INCISO II","SISPP","Objeto: CAIXA ATIVA 300W RMS DONER, MODELO CLARITY 300A  Contratação de serviços de reparo/manutenção corretiva no Pré amplificador para eliminar ruídos com trocas de componentes eletrônicos em placa de sinal.",31/12/1899,"Encerrado","Existe Resultado de Compra","01 Jan 1900","Não Subrogou Compra","380,0000"
26000,"MINISTERIO DA EDUCACAO",26421,"INST.FED.DE EDUC.,CIENC.E TEC. DE RONDONIA",158376,"INST.FED.DE RONDONIA/CAMPUS JI-PARANA/RO","RO","JI-PARANA","23243021672201839","Dispensa de Licitação","15837606000212018","Não se Aplica","INCISO II","SISPP","Objeto: Locação de Equipamentos (Climatizador de ar Evaporativo) para Eventos DIA DO SERVIDOR PUBLICO que será realizado no Campus. Dia 29 de Outubro.",31/12/1899,"Encerrado","Existe Resultado de Compra","01 Jan 1900","Não Subrogou Compra","1.000,0000"
26000,"MINISTERIO DA EDUCACAO",26421,"INST.FED.DE EDUC.,CIENC.E TEC. DE RONDONIA",158376,"INST.FED.DE RONDONIA/CAMPUS JI-PARANA/RO","RO","JI-PARANA","23243022215201861","Dispensa de Licitação","15837606000222018","Não se Aplica","INCISO II","SISPP","Objeto: Locação de Equipamentos (Climatizador de ar Evaporativo) com Vazão 30M³ de ar por hora, para realização da cerimônia de certificação dos cursos técnicos integrados ao ensino médio no dia 20 de dezembro de 2018.",31/12/1899,"Encerrado","Existe Resultado de Compra","01 Jan 1900","Não Subrogou Compra","1.944,0000"
26000,"MINISTERIO DA EDUCACAO",26421,"INST.FED.DE EDUC.,CIENC.E TEC. DE RONDONIA",158376,"INST.FED.DE RONDONIA/CAMPUS JI-PARANA/RO","RO","JI-PARANA","23243022581201811","Dispensa de Licitação","15837606000232018","Não se Aplica","INCISO II","SISPP","Objeto: Aquisição de materiais para curso de Alimentos",31/12/1899,"Encerrado","Existe Resultado de Compra","01 Jan 1900","Não Subrogou Compra","47,1400"
26000,"MINISTERIO DA EDUCACAO",26421,"INST.FED.DE EDUC.,CIENC.E TEC. DE RONDONIA",158376,"INST.FED.DE RONDONIA/CAMPUS JI-PARANA/RO","RO","JI-PARANA","23243023062201870","Dispensa de Licitação","15837606000242018","Não se Aplica","INCISO II","SISPP","Objeto: Contratação do serviço de montagem de palco para a viabilização do evento, conforme a especificação a seguir:    - Palco em estrutura de aço ou alumínio, com compensado naval mínimo 18 mm, altura mínima 1 mt, medindo no mínimo 10 x 6 mts, acarpetado na cor preta, com 02 escadas uma em cada lado do palco, com corrimão e degraus anti derrapante.    Para realização da cerimônia de certificação dos cursos técnicos integrados ao ensino médio no dia 20 de dezembro de 2018.",31/12/1899,"Encerrado","Existe Resultado de Compra","01 Jan 1900","Não Subrogou Compra","2.200,0000"
26000,"MINISTERIO DA EDUCACAO",26421,"INST.FED.DE EDUC.,CIENC.E TEC. DE RONDONIA",158376,"INST.FED.DE RONDONIA/CAMPUS JI-PARANA/RO","RO","JI-PARANA","23243023056201812","Dispensa de Licitação","15837606000252018","Não se Aplica","INCISO II","SISPP","Objeto: Aquisição de alimentos para o Curso Técnico em Alimentos",31/12/1899,"Encerrado","Existe Resultado de Compra","01 Jan 1900","Não Subrogou Compra","175,0500"
26000,"MINISTERIO DA EDUCACAO",26421,"INST.FED.DE EDUC.,CIENC.E TEC. DE RONDONIA",158376,"INST.FED.DE RONDONIA/CAMPUS JI-PARANA/RO","RO","JI-PARANA","23243022660201821","Dispensa de Licitação","15837606000262018","Não se Aplica","INCISO II","SISPP","Objeto: Gás liquefeito de Petróleo  GLP envasado de acordo com normas da ABNT e outras atuais e pertinentes para o segmento em botijões contendo no mínimo 13 Kg de gás de capacidade",31/12/1899,"Encerrado","Existe Resultado de Compra","01 Jan 1900","Não Subrogou Compra","320,0000"
26000,"MINISTERIO DA EDUCACAO",26421,"INST.FED.DE EDUC.,CIENC.E TEC. DE RONDONIA",158376,"INST.FED.DE RONDONIA/CAMPUS JI-PARANA/RO","RO","JI-PARANA","23243023562201810","Dispensa de Licitação","15837606000272018","Não se Aplica","INCISO II","SISPP","Objeto: Aquisição de Pen Drive",31/12/1899,"Encerrado","Existe Resultado de Compra","01 Jan 1900","Não Subrogou Compra","1.560,0000"
26000,"MINISTERIO DA EDUCACAO",26421,"INST.FED.DE EDUC.,CIENC.E TEC. DE RONDONIA",158376,"INST.FED.DE RONDONIA/CAMPUS JI-PARANA/RO","RO","JI-PARANA","024883/2018-23","Dispensa de Licitação","15837606000282018","Não se Aplica","INCISO II","SISPP","Objeto: Locação de cadeiras plásticas para colação de grau, 2018/2.",31/12/1899,"Encerrado","Existe Resultado de Compra","01 Jan 1900","Não Subrogou Compra","550,0000"
26000,"MINISTERIO DA EDUCACAO",26421,"INST.FED.DE EDUC.,CIENC.E TEC. DE RONDONIA",158532,"CAMPUS ZONA NORTE IFECT RO","RO","PORTO VELHO","23243009285201824","Pregão","15853205000042018","Não se Aplica","NAO SE APLICA","SISPP","Objeto: Pregão Eletrônico -  CONCESSÃO DE USO DE ESPAÇO FÍSICO PARA EXPLORAÇÃO DE SERVIÇOS DE LANCHONETE E RESTAURANTE, por empresa especializada no ramo, nas dependências do Campus Porto Velho Zona Norte do Instituto Federal de Rondônia   IFRO.",25/7/2018,"Publicado","Existe Resultado de Compra","03 Ago 2018","Não Subrogou Compra","373,6700"
26000,"MINISTERIO DA EDUCACAO",26421,"INST.FED.DE EDUC.,CIENC.E TEC. DE RONDONIA",158532,"CAMPUS ZONA NORTE IFECT RO","RO","PORTO VELHO","23243.003261/2018","Pregão","15853205000012018","Não se Aplica","NAO SE APLICA","SISRP","Objeto: Pregão Eletrônico -  Contratação de empresa especializada na prestação de serviços de manutenção preventiva e corretiva dos condicionadores de ar, instalação de ar condicionado e elaboração do pmoc",3/5/2018,"Evento de Resultado de Julgamento Publicado","Existe Resultado de Compra","07 Jun 2018","Não Subrogou Compra","775.545,6300"
26000,"MINISTERIO DA EDUCACAO",26421,"INST.FED.DE EDUC.,CIENC.E TEC. DE RONDONIA",158532,"CAMPUS ZONA NORTE IFECT RO","RO","PORTO VELHO","23243.007976/2018","Pregão","15853205000022018","Não se Aplica","NAO SE APLICA","SISRP","Objeto: Pregão Eletrônico -  Confecção e Fornecimento de Carimbos e Materiais Acessórios, conforme condições, quantidades e exigências estabelecidas neste Edital e seus anexos.",29/5/2018,"Evento de Resultado de Julgamento Publicado","Existe Resultado de Compra","07 Jun 2018","Não Subrogou Compra","158.849,7100"
26000,"MINISTERIO DA EDUCACAO",26421,"INST.FED.DE EDUC.,CIENC.E TEC. DE RONDONIA",158532,"CAMPUS ZONA NORTE IFECT RO","RO","PORTO VELHO","23243003261201861","Pregão","15853205000032018","Não se Aplica","NAO SE APLICA","SISRP","Objeto: Pregão Eletrônico -  CONTRATAÇÃO DE EMPRESA ESPECIALIZADA NA PRESTAÇÃO DE SERVIÇOS DE MANUTENÇÃO PREVENTIVA E CORRETIVA DOS CONDICIONADORES DE AR, INSTALAÇÃO DE AR CONDICIONADO E ELABORAÇÃO DO PMOC - Plano de Manutenção e Controle de Operações dos condicionadores de ar existentes no órgão conforme Portaria 3523 de 28/08/1998 do Ministério da Saúde E MANUTENÇÃO CORRETIVA DE BEBEDOUROS, GELADEIRAS, FRIZERS, CÂMARAS FRIGORÍFICAS",12/6/2018,"Evento de Resultado de Julgamento Publicado","Existe Resultado de Compra","13 Jun 2018","Não Subrogou Compra","47.170,0000"
26000,"MINISTERIO DA EDUCACAO",26421,"INST.FED.DE EDUC.,CIENC.E TEC. DE RONDONIA",158532,"CAMPUS ZONA NORTE IFECT RO","RO","PORTO VELHO","23243.004455/2018","Inexigibilidade de Licitação","15853207000012018","Não se Aplica","CAPUT","SISPP","Objeto: Contratação, por prazo indeterminado, de empresa especializada em serviços de abastecimento de água e/ou esgoto, para atender a demanda do IFRO-Campus Zona Norte",31/12/1899,"Publicado","Existe Resultado de Compra","01 Jan 1900","Não Subrogou Compra","1.485,6000"
26000,"MINISTERIO DA EDUCACAO",26421,"INST.FED.DE EDUC.,CIENC.E TEC. DE RONDONIA",158532,"CAMPUS ZONA NORTE IFECT RO","RO","PORTO VELHO","23243010987201851","Dispensa de Licitação","15853206000012018","Não se Aplica","INCISO II","SISPP","Objeto: Serviços de limpeza de poços semiartesiano e instalação de bomba d'água.",31/12/1899,"Encerrado","Existe Resultado de Compra","01 Jan 1900","Não Subrogou Compra","1.960,0000"
26000,"MINISTERIO DA EDUCACAO",26421,"INST.FED.DE EDUC.,CIENC.E TEC. DE RONDONIA",158532,"CAMPUS ZONA NORTE IFECT RO","RO","PORTO VELHO","23243010983201872","Dispensa de Licitação","15853206000022018","Não se Aplica","INCISO II","SISPP","Objeto: Tem por objeto a aquisição de Bomba D água para poço subterrâneo para atender ao Campus Porto Velho Zona Norte conforme especificações e quantidades estabelecidas neste Termo de Referência.",31/12/1899,"Encerrado","Existe Resultado de Compra","01 Jan 1900","Não Subrogou Compra","2.892,6200"
26000,"MINISTERIO DA EDUCACAO",26421,"INST.FED.DE EDUC.,CIENC.E TEC. DE RONDONIA",158532,"CAMPUS ZONA NORTE IFECT RO","RO","PORTO VELHO","23243010984201817","Dispensa de Licitação","15853206000032018","Não se Aplica","INCISO II","SISPP","Objeto: Serviços de manutenção e reparo do sistema de som do auditório do Campus Porto Velho Zona Norte: correção das caixas de som, interligação e adequação das impedâncias, ajustes de equalização e amplificação, manutenção dos potenciômetros da mesa de som, manutenção do cabeamento, ajustes no sistema de aterramento entre áudio e vídeo.",31/12/1899,"Encerrado","Existe Resultado de Compra","01 Jan 1900","Não Subrogou Compra","500,0000"
26000,"MINISTERIO DA EDUCACAO",26421,"INST.FED.DE EDUC.,CIENC.E TEC. DE RONDONIA",158532,"CAMPUS ZONA NORTE IFECT RO","RO","PORTO VELHO","232430128732018-4","Dispensa de Licitação","15853206000042018","Não se Aplica","INCISO II","SISPP","Objeto: A presente solicitação tem por objeto a aquisição de materiais e contratação de empresa de ornamentação atender a colação de grau das turmas dos cursos de graduação e cursos técnicos concomitantes e subsequentes do IFRO Campus Porto Velho Zona Norte conforme especificações e quantidades estabelecidas neste Termo de Referência.",31/12/1899,"Publicado","Existe Resultado de Compra","01 Jan 1900","Não Subrogou Compra","1.261,0000"
26000,"MINISTERIO DA EDUCACAO",26421,"INST.FED.DE EDUC.,CIENC.E TEC. DE RONDONIA",158532,"CAMPUS ZONA NORTE IFECT RO","RO","PORTO VELHO","23243011204201856","Dispensa de Licitação","15853206000052018","Não se Aplica","INCISO II","SISPP","Objeto: Aquisição medicamentos e materiais hospitalares para formação de Kits de Primeiros Socorros a serem utilizados nos Jogos do Instituto Federal de Rondônia   JIFRO 2018 que acontecerá na cidade de Ariquemes/RO.",31/12/1899,"Encerrado","Existe Resultado de Compra","01 Jan 1900","Não Subrogou Compra","881,9600"
26000,"MINISTERIO DA EDUCACAO",26421,"INST.FED.DE EDUC.,CIENC.E TEC. DE RONDONIA",158532,"CAMPUS ZONA NORTE IFECT RO","RO","PORTO VELHO","23243.019756/2018","Dispensa de Licitação","15853206000062018","Não se Aplica","INCISO II","SISPP","Objeto: Serviço de manutenção de persianas ,material para manutenção e uma persiana completa",31/12/1899,"Encerrado","Existe Resultado de Compra","01 Jan 1900","Não Subrogou Compra","3.305,0000"
26000,"MINISTERIO DA EDUCACAO",26421,"INST.FED.DE EDUC.,CIENC.E TEC. DE RONDONIA",158532,"CAMPUS ZONA NORTE IFECT RO","RO","PORTO VELHO","23243019959201807","Dispensa de Licitação","15853206000072018","Não se Aplica","INCISO II","SISPP","Objeto: Compra de Pia inox para o Campus Porto Velho Zona Norte",31/12/1899,"Encerrado","Existe Resultado de Compra","01 Jan 1900","Não Subrogou Compra","488,0000"
26000,"MINISTERIO DA EDUCACAO",26421,"INST.FED.DE EDUC.,CIENC.E TEC. DE RONDONIA",158532,"CAMPUS ZONA NORTE IFECT RO","RO","PORTO VELHO","23243.019425/2018","Inexigibilidade de Licitação","15853207000022018","Não se Aplica","INCISO II","SISPP","Objeto: Capacitação na XV Semana Orçamentária. Atualizar, aperfeiçoar e gerar conhecimentos relativos aos instrumentos de planejamento, orçamento, administração financeira e compras no âmbito da Administração Pública Federal, por meio de discussão e disseminação dos aspectos mais relevantes aos temas expostos. Propiciar maior capacitação dos servidores e gestores públicos federais envolvidos com as atividades próprias do ciclo de gestão de recursos públicos.",31/12/1899,"Encerrado","Existe Resultado de Compra","01 Jan 1900","Não Subrogou Compra","500,0000"
26000,"MINISTERIO DA EDUCACAO",26421,"INST.FED.DE EDUC.,CIENC.E TEC. DE RONDONIA",158532,"CAMPUS ZONA NORTE IFECT RO","RO","PORTO VELHO","23243019933201851","Dispensa de Licitação","15853206000082018","Não se Aplica","INCISO II","SISPP","Objeto: Materiais de T.I para Melhoria da infraestrutura tecnológica do bloco da sala dos professores",31/12/1899,"Encerrado","Existe Resultado de Compra","01 Jan 1900","Não Subrogou Compra","4.306,0000"
26000,"MINISTERIO DA EDUCACAO",26421,"INST.FED.DE EDUC.,CIENC.E TEC. DE RONDONIA",158532,"CAMPUS ZONA NORTE IFECT RO","RO","PORTO VELHO","23243021216201899","Dispensa de Licitação","15853206000092018","Não se Aplica","INCISO II","SISPP","Objeto: Aquisição direta por Dispensa de Licitação para aquisição de materiais gráficos para o 1º congresso de EAD.",31/12/1899,"Encerrado","Existe Resultado de Compra","01 Jan 1900","Não Subrogou Compra","910,0000"
26000,"MINISTERIO DA EDUCACAO",26421,"INST.FED.DE EDUC.,CIENC.E TEC. DE RONDONIA",158532,"CAMPUS ZONA NORTE IFECT RO","RO","PORTO VELHO","23243020342201826","Inexigibilidade de Licitação","15853207000042018","Não se Aplica","INCISO II","SISPP","Objeto: Contratação de curso de capacitação para atender o (a) servidor (a)",31/12/1899,"Encerrado","Existe Resultado de Compra","01 Jan 1900","Não Subrogou Compra","2.000,0000"
26000,"MINISTERIO DA EDUCACAO",26421,"INST.FED.DE EDUC.,CIENC.E TEC. DE RONDONIA",158532,"CAMPUS ZONA NORTE IFECT RO","RO","PORTO VELHO","23243020342201826","Inexigibilidade de Licitação","15853207000052018","Não se Aplica","INCISO II","SISPP","Objeto: Curso Produção de Conteúdos para EAD",31/12/1899,"Encerrado","Existe Resultado de Compra","01 Jan 1900","Não Subrogou Compra","2.000,0000"
26000,"MINISTERIO DA EDUCACAO",26421,"INST.FED.DE EDUC.,CIENC.E TEC. DE RONDONIA",158532,"CAMPUS ZONA NORTE IFECT RO","RO","PORTO VELHO","23243020356201840","Inexigibilidade de Licitação","15853207000062018","Não se Aplica","INCISO II","SISPP","Objeto: Evento de capacitação Designe Instrucional",31/12/1899,"Encerrado","Existe Resultado de Compra","01 Jan 1900","Não Subrogou Compra","800,0000"
26000,"MINISTERIO DA EDUCACAO",26421,"INST.FED.DE EDUC.,CIENC.E TEC. DE RONDONIA",158532,"CAMPUS ZONA NORTE IFECT RO","RO","PORTO VELHO","2324302035920183","Inexigibilidade de Licitação","15853207000072018","Não se Aplica","INCISO II","SISPP","Objeto: Capacitação em curso Elaboração de Trabalho Científico",31/12/1899,"Encerrado","Existe Resultado de Compra","01 Jan 1900","Não Subrogou Compra","651,4800"
26000,"MINISTERIO DA EDUCACAO",26421,"INST.FED.DE EDUC.,CIENC.E TEC. DE RONDONIA",158532,"CAMPUS ZONA NORTE IFECT RO","RO","PORTO VELHO","23243021979201830","Inexigibilidade de Licitação","15853207000092018","Não se Aplica","INCISO II","SISPP","Objeto: XV SEMANA DE ADMINISTRAÇÃO ORÇAMENTÁRIA - BRASILIA II, no período de 27/11/2018 a 30/11/2018",31/12/1899,"Encerrado","Existe Resultado de Compra","01 Jan 1900","Não Subrogou Compra","500,0000"
26000,"MINISTERIO DA EDUCACAO",26421,"INST.FED.DE EDUC.,CIENC.E TEC. DE RONDONIA",158532,"CAMPUS ZONA NORTE IFECT RO","RO","PORTO VELHO","23243023088201818","Dispensa de Licitação","15853206000102018","Não se Aplica","INCISO II","SISPP","Objeto: Manutenção corretiva e preventiva do Grupo Gerador para atender ao Campus Porto Velho Zona Norte conforme especificações e quantidades estabelecidas neste Termo de Referência.",31/12/1899,"Encerrado","Existe Resultado de Compra","01 Jan 1900","Não Subrogou Compra","2.145,0000"
26000,"MINISTERIO DA EDUCACAO",26421,"INST.FED.DE EDUC.,CIENC.E TEC. DE RONDONIA",158532,"CAMPUS ZONA NORTE IFECT RO","RO","PORTO VELHO","23243023385201863","Dispensa de Licitação","15853206000112018","Não se Aplica","INCISO II","SISPP","Objeto: A presente solicitação tem por objeto a aquisição de materiais e contratação de empresa de ornamentação atender a colação de grau nível Superior  e Certificação dos cursos Técnicos do Campus Porto Velho Zona Norte conforme especificações e quantidades estabelecidas neste Termo de Referência.",31/12/1899,"Encerrado","Existe Resultado de Compra","01 Jan 1900","Não Subrogou Compra","1.405,0000"
26000,"MINISTERIO DA EDUCACAO",26421,"INST.FED.DE EDUC.,CIENC.E TEC. DE RONDONIA",158532,"CAMPUS ZONA NORTE IFECT RO","RO","PORTO VELHO","23243.023385/2018","Dispensa de Licitação","15853206000122018","Não se Aplica","INCISO II","SISPP","Objeto: A presente solicitação tem por objeto a aquisição de materiais e contratação de empresa de ornamentação atender a colação de grau nível Superior  e Certificação dos cursos Técnicos do Campus Porto Velho Zona Norte conforme especificações e quantidades estabelecidas neste Termo de Referência.",31/12/1899,"Encerrado","Existe Resultado de Compra","01 Jan 1900","Não Subrogou Compra","1.405,0000"
26000,"MINISTERIO DA EDUCACAO",26421,"INST.FED.DE EDUC.,CIENC.E TEC. DE RONDONIA",158532,"CAMPUS ZONA NORTE IFECT RO","RO","PORTO VELHO","232430246302018","Dispensa de Licitação","15853206000132018","Não se Aplica","INCISO II","SISPP","Objeto: A presente solicitação tem por objeto a compra de Materiais de T.I para Melhoria da infraestrutura tecnológica do bloco da sala dos professores",31/12/1899,"Encerrado","Existe Resultado de Compra","01 Jan 1900","Não Subrogou Compra","4.306,0000"
26000,"MINISTERIO DA EDUCACAO",26421,"INST.FED.DE EDUC.,CIENC.E TEC. DE RONDONIA",158532,"CAMPUS ZONA NORTE IFECT RO","RO","PORTO VELHO","23243019817201831","Inexigibilidade de Licitação","15853207000102018","Não se Aplica","INCISO II","SISPP","Objeto: Contratação de empresa especializada no fornecimento de inscrição ISBN para cadernos produzidos pelo IFRO, para atender a demanda do IFRO-Campus Porto Velho Zona Norte",31/12/1899,"Encerrado","Existe Resultado de Compra","01 Jan 1900","Não Subrogou Compra","140,0000"
26000,"MINISTERIO DA EDUCACAO",26421,"INST.FED.DE EDUC.,CIENC.E TEC. DE RONDONIA",158533,"CAMPUS CACOAL IFECT RO","RO","CACOAL","017753/2017-53","Pregão","15853305000022018","Não se Aplica","NAO SE APLICA","SISPP","Objeto: Pregão Eletrônico -  Concessão onerosa de uso de bem público para exploração de serviços de cantina escolar.",22/2/2018,"Evento de Resultado de Julgamento Publicado","Existe Resultado de Compra","22 Fev 2018","Não Subrogou Compra","155,5900"
26000,"MINISTERIO DA EDUCACAO",26421,"INST.FED.DE EDUC.,CIENC.E TEC. DE RONDONIA",158533,"CAMPUS CACOAL IFECT RO","RO","CACOAL","010855/2017-48","Pregão","15853305000092017","Não se Aplica","NAO SE APLICA","SISRP","Objeto: Pregão Eletrônico -  Aquisição de Medicamentos e Instrumentos Veterinários",16/10/2017,"Publicado","Existe Resultado de Compra","29 Nov 2017","Não Subrogou Compra","77.500,4500"
26000,"MINISTERIO DA EDUCACAO",26421,"INST.FED.DE EDUC.,CIENC.E TEC. DE RONDONIA",158533,"CAMPUS CACOAL IFECT RO","RO","CACOAL","016333/2017-50","Pregão","15853305000012018","Não se Aplica","NAO SE APLICA","SISRP","Objeto: Pregão Eletrônico -  Aquisição de Aparelhos Condicionadores de Ar e outros",22/2/2018,"Evento de Suspensão Publicado","Existe Resultado de Compra","03 Abr 2018","Não Subrogou Compra","888.697,3500"
26000,"MINISTERIO DA EDUCACAO",26421,"INST.FED.DE EDUC.,CIENC.E TEC. DE RONDONIA",158533,"CAMPUS CACOAL IFECT RO","RO","CACOAL","001177/2018-11","Pregão","15853305000032018","Não se Aplica","NAO SE APLICA","SISRP","Objeto: Pregão Eletrônico -  Materiais e equipamentos de construção ou de uso agropecuário e outros",15/3/2018,"Publicado","Existe Resultado de Compra","04 Mai 2018","Não Subrogou Compra","614.064,8300"
26000,"MINISTERIO DA EDUCACAO",26421,"INST.FED.DE EDUC.,CIENC.E TEC. DE RONDONIA",158533,"CAMPUS CACOAL IFECT RO","RO","CACOAL","00008/2018-56","Pregão","15853305000042018","Não se Aplica","NAO SE APLICA","SISRP","Objeto: Pregão Eletrônico -  Aquisições de Instrumentos e Medicamentos Veterinários",5/4/2018,"Publicado","Existe Resultado de Compra","16 Abr 2018","Não Subrogou Compra","17.509,0300"
26000,"MINISTERIO DA EDUCACAO",26421,"INST.FED.DE EDUC.,CIENC.E TEC. DE RONDONIA",158533,"CAMPUS CACOAL IFECT RO","RO","CACOAL","005015/2018-44","Pregão","15853305000052018","Não se Aplica","NAO SE APLICA","SISRP","Objeto: Pregão Eletrônico -  Aquisição de madeiras de uso agropecuário e outros.",3/5/2018,"Publicado","Existe Resultado de Compra","04 Mai 2018","Não Subrogou Compra","3.907,9500"
26000,"MINISTERIO DA EDUCACAO",26421,"INST.FED.DE EDUC.,CIENC.E TEC. DE RONDONIA",158533,"CAMPUS CACOAL IFECT RO","RO","CACOAL","005155/2018-12","Pregão","15853305000062018","Não se Aplica","NAO SE APLICA","SISRP","Objeto: Pregão Eletrônico -  Conjuntos Moto Bombas Elétricas e outros",16/5/2018,"Publicado","Existe Resultado de Compra","22 Mai 2018","Não Subrogou Compra","13.084,4700"
26000,"MINISTERIO DA EDUCACAO",26421,"INST.FED.DE EDUC.,CIENC.E TEC. DE RONDONIA",158533,"CAMPUS CACOAL IFECT RO","RO","CACOAL","008192/2018-82","Pregão","15853305000072018","Não se Aplica","NAO SE APLICA","SISRP","Objeto: Pregão Eletrônico -  Aquisição de materiais para eventos e artes.",26/7/2018,"Publicado","Existe Resultado de Compra","03 Ago 2018","Não Subrogou Compra","73.470,1000"
26000,"MINISTERIO DA EDUCACAO",26421,"INST.FED.DE EDUC.,CIENC.E TEC. DE RONDONIA",158533,"CAMPUS CACOAL IFECT RO","RO","CACOAL","013518/2018-93","Pregão","15853305000082018","Não se Aplica","NAO SE APLICA","SISRP","Objeto: Pregão Eletrônico -  Aquisição de filtros e elementos filtrantes.",7/8/2018,"Publicado","Existe Resultado de Compra","28 Ago 2018","Não Subrogou Compra","98.508,4000"
26000,"MINISTERIO DA EDUCACAO",26421,"INST.FED.DE EDUC.,CIENC.E TEC. DE RONDONIA",158533,"CAMPUS CACOAL IFECT RO","RO","CACOAL","015218/2018-49","Pregão","15853305000092018","Não se Aplica","NAO SE APLICA","SISRP","Objeto: Pregão Eletrônico -  Aquisição de janelas de vidro e de gás (GLP) e água mineral.",15/8/2018,"Publicado","Existe Resultado de Compra","16 Ago 2018","Não Subrogou Compra","65.453,8000"
26000,"MINISTERIO DA EDUCACAO",26421,"INST.FED.DE EDUC.,CIENC.E TEC. DE RONDONIA",158533,"CAMPUS CACOAL IFECT RO","RO","CACOAL","015718/2018-81","Pregão","15853305000102018","Não se Aplica","NAO SE APLICA","SISRP","Objeto: Pregão Eletrônico -  Aquisição de Materiais para Eventos e Artes II",22/8/2018,"Publicado","Existe Resultado de Compra","28 Ago 2018","Não Subrogou Compra","211.847,7300"
26000,"MINISTERIO DA EDUCACAO",26421,"INST.FED.DE EDUC.,CIENC.E TEC. DE RONDONIA",158533,"CAMPUS CACOAL IFECT RO","RO","CACOAL","017878/2018-64","Pregão","15853305000122018","Não se Aplica","NAO SE APLICA","SISRP","Objeto: Pregão Eletrônico -  Aquisição de Filtros e Elementos Filtrantes II",19/9/2018,"Publicado","Existe Resultado de Compra","24 Set 2018","Não Subrogou Compra","269.465,6300"
26000,"MINISTERIO DA EDUCACAO",26421,"INST.FED.DE EDUC.,CIENC.E TEC. DE RONDONIA",158533,"CAMPUS CACOAL IFECT RO","RO","CACOAL","014704/2018-40","Pregão","15853305000112018","Não se Aplica","NAO SE APLICA","SISRP","Objeto: Pregão Eletrônico -  Aquisição de medicamentos e instrumentos veterinários.",24/9/2018,"Publicado","Existe Resultado de Compra","11 Out 2018","Não Subrogou Compra","31.640,9900"
26000,"MINISTERIO DA EDUCACAO",26421,"INST.FED.DE EDUC.,CIENC.E TEC. DE RONDONIA",158533,"CAMPUS CACOAL IFECT RO","RO","CACOAL","020941/2018-40","Pregão","15853305000142018","Não se Aplica","NAO SE APLICA","SISRP","Objeto: Pregão Eletrônico -  Aquisição de equipamentos e materiais para laboratório de solos",9/11/2018,"Publicado","Existe Resultado de Compra","27 Nov 2018","Não Subrogou Compra","495.423,7100"
26000,"MINISTERIO DA EDUCACAO",26421,"INST.FED.DE EDUC.,CIENC.E TEC. DE RONDONIA",158533,"CAMPUS CACOAL IFECT RO","RO","CACOAL","003328/2018-68","Dispensa de Licitação","15853306000012018","Não se Aplica","INCISO II","SISPP","Objeto: Assinatura para utilização do programa Urânia  Faixa D entre 17 a 24 turmas por turno",31/12/1899,"Anulação","Existe Resultado de Compra","01 Jan 1900","Não Subrogou Compra","947,0000"
26000,"MINISTERIO DA EDUCACAO",26421,"INST.FED.DE EDUC.,CIENC.E TEC. DE RONDONIA",158533,"CAMPUS CACOAL IFECT RO","RO","CACOAL","003328/2018-68","Dispensa de Licitação","15853306000022018","Não se Aplica","INCISO II","SISPP","Objeto: Assinatura para utilização do programa Urânia  Faixa D entre 17 a 24 turmas por turno",31/12/1899,"Encerrado","Existe Resultado de Compra","01 Jan 1900","Não Subrogou Compra","947,0000"
26000,"MINISTERIO DA EDUCACAO",26421,"INST.FED.DE EDUC.,CIENC.E TEC. DE RONDONIA",158533,"CAMPUS CACOAL IFECT RO","RO","CACOAL","23243.001066/2018","Dispensa de Licitação","15853306000032018","Não se Aplica","INCISO XXII","SISPP","Objeto: Contratação por dispensa de licitação de pessoa jurídica para fornecimento de energia elétrica nas instalações do IFRO - Campus Cacoal.",31/12/1899,"Publicado","Existe Resultado de Compra","01 Jan 1900","Não Subrogou Compra","300.000,0000"
26000,"MINISTERIO DA EDUCACAO",26421,"INST.FED.DE EDUC.,CIENC.E TEC. DE RONDONIA",158533,"CAMPUS CACOAL IFECT RO","RO","CACOAL","23243014351201888","Dispensa de Licitação","15853306000042018","Não se Aplica","INCISO II","SISPP","Objeto: Taxa de inscrição do Servidor Dierlei dos Santos no evento PAPAYA BRASIL 2018.",31/12/1899,"Encerrado","Existe Resultado de Compra","01 Jan 1900","Não Subrogou Compra","400,0000"
26000,"MINISTERIO DA EDUCACAO",26421,"INST.FED.DE EDUC.,CIENC.E TEC. DE RONDONIA",158533,"CAMPUS CACOAL IFECT RO","RO","CACOAL","23243018138201845","Inexigibilidade de Licitação","15853307000012018","Não se Aplica","INCISO II","SISPP","Objeto: Curso de capacitação ""A COMUNICAÇÃO ESCRITA OFICIAL"" para o Servidor Diego Matias Pinheiro.",31/12/1899,"Encerrado","Existe Resultado de Compra","01 Jan 1900","Não Subrogou Compra","2.352,0000"
26000,"MINISTERIO DA EDUCACAO",26421,"INST.FED.DE EDUC.,CIENC.E TEC. DE RONDONIA",158533,"CAMPUS CACOAL IFECT RO","RO","CACOAL","23243021733201868","Dispensa de Licitação","15853306000052018","Não se Aplica","INCISO IV","SISPP","Objeto: Central PABX Digital Hibrida, Modelo Parede Impacta 220/PN:4320007, contendo: 02 placas de ramal (Placa 16 RA Champ Impacta 220/PN 4400074, totalizando no mínimo 32 ramais ),  01 Placa de Tronco analógico (Placa Tronco NKMc 22000 8 TR Impacta 220/PN:4990002, suportando no minimo 08 linhas telefônicas. Instalada e configurada em local a ser definido pela administração.",31/12/1899,"Encerrado","Existe Resultado de Compra","01 Jan 1900","Não Subrogou Compra","11.986,3000"
26000,"MINISTERIO DA EDUCACAO",26421,"INST.FED.DE EDUC.,CIENC.E TEC. DE RONDONIA",158533,"CAMPUS CACOAL IFECT RO","RO","CACOAL"," 232430210852018","Dispensa de Licitação","15853306000072018","Não se Aplica","INCISO II","SISPP","Objeto: Aquisição de Milho e Farelo de Soja.",31/12/1899,"Encerrado","Existe Resultado de Compra","01 Jan 1900","Não Subrogou Compra","3.850,0000"
26000,"MINISTERIO DA EDUCACAO",26421,"INST.FED.DE EDUC.,CIENC.E TEC. DE RONDONIA",158533,"CAMPUS CACOAL IFECT RO","RO","CACOAL","021168/2018-39","Dispensa de Licitação","15853306000092018","Não se Aplica","INCISO XXX","SISPP","Objeto: Aquisição de gêneros alimentícios da Agricultura Familiar e do Empreendedor Familiar Rural, para o atendimento ao Programa Nacional de Alimentação Escolar - PNAE",31/12/1899,"Encerrado","Existe Resultado de Compra","01 Jan 1900","Não Subrogou Compra","44.680,1600"
26000,"MINISTERIO DA EDUCACAO",26421,"INST.FED.DE EDUC.,CIENC.E TEC. DE RONDONIA",158635,"INST FED EDUC CIE E TEC RONDONIA C GUAJARÁ MI","RO","GUAJARA-MIRIM","23243002090201853","Pregão","15863505000032018","Não se Aplica","NAO SE APLICA","SISPP","Objeto: Pregão Eletrônico -  Concessão onerosa de uso de espaço físico para exploração de Serviços de Cantina Escolar, nas dependências do Instituto Federal de Educação, Ciência e Tecnologia de Rondônia   Campus Guajará- Mirim.",4/4/2018,"Publicado","Existe Resultado de Compra","11 Abr 2018","Não Subrogou Compra","304,0700"
26000,"MINISTERIO DA EDUCACAO",26421,"INST.FED.DE EDUC.,CIENC.E TEC. DE RONDONIA",158635,"INST FED EDUC CIE E TEC RONDONIA C GUAJARÁ MI","RO","GUAJARA-MIRIM","23243003722201804","Pregão","15863505000042018","Não se Aplica","NAO SE APLICA","SISRP","Objeto: Pregão Eletrônico -  Pincel para quadro branco e refil, tinta para pincel e cartão pvc",6/4/2018,"Publicado","Existe Resultado de Compra","16 Abr 2018","Não Subrogou Compra","129.469,0700"
26000,"MINISTERIO DA EDUCACAO",26421,"INST.FED.DE EDUC.,CIENC.E TEC. DE RONDONIA",158635,"INST FED EDUC CIE E TEC RONDONIA C GUAJARÁ MI","RO","GUAJARA-MIRIM","23243003858201814","Pregão","15863505000062018","Não se Aplica","NAO SE APLICA","SISRP","Objeto: Pregão Eletrônico -  Materiais Permanentes e de Consumo Diversos",18/4/2018,"Publicado","Existe Resultado de Compra","30 Mai 2018","Não Subrogou Compra","354.869,7600"
26000,"MINISTERIO DA EDUCACAO",26421,"INST.FED.DE EDUC.,CIENC.E TEC. DE RONDONIA",158635,"INST FED EDUC CIE E TEC RONDONIA C GUAJARÁ MI","RO","GUAJARA-MIRIM","23243.002628/2018","Pregão","15863505000082018","Não se Aplica","NAO SE APLICA","SISRP","Objeto: Pregão Eletrônico -  Contratação de serviços de assistência e apoio à pessoa com deficiência, para fornecimento de mão-de-obra para execução das atividades de Cuidador, para atender às necessidades do Campus Guajará-Mirim do Instituto Federal de Educação, Ciência e Tecnologia de Rondônia, conforme condições, quantidades e exigências estabelecidas neste Edital e seus anexos.",5/6/2018,"Publicado","Existe Resultado de Compra","07 Jun 2018","Não Subrogou Compra","125.280,0000"
26000,"MINISTERIO DA EDUCACAO",26421,"INST.FED.DE EDUC.,CIENC.E TEC. DE RONDONIA",158635,"INST FED EDUC CIE E TEC RONDONIA C GUAJARÁ MI","RO","GUAJARA-MIRIM","23243011202201867","Pregão","15863505000092018","Não se Aplica","NAO SE APLICA","SISRP","Objeto: Pregão Eletrônico -  Aquisição de Materiais Diversos para atender as necessidades IFRO-Campus Guajará-Mirim e demais campi.",21/6/2018,"Publicado","Existe Resultado de Compra","21 Jun 2018","Não Subrogou Compra","93.116,4400"
26000,"MINISTERIO DA EDUCACAO",26421,"INST.FED.DE EDUC.,CIENC.E TEC. DE RONDONIA",158635,"INST FED EDUC CIE E TEC RONDONIA C GUAJARÁ MI","RO","GUAJARA-MIRIM","23243018516201718","Pregão","15863505000112018","Não se Aplica","NAO SE APLICA","SISRP","Objeto: Pregão Eletrônico -  Aquisição de Materiais Elétricos para atender as demandas do IFRO campus Guajará-Mirim e demais unidades.",3/9/2018,"Publicado","Existe Resultado de Compra","01 Out 2018","Não Subrogou Compra","2.762.216,4367"
26000,"MINISTERIO DA EDUCACAO",26421,"INST.FED.DE EDUC.,CIENC.E TEC. DE RONDONIA",158635,"INST FED EDUC CIE E TEC RONDONIA C GUAJARÁ MI","RO","GUAJARA-MIRIM","23243023040201818","Pregão","15863505000122018","Não se Aplica","NAO SE APLICA","SISRP","Objeto: Pregão Eletrônico -  AQUISIÇÃO DE MATERIAIS LABORATÓRIO, com fins de atendimento às necessidades do Instituto Federal de Rondônia, campus Guajará-Mirim/RO.",10/12/2018,"Publicado","Existe Resultado de Compra","18 Dez 2018","Não Subrogou Compra","453.589,2910"
26000,"MINISTERIO DA EDUCACAO",26421,"INST.FED.DE EDUC.,CIENC.E TEC. DE RONDONIA",158635,"INST FED EDUC CIE E TEC RONDONIA C GUAJARÁ MI","RO","GUAJARA-MIRIM","23243001579201816","Dispensa de Licitação","15863506000012018","Não se Aplica","INCISO II","SISPP","Objeto: Contratação dos serviços de Cuidador para atendimento a aluno matriculado  no curso Técnico em Manutenção e Suporte em Informática concomitante ao Ensino Médio. Com base nas normas vigentes em nosso país, sendo elas, a lei 10.098/2000 e Resolução CNE n. 02/2001.",31/12/1899,"Encerrado","Existe Resultado de Compra","01 Jan 1900","Não Subrogou Compra","2.811,0000"
26000,"MINISTERIO DA EDUCACAO",26421,"INST.FED.DE EDUC.,CIENC.E TEC. DE RONDONIA",158635,"INST FED EDUC CIE E TEC RONDONIA C GUAJARÁ MI","RO","GUAJARA-MIRIM","23243003255201812","Inexigibilidade de Licitação","15863507000012018","Não se Aplica","INCISO II","SISPP","Objeto: Contratação dos serviços de pesquisa em sistema Banco de Preços   ferramenta de pesquisas e comparação de preços praticados pela administração pública em licitações, diariamente atualizados, com sistematização por regiões, Estados e Municípios.",31/12/1899,"Encerrado","Existe Resultado de Compra","01 Jan 1900","Não Subrogou Compra","7.990,0000"
26000,"MINISTERIO DA EDUCACAO",26421,"INST.FED.DE EDUC.,CIENC.E TEC. DE RONDONIA",158635,"INST FED EDUC CIE E TEC RONDONIA C GUAJARÁ MI","RO","GUAJARA-MIRIM","23243002827201838","Dispensa de Licitação","15863506000032018","Não se Aplica","INCISO II","SISPP","Objeto: Aquisição de material para atendimento em saúde, tendo em vista atender os alunos do IFRO-Campus Guajará-Mirim, além dos alunos com necessidades especial, como também para atender, em caráter de urgência, aos alunos que irão participar dos jogos Internos do Instituto Federal de Rondônia (JIFRO 2018).",31/12/1899,"Encerrado","Existe Resultado de Compra","01 Jan 1900","Não Subrogou Compra","941,5000"
26000,"MINISTERIO DA EDUCACAO",26421,"INST.FED.DE EDUC.,CIENC.E TEC. DE RONDONIA",158635,"INST FED EDUC CIE E TEC RONDONIA C GUAJARÁ MI","RO","GUAJARA-MIRIM","23243014110201839","Inexigibilidade de Licitação","15863507000022018","Não se Aplica","INCISO II","SISPP","Objeto: Curso Especialização em Gestão e Fiscalização de Contratos, Conta Vinculada e Encerramento dos Contratos, para atender às necessidades do Instituto Federal de Rondônia   Campus Guajará-Mirim.",31/12/1899,"Encerrado","Existe Resultado de Compra","01 Jan 1900","Não Subrogou Compra","3.190,0000"
26000,"MINISTERIO DA EDUCACAO",26421,"INST.FED.DE EDUC.,CIENC.E TEC. DE RONDONIA",158635,"INST FED EDUC CIE E TEC RONDONIA C GUAJARÁ MI","RO","GUAJARA-MIRIM","23243014709201872","Inexigibilidade de Licitação","15863507000032018","Não se Aplica","INCISO II","SISPP","Objeto: Curso de capacitação e especialização em biotecnologia industrial, mais especificamente à Bioenergia, em evento a ser realizado no XXII CONGRESSO BRASILEIRO DE ENGENHARIA QUÍMICA - COBEQ.",31/12/1899,"Encerrado","Existe Resultado de Compra","01 Jan 1900","Não Subrogou Compra","990,0000"
26000,"MINISTERIO DA EDUCACAO",26421,"INST.FED.DE EDUC.,CIENC.E TEC. DE RONDONIA",158635,"INST FED EDUC CIE E TEC RONDONIA C GUAJARÁ MI","RO","GUAJARA-MIRIM","23243.017044/2018","Dispensa de Licitação","15863506000042018","Não se Aplica","INCISO II","SISPP","Objeto: Papel Braille em Formulário Contínuo especialmente fabricado para impressoras Braille - Tamanho da folha: 240 x 280 mm - Gramatura: 120 g - Quantidade: caixa com 1500 folhas.",31/12/1899,"Encerrado","Existe Resultado de Compra","01 Jan 1900","Não Subrogou Compra","1.350,0000"
26000,"MINISTERIO DA EDUCACAO",26421,"INST.FED.DE EDUC.,CIENC.E TEC. DE RONDONIA",158635,"INST FED EDUC CIE E TEC RONDONIA C GUAJARÁ MI","RO","GUAJARA-MIRIM","23243.015918/2018","Inexigibilidade de Licitação","15863507000042018","Não se Aplica","INCISO II","SISPP","Objeto: Curso de Gestão Integrada de Almoxarifado e Patrimônio Público, no qual será abordado os temas nova contabilidade pública, Aquisição de material, Controle do imobilizado pela metodologia de rádio frequência - RFID e tipos de inventário.",31/12/1899,"Encerrado","Existe Resultado de Compra","01 Jan 1900","Não Subrogou Compra","3.190,0000"
26000,"MINISTERIO DA EDUCACAO",26421,"INST.FED.DE EDUC.,CIENC.E TEC. DE RONDONIA",158635,"INST FED EDUC CIE E TEC RONDONIA C GUAJARÁ MI","RO","GUAJARA-MIRIM","23243021115201818","Dispensa de Licitação","15863506000052018","Não se Aplica","INCISO II","SISPP","Objeto: Fornecimento e instalação placa de gesso acartonado (DRYWALL), para forro, espessura 1 cm, incluindo estrutura metálica, na cor branco gelo fosco, com aplicação de fita adesiva telada na junção entre as placas, emassamento de forma a produzir acabamento perfeito.",31/12/1899,"Encerrado","Existe Resultado de Compra","01 Jan 1900","Não Subrogou Compra","17.460,0000"
26000,"MINISTERIO DA EDUCACAO",26421,"INST.FED.DE EDUC.,CIENC.E TEC. DE RONDONIA",158635,"INST FED EDUC CIE E TEC RONDONIA C GUAJARÁ MI","RO","GUAJARA-MIRIM","23243023892201805","Inexigibilidade de Licitação","15863507000052018","Não se Aplica","INCISO II","SISPP","Objeto: Contratação de empresa especializada no fornecimento de programas (software) para confecção de horários escolares- (Assinatura para utilização do programa Urânia  Faixa D entre 9 a 16 turmas por turno) - para atender a demanda do IFRO-Campus Guajará-Mirim.",31/12/1899,"Encerrado","Existe Resultado de Compra","01 Jan 1900","Não Subrogou Compra","825,0000"
26000,"MINISTERIO DA EDUCACAO",26421,"INST.FED.DE EDUC.,CIENC.E TEC. DE RONDONIA",158636,"INSTITUTO FEDERAL DE RONDONIA - CAMPUS JARU","RO","JARU","23243022056201803","Dispensa de Licitação","15863606000012018","Não se Aplica","INCISO II","SISPP","Objeto: Contratação de empresa especializada em serviços de transporte rodoviário de mobílias, bagagens e volumes em geral, para atender a demanda do IFRO-Campus Jaru",31/12/1899,"Encerrado","Existe Resultado de Compra","01 Jan 1900","Não Subrogou Compra","2.400,0000"
26000,"MINISTERIO DA EDUCACAO",26421,"INST.FED.DE EDUC.,CIENC.E TEC. DE RONDONIA",158636,"INSTITUTO FEDERAL DE RONDONIA - CAMPUS JARU","RO","JARU","23243.024728/2018","Dispensa de Licitação","15863606000022018","Não se Aplica","INCISO I","SISPP","Objeto: Elaboração de projeto de prevenção e combate a incêndio e pânico e respectivos memorial descritivo/especificação técnica e orçamento, para as edificações e área externa do IFRO Campus Jaru.",31/12/1899,"Encerrado","Existe Resultado de Compra","01 Jan 1900","Não Subrogou Compra","13.340,0000"
